CASE_ID,ACCIDENT_YEAR,PROC_DATE,JURIS,COLLISION_DATE,COLLISION_TIME,OFFICER_ID,REPORTING_DISTRICT,DAY_OF_WEEK,CHP_SHIFT,POPULATION,CNTY_CITY_LOC,SPECIAL_COND,BEAT_TYPE,CHP_BEAT_TYPE,CITY_DIVISION_LAPD,CHP_BEAT_CLASS,BEAT_NUMBER,PRIMARY_RD,SECONDARY_RD,DISTANCE,DIRECTION,INTERSECTION,WEATHER_1,WEATHER_2,STATE_HWY_IND,CALTRANS_COUNTY,CALTRANS_DISTRICT,STATE_ROUTE,ROUTE_SUFFIX,POSTMILE_PREFIX,POSTMILE,LOCATION_TYPE,RAMP_INTERSECTION,SIDE_OF_HWY,TOW_AWAY,COLLISION_SEVERITY,NUMBER_KILLED,NUMBER_INJURED,PARTY_COUNT,PRIMARY_COLL_FACTOR,PCF_CODE_OF_VIOL,PCF_VIOL_CATEGORY,PCF_VIOLATION,PCF_VIOL_SUBSECTION,HIT_AND_RUN,TYPE_OF_COLLISION,MVIW,PED_ACTION,ROAD_SURFACE,ROAD_COND_1,ROAD_COND_2,LIGHTING,CONTROL_DEVICE,CHP_ROAD_TYPE,PEDESTRIAN_ACCIDENT,BICYCLE_ACCIDENT,MOTORCYCLE_ACCIDENT,TRUCK_ACCIDENT,NOT_PRIVATE_PROPERTY,ALCOHOL_INVOLVED,STWD_VEHTYPE_AT_FAULT,CHP_VEHTYPE_AT_FAULT,COUNT_SEVERE_INJ,COUNT_VISIBLE_INJ,COUNT_COMPLAINT_PAIN,COUNT_PED_KILLED,COUNT_PED_INJURED,COUNT_BICYCLIST_KILLED,COUNT_BICYCLIST_INJURED,COUNT_MC_KILLED,COUNT_MC_INJURED,PRIMARY_RAMP,SECONDARY_RAMP,LATITUDE,LONGITUDE,COUNTY,CITY,POINT_X,POINT_Y
91430136,2021,2021-03-18,9241,2021-03-15,1925,016360,,1,2,9,0400,0,2,4,,2,085,"DAYTON RD.","WILSON LANDING RD",195.00,S,N,A,-,N,,,,,,,,,,Y,4,0,1,1,A,-,08,22107,,N,F,A,A,A,H,-,D,D,0,,,,,Y,,A,01,0,0,1,0,0,0,0,0,0,"- ","- ",39.674339294433594,-121.85980224609375,BUTTE,UNINCORPORATED,,
91455858,2021,2021-04-22,9240,2021-04-09,2126,020587,,5,2,9,0400,0,3,5,,2,010,"LONE TREE RD","COX LN",1628.00,N,N,A,-,N,,,,,,,,,,Y,3,0,2,2,A,-,08,22107,,F,E,I,A,A,H,-,D,D,0,,,,,Y,,-,99,0,1,1,0,0,0,0,0,0,"- ","- ",39.391029357910156,-121.57633972167969,BUTTE,UNINCORPORATED,-121.57655334472656,39.390979766845703
91577825,2021,2021-09-23,9240,2021-09-13,0820,015532,,1,1,9,0400,0,3,5,,2,020,"LARKIN RD","OBRIEN AVE",270.00,S,N,A,-,N,,,,,,,,,,Y,2,0,1,1,A,-,05,21650,,N,F,A,A,A,H,-,A,D,0,,,,,Y,,D,22,1,0,0,0,0,0,0,0,0,"- ","- ",39.346931457519531,-121.66000366210938,BUTTE,UNINCORPORATED,-121.65995025634766,39.346488952636719
91564625,2021,2021-09-07,9241,2021-09-04,0220,020686,,6,3,9,0400,0,3,5,,2,006,"NORD HWY","CARMEN LN.",645.00,E,N,A,-,N,,,,,,,,,,Y,3,0,1,1,A,-,01,23152,A,M,F,A,A,A,H,-,D,D,0,,,,,Y,Y,A,01,0,1,0,0,0,0,0,0,0,"- ","- ",39.775230407714844,-121.945068359375,BUTTE,UNINCORPORATED,-121.94502258300781,39.775238037109375
91567757,2021,2021-09-10,9241,2021-09-03,1430,018879,,5,2,9,0400,0,1,3,,2,080,SR-32,"MUIR AVE",528.00,E,N,A,-,Y,,,32,,,,,,,N,3,0,2,3,A,-,05,21651,A,N,A,C,A,A,H,-,A,D,0,,,,,Y,,A,07,0,1,1,0,0,0,0,0,0,"- ","- ",39.749980926513672,-121.90186309814453,BUTTE,UNINCORPORATED,-121.90186309814453,39.749977111816406
9389693,2021,2022-01-18,0402,2021-12-20,1820,69,,1,5,5,0402,0,0,0,,0,006,ESPLANADE,"E 7TH AV",0.00,,Y,A,-,N,,,,,,,,,,Y,4,0,2,2,A,-,12,21453,A,N,D,C,A,A,H,-,C,A,0,,,,,Y,,A,07,0,0,2,0,0,0,0,0,0,"- ","- ",,,BUTTE,CHICO,-121.85008239746094,39.744216918945312
91393870,2021,2021-01-25,9241,2021-01-20,1505,016360,,3,2,9,0400,0,2,4,,2,097,"CENTERVILLE RD.","CHINA CAMP RD",330.00,S,N,A,-,N,,,,,,,,,,Y,3,0,2,2,A,-,03,22350,,N,C,C,A,A,H,-,A,D,0,,,,,Y,,A,01,0,1,1,0,0,0,0,0,0,"- ","- ",39.759010314941406,-121.67797088623047,BUTTE,UNINCORPORATED,-121.67792510986328,39.759014129638672
91543806,2021,2021-08-12,9240,2021-08-02,1232,017532,,1,1,9,0400,0,1,3,,2,041,SR-162,"TYME WAY",220.00,W,N,A,-,Y,,,162,,,,,,,Y,3,0,2,1,A,-,08,22107,,N,E,I,A,A,H,-,A,D,0,,,,,Y,,D,22,0,2,0,0,0,0,0,0,0,"- ","- ",39.50482177734375,-121.50340270996094,BUTTE,UNINCORPORATED,-121.50345611572266,39.504749298095703
91525610,2021,2021-07-21,9240,2021-07-18,0340,019842,,7,3,9,0400,0,3,5,,2,040,"ORO QUINCY HWY",SR-162,714.00,N,N,A,-,N,,,,,,,,,,Y,3,0,1,1,A,-,01,23152,A,N,E,I,A,A,H,-,D,D,0,,,,,Y,Y,A,07,0,1,0,0,0,0,0,0,0,"- ","- ",39.5059814453125,-121.50112915039062,BUTTE,UNINCORPORATED,-121.45964050292969,39.503662109375
9217162,2021,2021-03-15,0402,2021-01-15,0137,58,82,5,5,5,0402,0,0,0,,0,001,"WEST 1ST AV","ARCADIAN AV",0.00,,Y,A,-,N,,,,,,,,,,N,3,0,1,2,A,-,03,22350,A,F,C,G,A,A,H,-,C,D,0,,Y,,,Y,,-,,0,1,0,0,0,0,1,0,0,"- ","- ",39.736400604248047,-121.8489990234375,BUTTE,CHICO,-121.84883117675781,39.736438751220703
91540671,2021,2021-08-09,9240,2021-07-09,0937,020587,,5,1,9,0400,0,1,S,,2,700,"STATE HIGHWAY 70","TABLE MOUNTAIN BOULEVARD",125.00,W,N,A,-,Y,,,70,,,,,,,Y,1,1,0,2,A,-,03,22350,,N,C,C,A,A,H,-,A,A,0,,,,Y,Y,,F,26,0,0,0,0,0,0,0,0,0,"- ","- ",39.602149963378906,-121.61849212646484,BUTTE,UNINCORPORATED,-121.61850738525391,39.602165222167969
9319619,2021,2021-09-30,0404,2021-08-18,1219,693,TH,3,5,3,0404,0,0,0,,0,0TH,"GRAND AV","FOGG AV",0.00,,Y,A,-,N,,,,,,,,,,Y,3,0,1,3,A,-,08,22107,,N,B,C,A,A,H,-,A,D,0,,,,,Y,,A,01,0,1,0,0,0,0,0,0,0,"- ","- ",39.519229888916016,-121.56564331054688,BUTTE,OROVILLE,-121.56398773193359,39.518566131591797
91498617,2021,2021-06-16,9241,2021-06-09,1809,019692,,3,2,9,0400,0,1,3,,2,093,SR-191,"STEAMBOAT ROCK RD.",0.00,,Y,A,-,Y,,,191,,,,,,,Y,2,0,1,2,A,-,01,23152,F,N,D,C,A,A,H,-,A,D,0,,,Y,,Y,,C,02,1,0,0,0,0,0,0,0,1,"- ","- ",39.673458099365234,-121.62703704833984,BUTTE,UNINCORPORATED,-121.62704467773438,39.673458099365234
91598753,2021,2022-02-18,9240,2021-10-06,1355,017532,,3,1,9,0400,0,3,5,,2,010,"MINERS RANCH RD","MT. IDA RD.",0.00,,Y,A,-,N,,,,,,,,,,Y,3,0,3,3,A,-,03,22350,,N,C,C,A,A,H,-,A,B,0,,,,,Y,,D,22,0,1,2,0,0,0,0,0,0,"- ","- ",39.492008209228516,-121.45688629150391,BUTTE,UNINCORPORATED,-121.45688629150391,39.491962432861328
91635464,2021,2021-11-26,9240,2021-11-24,1449,019055,,3,2,9,0400,0,3,5,,2,020,"LARKIN ROAD","ANDERSON WAY",400.00,S,N,A,-,N,,,,,,,,,,N,4,0,1,2,A,-,09,21804,A,N,D,D,A,A,H,-,A,D,0,,,,,Y,,A,01,0,0,1,0,0,0,0,0,0,"- ","- ",39.358608245849609,-121.65981292724609,BUTTE,UNINCORPORATED,-121.65989685058594,39.358680725097656
91656818,2021,2021-12-20,9241,2021-12-17,2138,018578,,5,2,5,0402,0,3,5,,2,006,"SR-99 N/B","EAST AVE",1320.00,N,N,A,-,Y,,,99,,,,,,N,Y,4,0,2,2,A,-,01,23152,A,N,D,C,A,A,H,-,D,D,0,,,,,Y,Y,D,22,0,0,2,0,0,0,0,0,0,"- ","- ",39.764430999755859,-121.86071014404297,BUTTE,CHICO,-121.8607177734375,39.764419555664062
9265549,2021,2021-05-25,0404,2021-05-10,2500,622,W,1,5,3,0404,0,0,0,,0,00W,"MITCHELL AV","MYERS ST",0.00,,Y,A,-,N,,,,,,,,,,N,4,0,1,2,A,-,17,21451,A,M,D,C,A,A,H,-,A,A,0,,,,,Y,,B,01,0,0,1,0,0,0,0,0,0,"- ","- ",39.506828308105469,-121.55126953125,BUTTE,OROVILLE,-121.55133819580078,39.506950378417969
9281707,2021,2021-06-25,0402,2021-05-24,1707,P01903,CPD,1,5,5,0402,0,0,0,,0,003,"HUMBOLDT AV","PINE ST",0.00,,N,A,-,N,,,,,,,,,,Y,4,0,1,2,A,-,12,22450,A,N,D,C,A,A,H,-,A,A,0,,,,,Y,,A,01,0,0,1,0,0,0,0,0,0,"- ","- ",39.433860778808594,-121.49440765380859,BUTTE,CHICO,-121.82891082763672,39.727386474609375
91413428,2021,2021-05-24,9240,2021-02-13,2500,020587,,6,4,9,0400,0,3,5,,2,010,"LONE TREE RD","DADS LN",195.00,S,N,C,-,N,,,,,,,,,,Y,2,0,1,1,A,-,01,23152,A,N,E,I,A,B,H,-,D,D,0,,,,,Y,Y,A,01,1,0,0,0,0,0,0,0,0,"- ","- ",39.420330047607422,-121.57669067382812,BUTTE,UNINCORPORATED,,
91546166,2021,2021-08-16,9240,2021-08-08,0347,021137,,7,3,9,0400,0,3,5,,2,020,"W BIGGS GRIDLEY RD","FARRIS RD",1268.00,S,N,A,-,N,,,,,,,,,,N,2,0,2,1,A,-,01,23152,A,F,E,I,A,A,H,-,D,D,0,,,,,Y,Y,A,01,1,0,1,0,0,0,0,0,0,"- ","- ",39.395931243896484,-121.7161865234375,BUTTE,UNINCORPORATED,-121.71614074707031,39.395938873291016
9378823,2021,2021-12-30,0404,2021-12-06,1849,645,W,1,5,3,0404,0,0,0,,0,00W,"OROVILLE DAM BL E","7TH AV",0.00,,Y,A,-,Y,BUT,3,162,-,-,16.204,I,5,E,Y,3,0,1,2,A,-,08,22107,,N,D,C,A,A,H,-,C,A,0,,,,,Y,,D,22,0,1,0,0,0,0,0,0,0,"- ","- ",39.498630523681641,-121.56858825683594,BUTTE,OROVILLE,-121.56856536865234,39.498638153076172
91428366,2021,2021-03-16,9241,2021-03-14,2252,020638,,7,3,9,0400,0,1,3,,2,100,"STATE HIGHWAY 99","STATE HIGHWAY 32",528.00,S,N,B,C,Y,,,99,,,,,,,Y,4,0,1,1,A,-,08,22107,,N,F,I,A,B,H,-,C,D,0,,,,,Y,,A,01,0,0,1,0,0,0,0,0,0,"- ","- ",39.734889984130859,-121.8170166015625,BUTTE,UNINCORPORATED,-121.81710815429688,39.734775543212891
91448256,2021,2021-04-12,9241,2021-04-10,1820,019006,,6,2,5,0402,0,1,3,,2,100,"SR-99 N/B","E. LASSEN AVE",465.00,S,N,A,-,Y,,,99,,,,,,N,Y,4,0,1,1,A,-,08,22107,,N,E,I,A,A,H,-,A,D,0,,,,,Y,,A,01,0,0,1,0,0,0,0,0,0,"- ","- ",39.763240814208984,-121.85916137695312,BUTTE,CHICO,-121.85921478271484,39.763172149658203
91633645,2021,2021-11-23,9240,2021-11-12,1916,019060,,5,2,9,0400,0,1,3,,2,032,"SR-70 E/B",SR-191,0.00,,Y,E,-,Y,,,70,,,,,,E,Y,4,0,2,2,A,-,03,22350,,N,C,C,A,B,H,-,C,A,0,,,,,Y,,A,08,0,0,2,0,0,0,0,0,0,"- ","- ",39.602390289306641,-121.61836242675781,BUTTE,UNINCORPORATED,-121.61835479736328,39.602382659912109
91562356,2021,2021-09-03,9241,2021-08-28,1435,019093,,6,2,9,0400,0,1,3,,2,100,"SR-99 S/B","EAST 9TH ST",40.00,N,N,A,-,Y,,,99,,,,,,S,Y,4,0,2,3,A,-,03,22350,,N,A,C,A,A,H,-,A,D,0,,,,,Y,,A,07,0,0,2,0,0,0,0,0,0,"- ","- ",39.736080169677734,-121.81929016113281,BUTTE,UNINCORPORATED,-121.81929016113281,39.736076354980469
9270894,2021,2021-06-03,0402,2021-04-19,1703,P01903,CPD,1,5,5,0402,0,0,0,,0,006,"PALMETTO AV","BUTTONWILLOW LN",0.00,,Y,A,-,N,,,,,,,,,,N,4,0,1,2,A,-,05,21650,,N,G,B,D,A,H,-,A,A,0,Y,,,,Y,,N,60,0,0,1,0,1,0,0,0,0,"- ","- ",,,BUTTE,CHICO,-121.83460235595703,39.738780975341797
91381213,2021,2021-01-05,9241,2021-01-02,0212,021256,,6,3,9,0400,0,1,3,,2,100,"SR-99 N/B",SR-32,1637.00,S,N,A,-,Y,,,,,,,,,,Y,3,0,1,1,A,-,08,22107,,N,E,I,A,A,H,-,D,D,0,,,,,Y,,A,07,0,1,0,0,0,0,0,0,0,"- ","- ",39.435951232910156,-121.48536682128906,BUTTE,UNINCORPORATED,,
91488556,2021,2021-06-03,9240,2021-05-15,1439,019710,,6,2,9,0400,0,3,5,,2,020,"LARKIN ROAD","VANCE AVE",1441.00,N,N,A,-,N,,,,,,,,,,Y,4,0,1,1,A,-,08,22107,,N,E,I,A,A,H,-,D,D,0,,,,,Y,,A,01,0,0,1,0,0,0,0,0,0,"- ","- ",39.442768096923828,-121.65576934814453,BUTTE,UNINCORPORATED,-121.65575408935547,39.443447113037109
9264079,2021,2021-06-02,0404,2021-05-10,0000,622,E,1,5,3,0404,0,0,0,,0,00E,"OLIVE HWY","EXECUTIVE PKWY",98.00,,N,A,-,Y,BUT,3,162,-,-,17.920,H,-,E,N,3,0,1,2,A,-,09,21804,,N,H,G,A,A,H,-,A,D,0,,Y,,,Y,,-,99,0,1,0,0,0,0,1,0,0,"- ","- ",39.503231048583984,-121.54019165039062,BUTTE,OROVILLE,-121.54021453857422,39.503353118896484
9271333,2021,2021-06-02,0402,2021-05-11,1005,P03283,,2,5,5,0402,0,0,0,,0,,"WARNER ST","WEST 2ND AV",0.00,,Y,A,-,N,,,,,,,,,,Y,4,0,1,3,A,-,09,21802,A,N,D,C,A,A,H,-,A,A,0,,,,,Y,,A,07,0,0,1,0,0,0,0,0,0,"- ","- ",,,BUTTE,CHICO,-121.85424041748047,39.736232757568359
9320011,2021,2021-11-02,0404,2021-09-08,0622,722,,3,5,3,0404,0,0,0,,0,0CO,"RT 162","14TH ST",0.00,,Y,A,-,Y,BUT,3,162,-,-,14.560,H,-,E,N,1,1,0,2,A,-,11,21954,A,N,G,B,D,A,H,-,B,D,0,Y,,,,Y,,N,60,0,0,0,1,0,0,0,0,0,"- ","- ",39.498050689697266,-121.59600830078125,BUTTE,OROVILLE,-121.59907531738281,39.498054504394531
91643187,2021,2021-12-06,9240,2021-11-21,0645,017760,,7,1,9,0400,0,3,5,,2,040,"ORO DAM BLVD E","RUSTY DUSTY RD",3749.00,N,N,E,-,N,,,,,,,,,,Y,4,0,1,1,A,-,08,22107,,N,E,I,A,B,H,-,D,D,0,,,,,Y,,D,22,0,0,1,0,0,0,0,0,0,"- ","- ",39.533451080322266,-121.50821685791016,BUTTE,UNINCORPORATED,,
9250352,2021,2021-04-30,0402,2021-04-02,1555,P01277,82,5,5,5,0402,0,0,0,,0,005,"EAST AV","LINE EAST AV",20.00,S,N,A,-,N,,,,,,,,,,Y,3,0,2,2,A,-,09,21801,,N,A,D,A,A,H,-,A,D,0,,,,,Y,,A,01,0,2,0,0,0,0,0,0,0,"- ","- ",39.453998565673828,-121.48570251464844,BUTTE,CHICO,-121.86139678955078,39.756721496582031
9264102,2021,2021-06-17,0402,2021-05-03,1400,P00837,65,1,5,5,0402,0,0,0,,0,004,SKYWAY,"RT 99",0.00,,Y,A,-,Y,BUT,3,99,-,R,30.358,R,4,N,Y,3,0,2,2,A,-,12,21453,A,N,D,C,A,A,H,-,A,A,0,,,,,Y,,D,22,0,2,0,0,0,0,0,0,0,"- ",NF,,,BUTTE,CHICO,-121.79776000976562,39.711978912353516
9273255,2021,2021-07-14,0402,2021-06-02,1008,P03283,,3,5,5,0402,0,0,0,,0,,ESPLANADE,"E 2ND AV",0.00,,Y,A,-,N,,,,,,,,,,Y,3,0,2,2,A,-,09,21801,A,N,D,C,A,A,H,-,A,D,0,,,,,Y,,A,01,0,2,0,0,0,0,0,0,0,"- ","- ",,,BUTTE,CHICO,-121.84632873535156,39.738895416259766
91511228,2021,2021-07-01,9240,2021-06-26,2117,020170,,6,2,9,0400,0,3,5,,2,030,"THERMALITO AVENUE","7TH AVENUE",852.00,W,N,A,-,N,,,,,,,,,,Y,3,0,1,2,A,-,01,23152,G,N,D,C,A,A,H,-,D,D,0,,,,,Y,Y,A,01,0,1,0,0,0,0,0,0,0,"- ","- ",39.511028289794922,-121.58373260498047,BUTTE,UNINCORPORATED,-121.58361053466797,39.511054992675781
91611128,2021,2021-10-29,9241,2021-10-22,1146,018796,,5,1,9,0400,0,1,3,,2,081,"SR-99 S/B",SOUTHGATE,69.00,S,N,A,-,Y,,,99,,,,,,S,Y,3,0,2,3,A,-,03,22350,,N,C,C,A,A,H,-,A,A,0,,,,Y,Y,,A,01,0,1,1,0,0,0,0,0,0,"- ","- ",39.701290130615234,-121.78614807128906,BUTTE,UNINCORPORATED,-121.78615570068359,39.701286315917969
9259923,2021,2021-05-19,0402,2021-04-20,1521,P03283,,2,5,5,0402,0,0,0,,0,,ESPLANDE,"DEGARMO DR",0.00,,N,A,-,N,,,,,,,,,,Y,2,0,2,2,A,-,05,21650,,N,A,C,A,A,H,-,A,D,0,,,,,Y,,A,01,1,1,0,0,0,0,0,0,0,"- ","- ",,,BUTTE,CHICO,-121.88124084472656,39.776554107666016
9283930,2021,2021-06-23,0402,2021-05-22,1537,P00503,,6,5,5,0402,0,0,0,,0,003,"E 12TH ST","HEMLOCK ST",0.00,,Y,A,-,N,,,,,,,,,,Y,3,0,2,4,A,-,03,22350,,N,C,C,A,A,H,-,A,D,0,,,,,Y,,A,01,0,2,0,0,0,0,0,0,0,"- ","- ",,,BUTTE,CHICO,-121.82917022705078,39.725002288818359
9291064,2021,2021-07-20,0402,2021-06-26,1700,3815,,6,5,5,0402,0,0,0,,0,006,ESPLANADE,"HENSHAW AV",0.00,,Y,A,-,N,,,,,,,,,,N,4,0,1,2,A,-,00,21650,5,N,A,G,A,A,H,-,A,A,0,,Y,,,Y,,L,04,0,0,1,0,0,0,1,0,0,"- ","- ",,,BUTTE,CHICO,-121.86422729492188,39.759597778320312
9276558,2021,2021-09-30,0402,2021-09-03,2226,82,,5,5,5,0402,0,0,0,,0,001,"NORD AV","WEST 8TH AV",997.00,S,N,A,-,Y,BUT,3,32,-,-,6.920,H,-,W,N,3,0,1,2,A,-,09,21801,B,F,D,C,A,A,H,-,D,D,0,,,Y,,Y,,D,22,0,1,0,0,0,0,0,0,1,"- ","- ",,,BUTTE,CHICO,-121.87223052978516,39.737323760986328
9281421,2021,2021-09-27,0402,2021-07-15,2300,4137,,4,5,5,0402,0,0,0,,0,006,ESPLANADE,"AMBER GROVE DR",94.00,S,N,A,-,N,,,,,,,,,,Y,3,0,2,3,A,-,01,23152,A,N,B,C,A,A,H,-,C,D,0,,,,,Y,Y,A,01,0,1,1,0,0,0,0,0,0,"- ","- ",,,BUTTE,CHICO,-121.87063598632812,39.765987396240234
9283707,2021,2021-07-29,0402,2021-06-30,2345,58,CHICO,3,5,5,0402,0,0,0,,0,006,"EAST 1ST AV","HOLBEN AV",1.00,W,N,A,-,N,,,,,,,,,,N,3,0,1,2,A,-,01,23152,A,N,C,G,A,A,H,-,C,D,0,,Y,,,Y,Y,A,01,0,1,0,0,0,0,1,0,0,"- ","- ",,,BUTTE,CHICO,-121.83300018310547,39.744167327880859
91623440,2021,2021-11-12,9241,2021-11-05,1055,017114,,5,1,9,0400,0,1,3,,2,081,SR-99,"ESTATES DR.",0.00,,Y,A,-,Y,,,99,,,,,,,Y,4,0,1,2,A,-,12,21453,A,N,D,C,A,A,H,-,A,A,0,,,,,Y,,-,"- ",0,0,1,0,0,0,0,0,0,"- ","- ",39.690219879150391,-121.77327728271484,BUTTE,UNINCORPORATED,-121.77333068847656,39.690162658691406
9274135,2021,2021-06-22,0405,2021-04-25,1250,TAT01,1N,7,5,4,0405,0,0,0,,0,00N,"ROBERTS RD","OLIVER RD",0.00,,Y,C,-,N,,,,,,,,,,N,4,0,2,2,A,-,01,23152,,M,C,C,A,B,H,-,A,D,0,,,,,Y,Y,A,07,0,0,2,0,0,0,0,0,0,"- ","- ",39.775859832763672,-121.62696075439453,BUTTE,PARADISE,-121.62696838378906,39.775833129882812
9279007,2021,2021-07-09,0402,2021-06-02,1528,69,,3,5,5,0402,0,0,0,,0,001,"WARHER ST","WEST 1ST AV",0.00,,Y,A,-,N,,,,,,,,,,N,4,0,1,2,A,-,09,21804,A,N,D,G,A,A,H,-,A,A,0,,Y,,,Y,,L,04,0,0,1,0,0,0,1,0,0,"- ","- ",,,BUTTE,CHICO,-121.85311889648438,39.734630584716797
9300884,2021,2021-08-19,0402,2021-07-26,1248,P03283,,1,5,5,0402,0,0,0,,0,,"MANGROVE AV","W 9TH AV",0.00,,Y,A,-,N,,,,,,,,,,Y,3,0,2,2,A,-,09,21801,A,N,D,C,A,A,H,-,A,A,0,,,,,Y,,A,07,0,2,0,0,0,0,0,0,0,"- ","- ",,,BUTTE,CHICO,-121.84388732910156,39.749652862548828
91543736,2021,2021-08-12,9241,2021-08-05,2125,019006,,4,2,9,0400,0,3,5,,2,007,"STEIFFER RD","TRAILS END RD",528.00,E,N,A,-,N,,,,,,,,,,Y,2,0,1,1,A,-,08,22107,,N,E,I,A,A,H,-,D,D,0,,,Y,,Y,,C,02,1,0,0,0,0,0,0,0,1,"- ","- ",39.853080749511719,-121.59329223632812,BUTTE,UNINCORPORATED,-121.59346008300781,39.853054046630859
91550329,2021,2021-08-20,9241,2021-08-19,0825,018540,,4,1,9,0400,0,3,5,,2,006,"MERIDIAN RD","KILKARE LANE",168.00,W,N,A,-,N,,,,,,,,,,N,2,0,1,1,A,-,03,22350,,N,F,A,A,A,H,-,A,D,0,,,Y,,Y,,C,02,1,0,0,0,0,0,0,0,1,"- ","- ",39.822990417480469,-121.9205322265625,BUTTE,UNINCORPORATED,-121.91991424560547,39.823143005371094
91560627,2021,2021-09-01,9241,2021-08-29,0225,014929,,7,3,9,0400,0,3,5,,2,007,"PONDEROSA WAY","CRESTON DRIVE",750.00,W,N,A,-,N,,,,,,,,,,Y,4,0,1,1,A,-,03,22350,,N,E,I,A,A,H,-,D,D,0,,,,,Y,,A,01,0,0,1,0,0,0,0,0,0,"- ","- ",39.814319610595703,-121.60887145996094,BUTTE,UNINCORPORATED,-121.60904693603516,39.814239501953125
91595097,2021,2021-10-13,9241,2021-10-11,1450,016360,,1,2,9,0400,0,1,3,,1,061,SR-99,"WILSON LANDING RD.",396.00,S,N,A,-,Y,,,99,,,,,,,Y,3,0,1,1,A,-,01,23152,F,M,E,I,A,A,H,-,A,D,0,,,,,Y,,A,07,0,1,0,0,0,0,0,0,0,"- ","- ",39.796028137207031,-121.90203857421875,BUTTE,UNINCORPORATED,-121.90196228027344,39.796108245849609
91638117,2021,2021-11-30,9241,2021-11-19,1730,018879,,5,2,5,0402,0,1,3,,2,100,"SR-99 N/B","GARNER LANE",3420.00,S,N,A,-,Y,,,99,,,,,,N,Y,2,0,1,4,A,-,03,22350,,N,C,D,A,A,H,-,D,D,0,,,,,Y,,A,01,1,0,0,0,0,0,0,0,0,"- ","- ",39.782958984375,-121.88372802734375,BUTTE,CHICO,-121.88370513916016,39.782989501953125
9344694,2021,2021-10-27,0402,2021-09-27,1908,P01576,,1,5,5,0402,0,0,0,,0,003,"E 8TH ST","RT 99 ACCESS RD",0.00,,Y,A,-,N,,,,,,,,,,N,3,0,2,2,A,-,12,21453,A,N,D,C,A,A,H,-,B,A,0,,,,,Y,,A,01,0,1,1,0,0,0,0,0,0,"- ","- ",,,BUTTE,CHICO,-121.83567047119141,39.7261962890625
9384701,2021,2022-01-20,0402,2021-12-12,1709,1286,0402,7,5,5,0402,0,0,0,,0,003,"E 16TH ST","LOCUST ST",0.00,,Y,C,-,N,,,,,,,,,,Y,3,0,1,2,A,-,12,22450,,N,D,C,A,B,H,-,C,A,0,,,,,Y,,D,22,0,1,0,0,0,0,0,0,0,"- ","- ",,,BUTTE,CHICO,-121.82647705078125,39.72222900390625
91553194,2021,2021-08-24,9241,2021-08-10,0730,014929,,2,1,5,0402,0,1,3,,2,100,"SR-99 S/B","SR-32 UNDERCROSSING",325.00,S,N,A,-,Y,,,99,,,,,,S,Y,3,0,1,2,A,-,03,22350,,N,C,C,A,A,H,-,A,D,0,,,,,Y,,A,01,0,1,0,0,0,0,0,0,0,"- ","- ",39.734119415283203,-121.81661224365234,BUTTE,CHICO,-121.81661987304688,39.734104156494141
9209378,2021,2021-03-05,0402,2021-01-17,1038,35-00363,0402,7,5,5,0402,0,0,0,,0,003,"PARK AV","EAST PARK AV",0.00,,Y,A,-,N,,,,,,,,,,N,3,0,2,2,A,-,08,22101,D,N,B,C,A,A,H,-,A,A,0,,,Y,,Y,,-,"- ",0,2,0,0,0,0,0,0,2,"- ","- ",,,BUTTE,CHICO,-121.81398010253906,39.7138671875
91497316,2021,2021-06-15,9240,2021-06-10,2250,020587,,4,3,9,0400,0,1,3,,2,041,"STATE ROUTE 162 (OLIVE HIGHWAY)","ARBOL AVENUE",1077.00,E,N,A,-,Y,,,162,,,,,,,Y,4,0,1,2,A,-,03,22350,,N,C,C,A,A,D,-,C,A,0,,,,,Y,,D,22,0,0,1,0,0,0,0,0,0,"- ","- ",39.504661560058594,-121.51361846923828,BUTTE,UNINCORPORATED,-121.51363372802734,39.504615783691406
91606548,2021,2021-10-26,9241,2021-10-21,0955,016831,,4,1,9,0400,0,3,5,,2,007,"COLTER WAY",HICKOK,40.00,E,N,B,C,N,,,,,,,,,,Y,3,0,2,2,A,-,03,22350,,N,A,C,A,B,H,-,A,D,0,,,,,Y,,D,22,0,1,1,0,0,0,0,0,0,"- ","- ",39.848781585693359,-121.60498809814453,BUTTE,UNINCORPORATED,-121.60518646240234,39.848621368408203
9250229,2021,2021-04-23,0404,2021-04-01,2500,694,W,4,5,3,0404,0,0,0,,0,00W,"OROVILLE DAM BL","SPENCER AV",0.00,,Y,A,-,N,,,162,,,,,,,Y,4,0,1,2,A,-,08,22107,,N,H,C,A,A,H,-,A,D,0,,,,,Y,,-,,0,0,1,0,0,0,0,0,0,"- ","- ",39.504081726074219,-121.55216979980469,BUTTE,OROVILLE,-121.55211639404297,39.503921508789062