CASE_ID,ACCIDENT_YEAR,PROC_DATE,JURIS,COLLISION_DATE,COLLISION_TIME,OFFICER_ID,REPORTING_DISTRICT,DAY_OF_WEEK,CHP_SHIFT,POPULATION,CNTY_CITY_LOC,SPECIAL_COND,BEAT_TYPE,CHP_BEAT_TYPE,CITY_DIVISION_LAPD,CHP_BEAT_CLASS,BEAT_NUMBER,PRIMARY_RD,SECONDARY_RD,DISTANCE,DIRECTION,INTERSECTION,WEATHER_1,WEATHER_2,STATE_HWY_IND,CALTRANS_COUNTY,CALTRANS_DISTRICT,STATE_ROUTE,ROUTE_SUFFIX,POSTMILE_PREFIX,POSTMILE,LOCATION_TYPE,RAMP_INTERSECTION,SIDE_OF_HWY,TOW_AWAY,COLLISION_SEVERITY,NUMBER_KILLED,NUMBER_INJURED,PARTY_COUNT,PRIMARY_COLL_FACTOR,PCF_CODE_OF_VIOL,PCF_VIOL_CATEGORY,PCF_VIOLATION,PCF_VIOL_SUBSECTION,HIT_AND_RUN,TYPE_OF_COLLISION,MVIW,PED_ACTION,ROAD_SURFACE,ROAD_COND_1,ROAD_COND_2,LIGHTING,CONTROL_DEVICE,CHP_ROAD_TYPE,PEDESTRIAN_ACCIDENT,BICYCLE_ACCIDENT,MOTORCYCLE_ACCIDENT,TRUCK_ACCIDENT,NOT_PRIVATE_PROPERTY,ALCOHOL_INVOLVED,STWD_VEHTYPE_AT_FAULT,CHP_VEHTYPE_AT_FAULT,COUNT_SEVERE_INJ,COUNT_VISIBLE_INJ,COUNT_COMPLAINT_PAIN,COUNT_PED_KILLED,COUNT_PED_INJURED,COUNT_BICYCLIST_KILLED,COUNT_BICYCLIST_INJURED,COUNT_MC_KILLED,COUNT_MC_INJURED,PRIMARY_RAMP,SECONDARY_RAMP,LATITUDE,LONGITUDE,COUNTY,CITY,POINT_X,POINT_Y
9281443,2021,2021-08-26,0402,2021-07-04,1427,P01499,,7,5,5,0402,0,0,0,,0,001,"WALNUT ST","9TH ST",153.00,S,N,A,-,N,,,,,,,,,,Y,3,0,1,3,A,-,09,21804,A,N,D,D,A,-,H,-,A,D,0,,,,,Y,,A,01,0,1,0,0,0,0,0,0,0,"- ","- ",,,BUTTE,CHICO,-121.84390258789062,39.718975067138672
9388798,2021,2022-01-18,0404,2021-12-16,0541,714,E,4,5,3,0404,0,0,0,,0,00E,"OLIVE HWY","LOWER WYANDOTTE RD",185.00,S,N,A,-,N,,,162,,,,,,,Y,3,0,1,3,A,-,03,22350,,N,A,C,A,B,G,-,C,D,0,,,,,Y,,A,01,0,1,0,0,0,0,0,0,0,"- ","- ",39.502620697021484,-121.53900146484375,BUTTE,OROVILLE,-121.53900146484375,39.502616882324219
91474596,2021,2023-01-30,9241,2021-05-07,0755,017114,,5,1,9,0400,0,3,5,,2,008,"GARDEN RD.","ESQUON RD.",0.00,,Y,A,-,N,,,,,,,,,,Y,4,0,1,1,A,-,01,23152,A,N,E,I,A,A,H,-,A,A,0,,,,,Y,Y,D,22,0,0,1,0,0,0,0,0,0,"- ","- ",39.664348602294922,-121.76460266113281,BUTTE,UNINCORPORATED,-121.76461791992188,39.66436767578125
9235675,2021,2021-03-12,0402,2021-01-20,2154,4137,,3,5,5,0402,0,0,0,,0,005,"EAST AV","PILSBURY RD",73.00,E,N,A,-,N,,,,,,,,,,Y,4,0,1,2,A,-,08,22107,,F,A,C,A,A,H,-,C,D,0,,,,,Y,,A,01,0,0,1,0,0,0,0,0,0,"- ","- ",,,BUTTE,CHICO,-121.84888458251953,39.760871887207031
9326766,2021,2021-11-01,0404,2021-09-09,1116,725,E,4,5,3,0404,0,0,0,,0,00E,"OLIVE HWY","LOWER WYANDOTTE",0.00,,Y,A,-,N,,,162,,,,,,,N,4,0,1,2,D,-,00,,,N,C,C,A,A,-,-,A,A,0,,,Y,,Y,,-,"- ",0,0,1,0,0,0,0,0,1,"- ","- ",39.501960754394531,-121.53845977783203,BUTTE,OROVILLE,-121.53831481933594,39.502281188964844
9374267,2021,2021-12-21,0404,2021-11-22,1351,732,E,1,5,3,0404,0,0,0,,0,00E,"FOOTHILL BL","BROOKDALE DR",170.00,N,N,A,-,N,,,,,,,,,,Y,3,0,1,1,A,-,05,21650,,N,E,J,A,A,H,-,A,D,0,,,,,Y,,A,01,0,1,0,0,0,0,0,0,0,"- ","- ",39.497020721435547,-121.52626037597656,BUTTE,OROVILLE,-121.52676391601562,39.497177124023438
91385031,2021,2021-01-11,9240,2021-01-01,0336,021137,,5,3,9,0400,0,3,5,,2,010,"LINCOLN BLVD","MEYERS ST",40.00,S,N,B,-,N,,,,,,,,,,Y,3,0,1,1,A,-,01,23152,A,N,E,I,A,A,H,-,D,D,0,,,,,Y,Y,A,01,0,1,0,0,0,0,0,0,0,"- ","- ",39.490631103515625,-121.550537109375,BUTTE,UNINCORPORATED,-121.55067443847656,39.491291046142578
91537710,2021,2021-10-26,9241,2021-07-27,2345,021256,,2,3,9,0400,0,2,4,,2,085,"AGUAS FRIAS ROAD","GRAINLAND ROAD",10507.00,S,N,D,-,N,,,,,,,,,,Y,2,0,1,1,A,-,01,23152,F,N,E,I,A,A,H,-,C,D,0,,,,,Y,,A,01,1,0,0,0,0,0,0,0,0,"- ","- ",39.345119476318359,-121.51255798339844,BUTTE,UNINCORPORATED,-121.85711669921875,39.580978393554688
91555077,2021,2021-08-26,9241,2021-08-11,1545,018796,,3,2,9,0400,0,2,4,,2,096,"HONEY RUN RD","CENTERVILLE RD",2640.00,W,N,A,-,N,,,,,,,,,,Y,3,0,1,1,A,-,01,23152,A,N,F,I,A,A,H,-,A,D,0,,,,,Y,Y,A,01,0,1,0,0,0,0,0,0,0,"- ","- ",39.724651336669922,-121.71041107177734,BUTTE,UNINCORPORATED,-121.71086120605469,39.724098205566406
91590843,2021,2021-10-07,9240,2021-09-26,0530,017760,,7,3,9,0400,0,3,5,,2,010,"HILDALE AVE","ARBOL AVE",83.00,S,N,A,-,N,,,,,,,,,,Y,4,0,1,1,A,-,01,23152,A,N,E,I,A,A,H,-,D,D,0,,,,,Y,Y,A,07,0,0,1,0,0,0,0,0,0,"- ","- ",39.503608703613281,-121.5186767578125,BUTTE,UNINCORPORATED,-121.51852416992188,39.503643035888672
91627645,2021,2021-11-17,9240,2021-11-10,1404,019055,,3,2,9,0400,0,1,3,,2,031,"SR-70 N/B","NELSON AVE",450.00,S,N,B,-,Y,,,,,,,,,,Y,3,0,1,2,A,-,07,21658,A,N,D,2,A,A,H,-,A,B,0,,,,,Y,,A,01,0,1,0,0,0,0,0,0,0,"- ","- ",39.522861480712891,-121.57295227050781,BUTTE,UNINCORPORATED,-121.57331085205078,39.524204254150391
91603791,2021,2021-10-22,9240,2021-10-20,1715,019653,,3,2,9,0400,0,1,3,,1,011,SR-70,"E. GRIDLEY ROAD",0.00,,Y,B,-,Y,,,,,,,,,,Y,2,0,1,1,A,-,08,22107,,N,E,I,A,B,H,-,A,A,0,,,,,Y,,A,01,1,0,0,0,0,0,0,0,0,"- ","- ",39.35443115234375,-121.60810852050781,BUTTE,UNINCORPORATED,-121.60797119140625,39.364639282226562
91471757,2021,2021-05-27,9240,2021-05-03,0704,015532,,1,1,9,0400,0,3,5,,2,010,"LOWER WYANDOTTE RD","ORO BANGOR HWY",0.00,,Y,A,-,N,,,,,,,,,,Y,3,0,1,2,A,-,12,21453,A,M,D,C,A,A,H,-,A,A,0,,,,,Y,,A,01,0,1,0,0,0,0,0,0,0,"- ","- ",39.4805908203125,-121.53056335449219,BUTTE,UNINCORPORATED,,
91431613,2021,2021-03-22,9240,2021-03-10,1644,019710,,3,2,9,0400,0,3,5,,2,010,"FORBESTOWN ROAD","WHITE FIR LN",25.00,E,N,B,D,N,,,,,,,,,,Y,4,0,1,1,A,-,03,22350,,N,E,I,A,C,H,-,A,D,0,,,,,Y,,D,22,0,0,1,0,0,0,0,0,0,"- ","- ",39.504791259765625,-121.33915710449219,BUTTE,UNINCORPORATED,-121.33916473388672,39.504741668701172
91658600,2021,2021-12-22,9241,2021-11-03,0739,014900,,3,1,9,0400,0,3,5,,2,008,"PUTNEY DR.","DURHAM SCHOOLS ACCESS RD.",0.00,,Y,A,-,N,,,,,,,,,,N,3,0,1,2,A,-,10,21950,A,N,G,B,B,A,H,-,A,A,0,Y,,,,Y,,D,22,0,1,0,0,1,0,0,0,0,"- ","- ",39.646648406982422,-121.80325317382812,BUTTE,UNINCORPORATED,,
9223566,2021,2021-03-20,0405,2021-01-12,1219,TUC01,3N,2,5,4,0405,0,0,0,,0,00N,"CLARK RD","JUNIPER LN",679.00,N,N,C,-,N,,,,,,,,,,Y,4,0,1,2,A,-,09,21804,,M,A,C,A,B,H,-,A,D,0,,,,,Y,,A,01,0,0,1,0,0,0,0,0,0,"- ","- ",39.775379180908203,-121.59052276611328,BUTTE,PARADISE,-121.59234619140625,39.775848388671875
9336413,2021,2021-10-15,0402,2021-09-06,1215,P03283,,1,5,5,0402,0,0,0,,0,,"PETERSON MEMORIAL WY","VALLOMBROSA WY",385.00,E,N,A,-,N,,,,,,,,,,N,3,0,1,2,A,-,21,22106,,N,D,G,A,A,H,-,A,D,0,,Y,,,Y,,A,01,0,1,0,0,0,0,1,0,0,"- ","- ",,,BUTTE,CHICO,-121.82951354980469,39.736610412597656
91653984,2021,2021-12-16,9241,2021-12-13,0530,019093,,1,3,9,0400,0,1,3,,1,061,SR-99,"MALLARD ESTATES ROAD",50.00,N,N,B,C,Y,,,99,,,,,,,Y,4,0,1,1,A,-,08,22107,,N,E,I,A,B,H,-,C,A,0,,,,,Y,,D,22,0,0,1,0,0,0,0,0,0,"- ","- ",39.826179504394531,-121.92777252197266,BUTTE,UNINCORPORATED,-121.92783355712891,39.826129913330078
9256275,2021,2023-06-20,0402,2021-05-11,1959,P03283,,2,5,5,0402,0,0,0,,0,,"W EATON RD","ROGUE RIVER DR",23.00,W,N,A,-,N,,,,,,,,,,Y,1,1,0,1,A,-,03,22350,,N,E,I,A,A,G,-,B,D,0,,,,,Y,,A,07,0,0,0,0,0,0,0,0,0,"- ","- ",,,BUTTE,CHICO,-121.89282989501953,39.769359588623047
9319620,2021,2021-09-30,0404,2021-08-15,2208,723,W,7,5,3,0404,0,0,0,,0,00W,"OPHIR RD","BAGGETT MARYSVILLE RD",1072.00,E,N,A,-,N,,,,,,,,,,Y,3,0,1,1,A,-,03,22350,,N,E,J,A,A,H,-,D,D,0,,,,,Y,,A,01,0,1,0,0,0,0,0,0,0,"- ","- ",39.465518951416016,-121.56851196289062,BUTTE,OROVILLE,-121.56428527832031,39.465225219726562
9359276,2021,2021-11-30,0402,2021-10-27,0306,P00677,,3,5,5,0402,0,0,0,,0,,"HUMBOLDT AV","CYPRESS ST",0.00,,Y,A,-,N,,,,,,,,,,N,3,0,1,1,A,-,17,21657,,F,E,I,A,A,H,-,C,A,0,,,,,Y,,A,01,0,1,0,0,0,0,0,0,0,"- ","- ",,,BUTTE,CHICO,-121.82772827148438,39.727790832519531
91519389,2021,2021-07-13,9240,2021-07-11,0200,020170,,7,3,9,0400,0,3,5,,2,020,"DOS RIOS RD","LARKIN ROAD",610.00,S,N,A,-,N,,,,,,,,,,N,3,0,1,1,C,-,18,,,N,H,H,A,A,H,-,D,D,0,,,Y,,Y,,-,"- ",0,1,0,0,0,0,0,0,1,"- ","- ",39.426521301269531,-121.65701293945312,BUTTE,UNINCORPORATED,-121.65699005126953,39.426628112792969
9290281,2021,2021-09-10,0402,2021-07-09,0205,4137,,5,5,5,0402,0,0,0,,0,002,"WALNUT ST","W 2ND ST",0.00,,Y,A,-,N,,,,,,,,,,Y,4,0,1,1,A,-,03,22350,,N,E,I,A,A,H,-,C,A,0,,,,,Y,,-,,0,0,1,0,0,0,0,0,0,"- ","- ",,,BUTTE,CHICO,-121.84970092773438,39.724082946777344
9368146,2021,2021-12-28,0402,2021-11-03,1306,1240,,3,5,5,0402,0,0,0,,0,004,"FOREST AV","BAR TRIANGLE",17.00,E,N,A,-,N,,,,,,,,,,Y,3,0,1,2,A,-,09,21802,A,N,D,C,A,A,H,-,A,A,0,,,Y,,Y,,A,07,0,1,0,0,0,0,0,0,1,"- ","- ",,,BUTTE,CHICO,-121.79734802246094,39.718093872070312
91385694,2021,2021-01-12,9240,2021-01-07,1519,021137,,4,2,9,0400,0,1,3,,1,011,SR-70,"COX LN",3168.00,N,N,B,-,Y,,,70,,,,,,,Y,3,0,1,1,A,-,05,21650,,N,E,I,A,A,H,-,A,D,0,,,,,Y,,D,22,0,1,0,0,0,0,0,0,0,"- ","- ",39.391510009765625,-121.60594940185547,BUTTE,UNINCORPORATED,-121.60601043701172,39.391551971435547
91401539,2021,2021-02-03,9241,2021-02-02,1410,019972,,2,2,9,0400,0,2,4,,2,070,SKYWAY,"LAKERIDGE CIR",220.00,S,N,A,-,N,,,,,,,,,,Y,4,0,2,2,A,-,03,22350,,N,C,C,A,A,H,-,A,A,0,,,,,Y,,A,01,0,0,2,0,0,0,0,0,0,"- ","- ",39.817729949951172,-121.59234619140625,BUTTE,UNINCORPORATED,-121.5924072265625,39.817794799804688
91405059,2021,2021-02-09,9241,2021-02-01,1225,017170,,1,1,9,0400,0,2,4,,2,090,SKYWAY,"CLIFFHANGER RD",4224.00,W,N,A,B,N,,,,,,,,,,N,4,0,1,1,A,-,08,22107,,N,E,I,A,A,H,-,A,D,0,,,,,Y,,A,01,0,0,1,0,0,0,0,0,0,"- ","- ",39.731338500976562,-121.67864227294922,BUTTE,UNINCORPORATED,-121.67991638183594,39.731277465820312
91423284,2021,2021-03-09,9241,2021-03-04,1420,019006,,4,2,9,0400,0,1,3,,2,081,"SR-99 S/B","NEAL RD",160.00,N,N,A,-,Y,,,99,,,,,,S,Y,4,0,1,2,A,-,03,22350,,N,C,C,A,A,H,-,A,A,0,,,,,Y,,A,01,0,0,1,0,0,0,0,0,0,"- ","- ",39.666168212890625,-121.74455261230469,BUTTE,UNINCORPORATED,-121.74455261230469,39.666164398193359
91466563,2021,2021-07-21,9240,2021-04-23,1735,021137,,5,2,9,0400,0,3,5,,2,010,"LAS PLUMAS","ORO BANGOR HIGHWAY",18.00,W,N,B,-,N,,,,,,,,,,Y,2,0,2,2,A,-,01,23152,A,N,B,C,A,A,H,-,A,A,0,,,Y,,Y,Y,A,01,1,0,1,0,0,0,0,0,1,"- ","- ",39.480510711669922,-121.53209686279297,BUTTE,UNINCORPORATED,-121.53204345703125,39.480472564697266
9271470,2021,2021-06-17,0404,2021-05-17,1205,651,W,1,5,3,0404,0,0,0,,0,00W,"RT 162","5TH AV",0.00,,Y,A,-,Y,BUT,3,162,-,-,16.450,H,-,W,Y,4,0,1,2,A,-,06,21755,,N,A,C,A,A,H,-,A,A,0,,,,,Y,,A,01,0,0,1,0,0,0,0,0,0,"- ","- ",39.500308990478516,-121.56420135498047,BUTTE,OROVILLE,-121.56429290771484,39.500064849853516
91522126,2021,2021-07-16,9241,2021-07-15,0940,018540,,4,1,9,0400,0,1,3,,2,100,"SR-99 N/B",SR-32,1761.00,S,N,A,-,Y,,,99,,,,,,N,N,3,0,1,2,A,-,03,22350,,N,C,C,A,A,C,-,A,D,0,,,,,Y,,D,22,0,1,0,0,0,0,0,0,0,"- ","- ",39.732940673828125,-121.81485748291016,BUTTE,UNINCORPORATED,-121.81479644775391,39.733020782470703
91528591,2021,2021-07-26,9241,2021-07-19,1020,014929,,1,1,9,0400,0,1,3,,2,080,SR-32,"RIVER ROAD",1075.00,W,N,A,-,Y,,,32,,,,,,,Y,3,0,1,2,A,-,03,22350,,N,C,C,A,A,H,-,A,D,0,,,,,Y,,A,01,0,1,0,0,0,0,0,0,0,"- ","- ",39.753299713134766,-121.97292327880859,BUTTE,UNINCORPORATED,-121.97292327880859,39.753318786621094
9253342,2021,2021-04-20,0402,2021-03-19,1035,35-00363,0402,5,5,5,0402,0,0,0,,0,004,"BRUCE RD","SIERRA SUNRISE TER",0.00,,Y,A,-,N,,,,,,,,,,Y,3,0,2,2,A,-,09,21801,A,N,D,C,A,A,H,-,A,D,0,,,,,Y,Y,-,"- ",0,2,0,0,0,0,0,0,0,"- ","- ",,,BUTTE,CHICO,-121.79245758056641,39.743629455566406
9307390,2021,2021-10-23,0402,2021-05-14,1409,P01277,83,5,5,5,0402,0,0,0,,0,005,"CEANOTHUS AV","EAST AV",8.00,W,N,A,-,N,,,,,,,,,,N,3,0,2,2,A,-,09,21801,A,N,A,C,A,A,H,-,A,D,0,,,,,Y,,A,01,0,2,0,0,0,0,0,0,0,"- ","- ",,,BUTTE,CHICO,-121.8199462890625,39.761119842529297
91456352,2021,2021-04-22,9240,2021-04-19,1635,019055,,1,2,9,0400,0,3,5,,2,040,"ARBOL AVENUE","BUEHLER AVE",563.00,S,N,A,-,N,,,,,,,,,,Y,3,0,1,1,A,-,01,23152,A,M,E,I,A,A,H,-,A,D,0,,,,,Y,Y,A,01,0,1,0,0,0,0,0,0,0,"- ","- ",39.507598876953125,-121.51789855957031,BUTTE,UNINCORPORATED,-121.51773834228516,39.507785797119141
91526324,2021,2021-07-22,9241,2021-07-16,0745,017114,,5,1,9,0400,0,1,3,,2,093,"SR-191/CLARK RD.","DOUBLE TREE RD.",528.00,N,N,A,-,Y,,,191,,,,,,,Y,4,0,1,1,A,-,08,22107,,N,E,I,A,A,H,-,A,D,0,,,,,Y,,A,07,0,0,1,0,0,0,0,0,0,"- ","- ",39.657581329345703,-121.6309814453125,BUTTE,UNINCORPORATED,-121.63093566894531,39.657558441162109
91570973,2021,2021-09-15,9241,2021-09-06,1400,014900,,1,2,9,0400,0,2,4,,2,086,"ORD FERRY RD.","PERKINS RD.",2112.00,W,N,A,-,N,,,,,,,,,,N,3,0,1,1,D,-,00,,,N,E,I,A,A,H,-,A,D,0,,,,,Y,,-,"- ",0,1,0,0,0,0,0,0,0,"- ","- ",39.643451690673828,-121.88079071044922,BUTTE,UNINCORPORATED,-121.88010406494141,39.643943786621094
91647310,2021,2021-12-09,9240,2021-11-27,1140,017760,,6,1,9,0400,0,1,3,,2,041,SR-162,"TYME WAY",792.00,W,N,A,-,Y,,,162,,,,,,,Y,2,0,1,2,A,-,05,21460,A,N,B,C,A,A,H,-,A,D,0,,,Y,,Y,,A,07,1,0,0,0,0,0,0,0,1,"- ","- ",39.505561828613281,-121.50495147705078,BUTTE,UNINCORPORATED,-121.50495910644531,39.5054931640625
91394414,2021,2021-03-11,9241,2021-01-16,1905,019972,,6,2,9,0400,0,2,4,,2,070,SKYWAY,"PENTZ RD.",1286.00,N,N,A,-,N,,,,,,,,,,Y,1,1,0,1,A,-,01,23152,A,N,E,I,A,A,H,-,D,D,0,,,Y,,Y,Y,C,02,0,0,0,0,0,0,0,1,0,"- ","- ",39.803150177001953,-121.57865142822266,BUTTE,UNINCORPORATED,-121.57898712158203,39.803516387939453
91412740,2021,2021-02-22,9240,2021-02-04,2322,020170,,4,3,9,0400,0,1,3,,1,011,SR-70,"LOWER HONCUT RD",59.00,S,N,A,-,Y,,,70,,,,,,,Y,1,1,2,3,A,-,01,23152,G,N,C,C,A,A,H,-,D,D,0,,,,,Y,Y,A,07,1,0,1,0,0,0,0,0,0,"- ","- ",39.320720672607422,-121.5960693359375,BUTTE,UNINCORPORATED,-121.59613037109375,39.320716857910156
9376732,2021,2022-01-06,0403,2021-12-02,1516,P73,,4,5,2,0403,0,0,0,,0,,"MAGNOLIA ST","VERMONT ST",0.00,,Y,A,-,N,,,,,,,,,,N,4,0,1,2,A,-,10,21950,A,N,G,B,B,A,H,-,A,D,0,Y,,,,Y,,A,01,0,0,1,0,1,0,0,0,0,"- ","- ",39.374538421630859,-121.68739318847656,BUTTE,GRIDLEY,-121.69832611083984,39.362041473388672
9268500,2021,2021-07-02,0402,2021-05-02,1741,593183,0402,7,5,5,0402,0,0,0,,0,003,"CYPRESS ST","W 7TH ST",0.00,,Y,A,-,N,,,,,,,,,,N,4,0,1,2,A,-,08,22107,,N,B,C,A,A,H,-,A,D,0,,,,,Y,,A,01,0,0,1,0,0,0,0,0,0,"- ","- ",,,BUTTE,CHICO,-121.83088684082031,39.73065185546875
9377307,2021,2022-01-04,0403,2021-11-22,1553,P24,,1,5,2,0403,0,0,0,,0,,"NEVADA ST","MAGNOLIA ST",0.00,,Y,A,-,N,,,,,,,,,,Y,4,0,1,2,A,-,03,22350,,N,D,D,A,A,H,-,A,D,0,,,,,Y,,A,07,0,0,1,0,0,0,0,0,0,"- ","- ",39.361968994140625,-121.70487976074219,BUTTE,GRIDLEY,-121.70496368408203,39.361942291259766
91434425,2021,2021-03-24,9241,2021-03-18,0625,018540,,4,1,9,0400,0,2,4,,1,082,MIDWAY,"JONES AVE",2640.00,N,N,B,C,N,,,,,,,,,,Y,2,0,1,3,A,-,05,21651,A,N,B,C,A,B,H,-,D,D,0,,,,,Y,,A,07,1,0,0,0,0,0,0,0,0,"- ","- ",39.671199798583984,-121.80251312255859,BUTTE,UNINCORPORATED,-121.79711151123047,39.684276580810547
91540344,2021,2021-08-09,9240,2021-08-03,1300,020587,,2,1,3,0404,0,1,3,,2,031,"STATE HIGHWAY 70 SOUTHBOUND TO MONTGOMERY ST","MONTGOMERY ST",133.00,N,N,A,-,Y,,,,,,,,,,Y,2,0,1,1,A,-,08,22107,,N,E,I,A,A,H,-,A,D,0,,,,,Y,,A,07,1,0,0,0,0,0,0,0,0,"- ","- ",39.508491516113281,-121.57382202148438,BUTTE,OROVILLE,-121.57292175292969,39.510150909423828
91558613,2021,2021-08-30,9241,2021-08-19,1835,018578,,4,2,9,0400,0,3,5,,2,007,"NIMSHEW RD","TIKA LANE",700.00,S,N,A,-,N,,,,,,,,,,Y,4,0,1,1,A,-,08,22107,,N,E,I,A,A,H,-,A,D,0,,,,,Y,,D,22,0,0,1,0,0,0,0,0,0,"- ","- ",39.494300842285156,-121.37349700927734,BUTTE,UNINCORPORATED,-121.62187194824219,39.828548431396484
9242972,2021,2021-04-15,0404,2021-03-05,1732,651,W,5,5,3,0404,0,0,0,,0,00W,"S 7TH AV","CAL OAK RD",0.00,,Y,A,-,N,,,,,,,,,,Y,2,0,2,2,A,-,09,21801,A,N,A,C,A,A,H,-,A,A,0,,,Y,,Y,,A,01,1,0,1,0,0,0,0,0,1,"- ","- ",39.492630004882812,-121.56934356689453,BUTTE,OROVILLE,-121.56932067871094,39.492637634277344
9377982,2021,2022-01-14,0404,2021-12-06,0000,703,SS,1,5,3,0404,0,0,0,,0,0SS,"MYERS ST","D ST",0.00,,Y,A,-,N,,,,,,,,,,Y,4,0,1,2,A,-,21,22106,,N,D,C,A,A,H,-,C,A,0,,,,,Y,,A,07,0,0,1,0,0,0,0,0,0,"- ","- ",39.496978759765625,-121.54898834228516,BUTTE,OROVILLE,-121.54872131347656,39.497146606445312
9388621,2021,2022-02-03,0404,2021-12-12,1937,690,,7,5,3,0404,0,0,0,,0,00E,"FEATHER RIVER BL","GEORGIA PACIFIC",0.00,,Y,C,G,N,,,,,,,,,,Y,3,0,2,1,A,-,03,22350,,N,H,I,A,B,F,-,D,D,0,,,,,Y,,D,73,0,2,0,0,0,0,0,0,0,"- ","- ",39.477409362792969,-121.57486724853516,BUTTE,OROVILLE,-121.57478332519531,39.477401733398438
91388153,2021,2021-01-15,9240,2021-01-05,2307,019256,,2,3,9,0400,0,1,S,,2,904,"SR-99 N/B","BUTTE CREEK BRIDGE (NORTH SIDE)",283.00,N,N,A,-,Y,,,99,,,,,,N,Y,2,0,1,1,A,-,03,22350,,N,E,I,A,B,H,-,D,D,0,,,,,Y,,A,01,1,0,0,0,0,0,0,0,0,"- ","- ",39.695480346679688,-121.77922058105469,BUTTE,UNINCORPORATED,-121.77925872802734,39.6954345703125
91558702,2021,2021-08-30,9241,2021-08-23,1422,019093,,1,2,9,0400,0,1,3,,2,100,"SR-99 SOUTHBOUND",SR-32,1200.00,S,N,A,-,Y,,,99,,,,,,S,Y,4,0,1,2,A,-,07,21658,A,N,E,C,A,A,H,-,A,D,0,,,,,Y,,A,01,0,0,1,0,0,0,0,0,0,"- ","- ",39.7340087890625,-121.81638336181641,BUTTE,UNINCORPORATED,-121.81642150878906,39.733955383300781
91426097,2021,2021-03-12,9285,2021-03-05,1030,015976,,5,1,9,0400,0,2,4,,2,082,"LA PORTE RD","BINET RD",896.00,N,N,A,-,N,,,,,,,,,,Y,1,1,1,1,A,-,08,22107,,N,E,J,A,A,H,-,A,D,0,,,,,Y,,A,07,0,1,0,0,0,0,0,0,0,"- ","- ",39.528949737548828,-121.16912841796875,BUTTE,UNINCORPORATED,-121.17186737060547,39.529201507568359
91480382,2021,2021-05-27,9240,2021-05-22,2249,021137,,6,3,9,0400,0,1,3,,2,034,SR-149,"SHIPPEE RD",4000.00,N,N,A,-,Y,,,149,,,,,,,Y,4,0,1,1,A,-,08,22107,,N,E,I,A,A,H,-,D,D,0,,,,,Y,,A,01,0,0,1,0,0,0,0,0,0,"- ","- ",39.608169555664062,-121.67314147949219,BUTTE,UNINCORPORATED,-121.67310333251953,39.60821533203125
91551624,2021,2021-08-23,9240,2021-08-20,1524,021137,,5,2,9,0400,0,3,5,,2,010,"LA PORTE RD","RAMIREZ RD",360.00,E,N,A,-,N,,,,,,,,,,Y,3,0,1,1,A,-,08,22107,,N,F,A,A,A,H,-,A,D,0,,,Y,,Y,,C,02,0,1,0,0,0,0,0,0,1,"- ","- ",39.320289611816406,-121.50604248046875,BUTTE,UNINCORPORATED,-121.50902557373047,39.317836761474609
91580972,2021,2021-09-28,9240,2021-09-24,2148,020376,,5,2,9,0400,0,1,3,,1,011,"SR-70 S/B","OPHIR ROAD",6336.00,S,N,A,-,Y,,,,,,,,,,Y,4,0,2,2,A,-,03,22350,,N,C,C,A,A,D,-,D,D,0,,,,,Y,,D,22,0,0,2,0,0,0,0,0,0,"- ","- ",39.449031829833984,-121.59308624267578,BUTTE,UNINCORPORATED,-121.57897186279297,39.464031219482422
9256521,2021,2021-08-23,0402,2021-07-25,0700,P03283,,7,5,5,0402,0,0,0,,0,,"RT 32","STEWART AV",504.00,S,N,A,-,Y,BUT,3,32,-,-,8.310,H,-,E,Y,1,1,0,1,A,-,08,22107,,N,E,I,A,A,H,-,A,D,0,,,,,Y,,D,22,0,0,0,0,0,0,0,0,0,"- ","- ",,,BUTTE,CHICO,-121.85102081298828,39.7255859375
9382674,2021,2022-03-18,0402,2021-11-15,1151,P03283,,1,5,5,0402,0,0,0,,0,,"MADRONE AV","NICOLE LN",132.00,S,N,A,-,N,,,,,,,,,,Y,4,0,1,1,A,-,03,22350,,N,E,I,A,A,H,-,A,D,0,,,,,Y,,A,01,0,0,1,0,0,0,0,0,0,"- ","- ",,,BUTTE,CHICO,-121.81462860107422,39.755733489990234
91390482,2021,2021-01-19,9240,2021-01-09,0757,019060,,6,1,9,0400,0,3,5,,2,020,"COLUSA HWY","BLOCK RD",175.00,E,N,A,-,Y,,,,,,,,,,Y,4,0,1,1,A,-,08,22107,,N,E,I,A,A,H,-,A,D,0,,,,,Y,,A,01,0,0,1,0,0,0,0,0,0,"- ","- ",39.363021850585938,-121.72482299804688,BUTTE,UNINCORPORATED,-121.72486877441406,39.362979888916016