CASE_ID,ACCIDENT_YEAR,PROC_DATE,JURIS,COLLISION_DATE,COLLISION_TIME,OFFICER_ID,REPORTING_DISTRICT,DAY_OF_WEEK,CHP_SHIFT,POPULATION,CNTY_CITY_LOC,SPECIAL_COND,BEAT_TYPE,CHP_BEAT_TYPE,CITY_DIVISION_LAPD,CHP_BEAT_CLASS,BEAT_NUMBER,PRIMARY_RD,SECONDARY_RD,DISTANCE,DIRECTION,INTERSECTION,WEATHER_1,WEATHER_2,STATE_HWY_IND,CALTRANS_COUNTY,CALTRANS_DISTRICT,STATE_ROUTE,ROUTE_SUFFIX,POSTMILE_PREFIX,POSTMILE,LOCATION_TYPE,RAMP_INTERSECTION,SIDE_OF_HWY,TOW_AWAY,COLLISION_SEVERITY,NUMBER_KILLED,NUMBER_INJURED,PARTY_COUNT,PRIMARY_COLL_FACTOR,PCF_CODE_OF_VIOL,PCF_VIOL_CATEGORY,PCF_VIOLATION,PCF_VIOL_SUBSECTION,HIT_AND_RUN,TYPE_OF_COLLISION,MVIW,PED_ACTION,ROAD_SURFACE,ROAD_COND_1,ROAD_COND_2,LIGHTING,CONTROL_DEVICE,CHP_ROAD_TYPE,PEDESTRIAN_ACCIDENT,BICYCLE_ACCIDENT,MOTORCYCLE_ACCIDENT,TRUCK_ACCIDENT,NOT_PRIVATE_PROPERTY,ALCOHOL_INVOLVED,STWD_VEHTYPE_AT_FAULT,CHP_VEHTYPE_AT_FAULT,COUNT_SEVERE_INJ,COUNT_VISIBLE_INJ,COUNT_COMPLAINT_PAIN,COUNT_PED_KILLED,COUNT_PED_INJURED,COUNT_BICYCLIST_KILLED,COUNT_BICYCLIST_INJURED,COUNT_MC_KILLED,COUNT_MC_INJURED,PRIMARY_RAMP,SECONDARY_RAMP,LATITUDE,LONGITUDE,COUNTY,CITY,POINT_X,POINT_Y
91381283,2021,2021-01-05,9240,2021-01-03,0410,019256,,7,3,9,0400,0,3,5,,2,030,"GRAND AVE","7TH AVE",360.00,E,N,B,-,N,,,,,,,,,,N,4,0,3,2,A,-,03,22350,,N,C,C,A,B,H,-,D,D,0,,,,,Y,,A,07,0,0,3,0,0,0,0,0,0,"- ","- ",39.517169952392578,-121.57935333251953,BUTTE,UNINCORPORATED,-121.57945251464844,39.517093658447266
91475410,2021,2021-05-27,9241,2021-05-16,1755,019093,,7,2,9,0400,0,2,4,,2,096,"HONEY RUN ROAD","HORSE RUN LANE",355.00,E,N,A,-,N,,,,,,,,,,N,3,0,2,1,A,-,01,23152,A,N,E,I,A,A,H,-,A,D,0,,,Y,,Y,Y,C,02,0,2,0,0,0,0,0,0,2,"- ","- ",39.710849761962891,-121.7659912109375,BUTTE,UNINCORPORATED,-121.76569366455078,39.7108154296875
91552911,2021,2021-08-24,9241,2021-08-15,0255,021256,,7,3,9,0400,0,3,5,,2,008,"HEGAN LN","FIMPLE RD",293.00,W,N,A,-,N,,,,,,,,,,Y,4,0,1,4,A,-,01,23152,A,N,D,C,A,A,H,-,D,D,0,,,,,Y,Y,A,07,0,0,1,0,0,0,0,0,0,"- ","- ",39.405460357666016,-121.51966857910156,BUTTE,UNINCORPORATED,-121.85243988037109,39.681987762451172
91568696,2021,2021-09-13,9241,2021-08-28,2310,018578,,6,3,9,0400,0,2,4,,2,065,"COUTOLENC RD","FOREST HAVEN LANE",2640.00,N,N,A,-,N,,,,,,,,,,Y,4,0,1,1,A,-,03,22350,,N,E,I,A,A,H,-,D,D,0,,,,,Y,,A,01,0,0,1,0,0,0,0,0,0,"- ","- ",39.844081878662109,-121.56935882568359,BUTTE,UNINCORPORATED,,
91656360,2021,2021-12-20,9241,2021-12-12,1400,014900,,7,2,5,0402,0,1,3,,2,100,"SR-99 N/B","NORTH OF E. 20TH ST.",2380.00,N,N,B,C,Y,,,99,,,,,,N,Y,3,0,2,2,A,-,07,21658,A,N,C,C,A,B,H,-,A,A,0,,,,,Y,,A,01,0,2,0,0,0,0,0,0,0,"- ","- ",39.731990814208984,-121.81365203857422,BUTTE,CHICO,-121.81367492675781,39.731971740722656
91657797,2021,2021-12-21,9241,2021-12-17,0849,018181,,5,1,9,0400,0,3,5,,2,007,"DOGTOWN ROAD","6501 CEDAR PARK DRIVE",20.00,N,N,B,-,N,,,,,,,,,,N,3,0,1,2,A,-,03,22350,,N,A,C,A,C,H,-,A,D,0,,,,Y,Y,,D,22,0,1,0,0,0,0,0,0,0,"- ","- ",39.829891204833984,-121.59564971923828,BUTTE,UNINCORPORATED,,
9238830,2021,2021-04-14,0402,2021-03-08,0836,P03283,,1,5,5,0402,0,0,0,,0,,"W EAST AV","CUSSICK AV",0.00,,Y,A,-,N,,,,,,,,,,Y,3,0,1,2,A,-,12,21453,A,N,D,C,A,A,H,-,A,A,0,,,,,Y,,A,01,0,1,0,0,0,0,0,0,0,"- ","- ",,,BUTTE,CHICO,-121.87078094482422,39.751129150390625
9242973,2021,2021-04-15,0404,2021-03-05,1554,651,W,5,5,3,0404,0,0,0,,0,00W,"BAGGETT PALERMO RD","OPHIR RD",0.00,,Y,A,-,N,,,,,,,,,,Y,4,0,1,2,A,-,03,22350,,N,C,C,A,A,H,-,A,A,0,,,,,Y,,-,,0,0,1,0,0,0,0,0,0,"- ","- ",39.465129852294922,-121.56131744384766,BUTTE,OROVILLE,-121.56127166748047,39.465145111083984
91383315,2021,2021-01-07,9240,2021-01-04,1930,019055,,1,2,9,0400,0,3,5,,2,030,"ORO-QUINCY HWY","FRENCH CREEK ROAD",528.00,W,N,B,-,N,,,,,,,,,,Y,3,0,1,1,A,-,05,21650,,N,E,I,A,B,H,-,D,D,0,,,,,Y,,A,07,0,1,0,0,0,0,0,0,0,"- ","- ",39.684501647949219,-121.36360168457031,BUTTE,UNINCORPORATED,-121.363525390625,39.6845703125
91388377,2021,2021-01-15,9240,2021-01-13,2300,019842,,3,3,9,0400,0,3,5,,2,010,"PALERMO-HONCUT HWY","COX LN",408.00,N,N,A,-,N,,,,,,,,,,Y,3,0,1,1,A,-,08,22107,,N,E,I,A,A,H,-,D,D,0,,,,,Y,,A,01,0,1,0,0,0,0,0,0,0,"- ","- ",39.386478424072266,-121.53980255126953,BUTTE,UNINCORPORATED,-121.53974914550781,39.386341094970703
91394892,2021,2021-01-27,9241,2021-01-14,1859,019692,,4,2,9,0400,0,1,3,,1,061,SR-99,"MALLARD ESTATES RD.",77.00,N,N,A,-,Y,,,99,,,,,,,Y,1,1,0,2,A,-,11,21956,,N,G,B,E,A,H,-,D,D,0,Y,,,,Y,,N,60,0,0,0,1,0,0,0,0,0,"- ","- ",39.826011657714844,-121.92768859863281,BUTTE,UNINCORPORATED,-121.92771911621094,39.825984954833984
91427391,2021,2021-03-15,9241,2021-03-11,0730,018540,,4,1,9,0400,0,3,5,,2,008,"AGUAS FRIAS RD","DURHAM-DAYTON HWY",1176.00,S,N,A,-,N,,,,,,,,,,N,2,0,1,1,A,-,08,22107,,N,H,A,A,A,H,-,A,D,0,,,,,Y,,A,08,1,0,0,0,0,0,0,0,0,"- ","- ",39.649650573730469,-121.86179351806641,BUTTE,UNINCORPORATED,-121.86174774169922,39.649730682373047
9273254,2021,2021-07-14,0402,2021-06-01,1200,P03283,,2,5,5,0402,0,0,0,,0,,"EAST AV","NORTH AV",0.00,,Y,A,-,N,,,,,,,,,,Y,3,0,2,3,A,-,01,23152,A,N,B,C,A,A,H,-,A,D,0,,,,,Y,,A,07,0,1,1,0,0,0,0,0,0,"- ","- ",,,BUTTE,CHICO,-121.83867645263672,39.760929107666016
9351728,2021,2021-11-15,0402,2021-10-17,1850,21,0402,7,5,5,0402,0,0,0,,0,,"E 20TH ST","FRANKLIN ST",373.00,E,N,C,-,N,,,,,,,,,,N,3,0,1,2,A,-,17,21209,,F,C,G,A,B,H,-,C,D,0,,Y,,,Y,Y,A,01,0,1,0,0,0,0,1,0,0,"- ","- ",,,BUTTE,CHICO,-121.81669616699219,39.724754333496094
91409960,2021,2021-02-17,9240,2021-02-05,1812,019710,,5,2,9,0400,0,1,3,,1,021,"STATE ROUTE 99","TURNER AVENUE",3500.00,S,N,A,-,Y,,,99,,,,,,,Y,4,0,4,3,A,-,03,22350,,N,C,C,A,A,H,-,D,D,0,,,,,Y,,D,22,0,0,4,0,0,0,0,0,0,"- ","- ",39.314060211181641,-121.67594146728516,BUTTE,UNINCORPORATED,-121.67591857910156,39.314067840576172
91518845,2021,2021-07-13,9241,2021-06-26,1343,017170,,6,1,9,0400,0,2,4,,2,086,"DURHAM DAYTON HWY.","STANFORD LN",12.00,W,N,A,-,N,,,,,,,,,,Y,1,1,0,2,A,-,05,21460,A,N,B,C,A,A,H,-,A,D,0,,,Y,,Y,,C,02,0,0,0,0,0,0,0,1,0,"- ","- ",39.645969390869141,-121.78761291503906,BUTTE,UNINCORPORATED,-121.78739166259766,39.645835876464844
9346044,2021,2021-11-09,0402,2021-10-08,2359,P01217,34,5,5,5,0402,0,0,0,,0,005,"MANGROVE AV","9TH ST",30.00,N,N,A,-,N,,,,,,,,,,Y,3,0,1,1,A,-,01,23152,A,N,E,I,A,A,H,-,C,A,0,,,,,Y,Y,D,22,0,1,0,0,0,0,0,0,0,"- ","- ",,,BUTTE,CHICO,-121.84394073486328,39.749721527099609
9367366,2021,2021-12-13,0405,2021-10-17,1931,GAT01,3N,7,5,4,0405,0,0,0,,0,00N,"CLARK RD","WARREN RD",0.00,,Y,C,-,N,,,,,,,,,,N,4,0,1,1,A,-,05,21650,,N,F,I,A,B,H,-,D,D,0,,,,,Y,,A,07,0,0,1,0,0,0,0,0,0,"- ","- ",39.788700103759766,-121.58589935302734,BUTTE,PARADISE,-121.58589935302734,39.788604736328125
91546248,2021,2021-08-16,9240,2021-08-03,0615,017532,,2,1,9,0400,0,1,3,,1,021,SR-99,"HINAMAN DR.",45.00,S,N,A,-,Y,,,99,,,,,,,N,4,0,2,3,A,-,03,22350,,N,C,C,A,A,H,-,A,D,0,,,,,Y,,A,01,0,0,2,0,0,0,0,0,0,"- ","- ",39.3902587890625,-121.68798828125,BUTTE,UNINCORPORATED,-121.68801879882812,39.3902587890625
91644914,2021,2021-12-07,9240,2021-11-28,1705,021137,,7,2,9,0400,0,1,3,,1,011,SR-70,"LOWER HONCUT",173.00,N,N,A,-,Y,,,70,,,,,,,Y,3,0,4,2,A,-,08,22107,,N,E,8,A,A,H,-,C,D,0,,,,,Y,,A,01,0,2,2,0,0,0,0,0,0,"- ","- ",39.321491241455078,-121.59597778320312,BUTTE,UNINCORPORATED,-121.59620666503906,39.321479797363281
9291063,2021,2021-08-06,0402,2021-06-30,1351,P03283,,3,5,5,0402,0,0,0,,0,,"EAST 1ST AV","LABURNUM AV",22.00,W,N,A,-,N,,,,,,,,,,Y,3,0,2,1,-,C,"- ",,,N,E,I,A,A,H,-,A,D,0,,,,,Y,,-,"- ",0,2,0,0,0,0,0,0,0,"- ","- ",,,BUTTE,CHICO,-121.84250640869141,39.739200592041016
91401580,2021,2021-02-12,9241,2021-01-21,1050,016831,,4,1,9,0400,0,1,3,,2,080,SR-32,"RIVER ROAD",160.00,E,N,A,-,Y,,,32,,,,,,,N,4,0,1,2,A,-,08,22107,,N,C,C,A,A,H,-,A,D,0,,Y,,,Y,,L,04,0,0,1,0,0,0,1,0,0,"- ","- ",39.753311157226562,-121.96634674072266,BUTTE,UNINCORPORATED,-121.96634674072266,39.753311157226562
91571441,2021,2021-09-15,9240,2021-09-09,2136,020170,,4,2,9,0400,0,3,5,,2,010,"FORBESTOWN RD","LAKE WYANDOTTE DRIVE",1020.00,N,N,B,C,N,,,,,,,,,,Y,3,0,1,1,A,-,01,23152,A,N,E,I,A,B,H,-,D,D,0,,,Y,,Y,Y,C,02,0,1,0,0,0,0,0,0,1,"- ","- ",39.500621795654297,-121.41178894042969,BUTTE,UNINCORPORATED,-121.40828704833984,39.501438140869141
91585826,2021,2021-10-01,9240,2021-09-29,1920,019653,,3,2,9,0400,0,1,3,,1,021,SR-99,"DAKOTA AVENUE",0.00,,Y,A,-,Y,,,99,,,,,,,Y,3,0,2,3,A,-,09,21801,A,N,A,2,A,A,H,-,D,A,0,,,,,Y,,A,01,0,2,0,0,0,0,0,0,0,"- ","- ",39.408821105957031,-121.6881103515625,BUTTE,UNINCORPORATED,-121.68799591064453,39.408821105957031
91638593,2021,2021-11-30,9240,2021-11-29,1530,018967,,1,2,9,0400,0,3,5,,2,010,"OROVILLE-BANGOR HWY","JAN DAR RD",1056.00,N,N,A,-,N,,,,,,,,,,Y,4,0,1,2,A,-,09,21801,A,N,D,C,A,A,H,-,A,D,0,,,,,Y,,A,01,0,0,1,0,0,0,0,0,0,"- ","- ",39.432491302490234,-121.43067932128906,BUTTE,UNINCORPORATED,-121.43061828613281,39.432418823242188
9325916,2021,2021-10-28,0402,2021-09-08,1345,P03283,,3,5,5,0402,0,0,0,,0,,"NOTRE DAME BL","HUMBOLDT RD",750.00,S,N,A,-,N,,,,,,,,,,Y,3,0,1,1,A,-,08,22107,,N,E,I,A,A,H,-,A,D,0,,,,,Y,,D,22,0,1,0,0,0,0,0,0,0,"- ","- ",,,BUTTE,CHICO,-121.79825592041016,39.737396240234375
91440200,2021,2021-03-31,9240,2021-03-22,1800,019055,,1,2,9,0400,0,1,3,,2,041,SR-162,"BIDWELL BAR BRIDGE",5.00,W,N,A,-,Y,,,162,,,,,,,Y,4,0,1,2,A,-,01,23152,A,M,A,C,A,A,H,-,A,D,0,,,,,Y,,A,01,0,0,1,0,0,0,0,0,0,"- ","- ",39.547599792480469,-121.43080139160156,BUTTE,UNINCORPORATED,-121.43082427978516,39.547657012939453
91446994,2021,2021-04-09,9241,2021-04-07,1120,018540,,3,1,9,0400,0,1,3,,2,100,"SR-99 S/B","E. 20TH STREET",300.00,S,N,A,-,Y,,,,,,,,,,Y,3,0,1,2,A,-,03,22350,,N,C,C,A,A,H,-,A,D,0,,,,,Y,,A,01,0,1,0,0,0,0,0,0,0,"- ","- ",39.726280212402344,-121.81098937988281,BUTTE,UNINCORPORATED,-121.80924224853516,39.725860595703125
91662184,2021,2021-12-27,9241,2021-12-22,1200,014900,,3,1,9,0400,0,2,4,,1,082,MIDWAY,"COLONY RD.",2112.00,S,N,B,-,N,,,,,,,,,,Y,3,0,1,2,A,-,03,22350,,N,C,C,A,B,H,-,A,D,0,,,,Y,Y,,A,01,0,1,0,0,0,0,0,0,0,"- ","- ",39.542030334472656,-121.76116943359375,BUTTE,UNINCORPORATED,-121.76166534423828,39.54327392578125
9257629,2021,2021-05-25,0404,2021-04-03,0000,573,W,6,5,3,0404,0,0,0,,0,00W,"MITCHELL AV","VEATCH ST",0.00,E,N,A,-,N,,,,,,,,,,Y,3,0,1,2,A,-,03,22350,,N,C,C,A,A,H,-,A,D,0,,,,,Y,,-,,0,1,0,0,0,0,0,0,0,"- ","- ",39.506629943847656,-121.55867004394531,BUTTE,OROVILLE,-121.55862426757812,39.506641387939453
9281097,2021,2021-07-29,0402,2021-06-17,1051,P03283,,4,5,5,0402,0,0,0,,0,,ESPLANADE,"E 4TH AV",0.00,,Y,A,-,N,,,,,,,,,,N,4,0,1,2,A,-,09,21802,A,N,D,C,A,A,H,-,A,A,0,,,,,Y,,A,07,0,0,1,0,0,0,0,0,0,"- ","- ",,,BUTTE,CHICO,-121.84790802001953,39.741012573242188
9322775,2021,2021-10-18,0402,2021-08-17,1900,1286,0402,2,5,5,0402,0,0,0,,0,006,"EAST 1ST AV","MANGROVE AV",0.00,,Y,A,F,N,,,,,,,,,,Y,4,0,3,2,A,-,01,23152,A,N,D,C,A,A,H,-,A,-,0,,,,,Y,Y,A,01,0,0,3,0,0,0,0,0,0,"- ","- ",,,BUTTE,CHICO,-121.83780670166016,39.7412109375
9375667,2021,2021-12-29,0402,2021-11-21,2243,P00923,59,7,5,5,0402,0,0,0,,0,004,"BRUCE RD","PICHOLINE WY",193.00,N,N,A,-,N,,,,,,,,,,Y,3,0,1,1,A,-,05,21650,,N,E,I,A,A,H,-,D,D,0,,,,,Y,,A,01,0,1,0,0,0,0,0,0,0,"- ","- ",39.733009338378906,-121.78745269775391,BUTTE,CHICO,-121.78752899169922,39.732921600341797
91475002,2021,2021-05-27,9241,2021-04-28,1628,018578,,3,2,5,0402,0,1,3,,2,100,"SOUTHBOUND SR-99",SKYWAY,1740.00,N,N,A,-,Y,,,99,,,,,,,Y,4,0,1,2,A,-,08,22107,,N,E,I,A,A,H,-,A,D,0,,,,,Y,,A,01,0,0,1,0,0,0,0,0,0,"- ","- ",39.718608856201172,-121.80359649658203,BUTTE,CHICO,-121.80369567871094,39.718536376953125
91517931,2021,2021-07-12,9240,2021-04-26,0800,017760,,1,1,9,0400,0,3,5,,2,040,"ORO QUINCY HWY","BERRY CREEK RD",528.00,S,N,A,-,N,,,,,,,,,,Y,4,0,1,1,A,-,08,22107,,N,E,I,A,A,H,-,A,D,0,,,,,Y,,D,22,0,0,1,0,0,0,0,0,0,"- ","- ",39.382400512695312,-121.25460052490234,BUTTE,UNINCORPORATED,-121.42987823486328,39.641529083251953
9275791,2021,2021-06-29,0402,2021-05-05,1319,43,0402,3,5,5,0402,0,0,0,,0,001,"NORD AV","W SACRAMENTO AV",39.00,S,N,A,-,Y,BUT,3,32,-,-,7.800,H,-,E,Y,4,0,1,2,A,-,05,21650,,N,D,C,A,A,H,-,A,D,0,,,,,Y,Y,A,01,0,0,1,0,0,0,0,0,0,"- ","- ",,,BUTTE,CHICO,-121.85823059082031,39.730648040771484
9295820,2021,2021-08-25,0402,2021-07-03,0204,59,0402,6,5,5,0402,0,0,0,,0,003,"CAMELLIA WY","FLUME ST",0.00,,Y,A,-,N,,,,,,,,,,Y,4,0,1,1,A,-,01,23153,A,N,H,J,A,A,H,-,C,D,0,,,,,Y,Y,A,01,0,0,1,0,0,0,0,0,0,"- ","- ",,,BUTTE,CHICO,-121.83840942382812,39.731601715087891
9298708,2021,2021-08-12,0403,2021-07-13,1734,P73,G,2,5,2,0403,0,0,0,,0,,"EAST GRIDLEY RD","FAIRVIEW DR",387.00,E,N,A,-,N,,,,,,,,,,N,3,0,2,2,A,-,04,21703,,N,C,C,A,A,H,-,A,D,0,,,,,Y,,A,01,0,1,1,0,0,0,0,0,0,"- ","- ",39.363651275634766,-121.68525695800781,BUTTE,GRIDLEY,-121.68470001220703,39.363231658935547
9321762,2021,2021-11-04,0402,2021-09-03,1645,P01272,BUTTE,5,5,5,0402,0,0,0,,0,006,"MANGROVE AV","E 9TH AV",366.00,S,N,A,-,N,,,,,,,,,,N,4,0,1,2,A,-,09,21801,A,N,D,C,A,A,H,-,A,D,0,,,,,Y,Y,A,08,0,0,1,0,0,0,0,0,0,"- ","- ",,,BUTTE,CHICO,-121.84325408935547,39.748771667480469
91424614,2021,2021-03-10,9241,2021-03-07,1400,019692,,7,2,9,0400,0,1,3,,2,080,SR-32,"SETH LN.",63.00,E,N,A,-,Y,,,32,,,,,,,Y,4,0,1,1,A,-,08,22107,,N,E,I,A,A,H,-,A,D,0,,,,,Y,,A,08,0,0,1,0,0,0,0,0,0,"- ","- ",39.753379821777344,-121.93428039550781,BUTTE,UNINCORPORATED,-121.93428039550781,39.753345489501953
91440131,2021,2021-03-31,9240,2021-03-23,0335,019256,,2,3,9,0400,0,1,3,,1,021,SR-99,"TOLAND RD.",82.00,N,N,A,-,Y,,,99,,,,,,,N,2,0,1,2,A,-,03,22350,,N,G,B,E,A,D,-,C,A,0,Y,,,,Y,,A,01,1,0,0,0,1,0,0,0,0,"- ","- ",39.508968353271484,-121.68882751464844,BUTTE,UNINCORPORATED,-121.68880462646484,39.508968353271484
9250231,2021,2021-04-23,0404,2021-04-03,2243,699,W,6,5,3,0404,0,0,0,,0,00W,"KUSEL RD","OPHIR RD",0.00,,Y,A,-,N,,,,,,,,,,Y,3,0,1,1,A,-,01,23152,,N,H,I,A,A,H,-,C,D,0,,,,,Y,Y,-,,0,1,0,0,0,0,0,0,0,"- ","- ",39.465389251708984,-121.55879211425781,BUTTE,OROVILLE,-121.55875396728516,39.465385437011719
9261198,2021,2021-05-07,0404,2021-04-17,2046,645,E,6,5,3,0404,0,0,0,,0,00E,"OLIVE HWY","ORO DAM BL",0.00,,Y,A,-,Y,BUT,3,162,-,-,17.553,I,5,E,N,4,0,1,2,A,-,04,21703,,N,C,E,A,A,H,-,C,A,0,,,,,Y,,A,01,0,0,1,0,0,0,0,0,0,"- ","- ",39.506458282470703,-121.54546356201172,BUTTE,OROVILLE,-121.54571533203125,39.506748199462891
9270047,2021,2021-06-18,0402,2021-05-12,0827,49,,3,5,5,0402,0,0,0,,0,006,ESPLANADE,"WEST 1ST AV",0.00,,Y,A,-,N,,,,,,,,,,Y,4,0,1,2,A,-,12,21453,A,M,D,C,A,A,H,-,A,A,0,,,,,Y,,D,22,0,0,1,0,0,0,0,0,0,"- ","- ",,,BUTTE,CHICO,-121.84577941894531,39.737762451171875
91427010,2021,2021-03-15,9240,2021-03-08,0730,017532,,1,1,9,0400,0,1,3,,1,021,SR-99,"RIO BONITO RD",0.00,,Y,A,-,Y,,,99,,,,,,,Y,4,0,1,2,A,-,09,21802,A,N,D,C,A,A,H,-,A,A,0,,,,,Y,,A,01,0,0,1,0,0,0,0,0,0,"- ","- ",39.425140380859375,-121.68810272216797,BUTTE,UNINCORPORATED,-121.68813323974609,39.425140380859375
9388613,2021,2022-01-21,0404,2021-12-21,2006,686,W,2,5,3,0404,0,0,0,,0,00W,"MYERS ST","MITCHELL AV",0.00,,Y,C,-,N,,,,,,,,,,Y,3,0,2,2,A,-,09,21801,A,N,E,I,A,B,H,-,C,A,0,,,,,Y,,A,01,0,2,0,0,0,0,0,0,0,"- ","- ",39.506828308105469,-121.55126953125,BUTTE,OROVILLE,-121.55133819580078,39.506950378417969
91455506,2021,2021-04-21,9241,2021-04-19,1640,016360,,1,2,9,0400,0,2,4,,2,085,"DAYTON RD","ELK AVE",0.00,,Y,A,-,N,,,,,,,,,,Y,4,0,2,2,A,-,09,21802,A,N,D,C,A,A,H,-,A,A,0,,,,,Y,,A,07,0,0,2,0,0,0,0,0,0,"- ","- ",39.682090759277344,-121.85720825195312,BUTTE,UNINCORPORATED,-121.85680389404297,39.681919097900391
91388268,2021,2021-01-15,9241,2021-01-14,0750,020624,,4,1,9,0400,0,2,4,,2,064,"NORD HWY","ORCHARD BLOSSOM LN",2112.00,E,N,A,-,N,,,,,,,,,,Y,3,0,1,2,C,-,18,,,N,A,C,A,A,H,-,A,D,0,,,,,Y,,-,"- ",0,1,0,0,0,0,0,0,0,"- ","- ",39.775360107421875,-121.89739227294922,BUTTE,UNINCORPORATED,-121.89757537841797,39.775371551513672
91432549,2021,2021-06-23,9240,2021-03-13,1625,018967,,6,2,9,0400,0,3,5,,2,010,"ORO BANGOR HWY","FOOTHILL BLVD",80.00,E,N,A,-,N,,,,,,,,,,Y,1,1,0,1,A,-,01,23152,F,N,E,I,A,A,H,-,A,D,0,,,Y,,Y,,C,02,0,0,0,0,0,0,0,1,0,"- ","- ",39.483001708984375,-121.50379943847656,BUTTE,UNINCORPORATED,-121.50686645507812,39.485336303710938
91543771,2021,2021-08-12,9241,2021-08-09,1545,016360,,1,2,9,0400,0,1,3,,2,100,"SR-99 N/B","VALLOMBROSA AVE",250.00,N,N,A,-,Y,,,,,,,,,,Y,3,0,2,3,A,-,03,22350,,N,C,C,A,A,H,-,A,D,0,,,,,Y,,A,01,0,1,1,0,0,0,0,0,0,"- ","- ",39.740249633789062,-121.82453155517578,BUTTE,UNINCORPORATED,-121.82456207275391,39.740242004394531
9243126,2021,2021-04-13,0404,2021-02-23,1333,714,,2,5,3,0404,0,0,0,,0,,"ORO DAM BL W","MIDDLEHOFF LN",322.00,W,N,A,-,N,,,,,,,,,,Y,2,0,1,2,A,-,07,21658,,F,H,G,A,A,H,-,A,D,0,,Y,,,Y,,-,,1,0,0,0,0,0,1,0,0,"- ","- ",39.458179473876953,-121.58287048339844,BUTTE,OROVILLE,-121.58426666259766,39.498050689697266
9377986,2021,2022-01-14,0404,2021-12-06,1311,735,W,1,5,3,0404,0,0,0,,0,00W,"ORO DAM BL EAST","OLIVE HWY",361.00,N,N,A,-,N,,,,,,,,,,N,3,0,1,2,A,-,09,21804,,N,B,C,A,A,H,-,A,D,0,,,,,Y,,A,01,0,1,0,0,0,0,0,0,0,"- ","- ",39.506748199462891,-121.54570007324219,BUTTE,OROVILLE,,
91383310,2021,2021-01-07,9241,2021-01-06,1525,016360,,3,2,9,0400,0,1,3,,2,081,"SR-99 N/B","NEAL RD.",200.00,S,N,A,B,Y,,,,,,,,,,N,4,0,1,2,A,-,03,22350,,N,C,C,A,A,H,-,A,D,0,,,,,Y,,D,22,0,0,1,0,0,0,0,0,0,"- ","- ",39.395401000976562,-121.44342803955078,BUTTE,UNINCORPORATED,-121.74322509765625,39.665409088134766
91472762,2021,2021-05-13,9240,2021-01-15,2219,019256,,5,3,3,0404,0,2,S,,2,901,"LOWER WYANDOTTE RD","CLAREMONT DR",98.00,N,N,A,-,N,,,,,,,,,,Y,1,1,0,1,A,-,03,22350,,N,F,A,A,A,H,-,C,D,0,,,Y,,Y,,C,02,0,0,0,0,0,0,0,1,0,"- ","- ",39.49578857421875,-121.53079223632812,BUTTE,OROVILLE,-121.53073883056641,39.495761871337891
9256833,2021,2021-05-13,0403,2021-05-01,2221,P207,G,6,5,2,0403,0,0,0,,0,,"W LIBERTY RD","W LIBERTY RD 60",0.00,,-,A,-,N,,,,,,,,,,Y,4,0,1,1,A,-,03,22350,,N,E,J,A,A,H,-,D,D,0,,,,,Y,,A,01,0,0,1,0,0,0,0,0,0,"- ","- ",39.348808288574219,-121.68784332275391,BUTTE,GRIDLEY,-121.71524047851562,39.348270416259766
9271840,2021,2021-06-16,0404,2021-05-19,1413,686,TH,3,5,3,0404,0,0,0,,0,0TH,"GRAND AV","5TH ST",0.00,,Y,A,-,N,,,,,,,,,,Y,3,0,4,3,A,-,04,21703,,N,C,C,A,A,H,-,A,A,0,,,,,Y,,A,01,0,4,0,0,0,0,0,0,0,"- ","- ",39.518260955810547,-121.57597351074219,BUTTE,OROVILLE,-121.57619476318359,39.518470764160156
9283642,2021,2021-08-05,0402,2021-06-03,1855,81,,4,5,5,0402,0,0,0,,0,002,"BROADWAY ST","W 7TH ST",0.00,,Y,A,-,N,,,,,,,,,,Y,4,0,1,2,A,-,12,21453,,N,D,C,A,A,H,-,A,A,0,,,,,Y,Y,A,01,0,0,1,0,0,0,0,0,0,"- ","- ",,,BUTTE,CHICO,-121.83737945556641,39.726287841796875
9382672,2021,2021-12-24,0402,2021-11-21,2044,23,,7,5,5,0402,0,0,0,,0,,"EAST 1ST AV",ESPLANADE,0.00,,Y,B,-,N,,,,,,,,,,Y,3,0,1,2,A,-,09,21804,A,N,D,C,A,A,H,-,C,A,0,,,,,Y,,A,01,0,1,0,0,0,0,0,0,0,"- ","- ",,,BUTTE,CHICO,-121.84565734863281,39.737827301025391
91404048,2021,2021-02-08,9241,2021-01-29,2130,018578,,5,2,9,0400,0,1,3,,1,060,SR-32,"HUMBOLDT PARK DRIVE",500.00,E,N,A,-,Y,,,32,,,,,,,Y,4,0,1,1,A,-,08,22107,,N,E,I,A,B,H,-,D,D,0,,,,,Y,,A,07,0,0,1,0,0,0,0,0,0,"- ","- ",39.857181549072266,-121.69377899169922,BUTTE,UNINCORPORATED,-121.69370269775391,39.857208251953125