CASE_ID,ACCIDENT_YEAR,PROC_DATE,JURIS,COLLISION_DATE,COLLISION_TIME,OFFICER_ID,REPORTING_DISTRICT,DAY_OF_WEEK,CHP_SHIFT,POPULATION,CNTY_CITY_LOC,SPECIAL_COND,BEAT_TYPE,CHP_BEAT_TYPE,CITY_DIVISION_LAPD,CHP_BEAT_CLASS,BEAT_NUMBER,PRIMARY_RD,SECONDARY_RD,DISTANCE,DIRECTION,INTERSECTION,WEATHER_1,WEATHER_2,STATE_HWY_IND,CALTRANS_COUNTY,CALTRANS_DISTRICT,STATE_ROUTE,ROUTE_SUFFIX,POSTMILE_PREFIX,POSTMILE,LOCATION_TYPE,RAMP_INTERSECTION,SIDE_OF_HWY,TOW_AWAY,COLLISION_SEVERITY,NUMBER_KILLED,NUMBER_INJURED,PARTY_COUNT,PRIMARY_COLL_FACTOR,PCF_CODE_OF_VIOL,PCF_VIOL_CATEGORY,PCF_VIOLATION,PCF_VIOL_SUBSECTION,HIT_AND_RUN,TYPE_OF_COLLISION,MVIW,PED_ACTION,ROAD_SURFACE,ROAD_COND_1,ROAD_COND_2,LIGHTING,CONTROL_DEVICE,CHP_ROAD_TYPE,PEDESTRIAN_ACCIDENT,BICYCLE_ACCIDENT,MOTORCYCLE_ACCIDENT,TRUCK_ACCIDENT,NOT_PRIVATE_PROPERTY,ALCOHOL_INVOLVED,STWD_VEHTYPE_AT_FAULT,CHP_VEHTYPE_AT_FAULT,COUNT_SEVERE_INJ,COUNT_VISIBLE_INJ,COUNT_COMPLAINT_PAIN,COUNT_PED_KILLED,COUNT_PED_INJURED,COUNT_BICYCLIST_KILLED,COUNT_BICYCLIST_INJURED,COUNT_MC_KILLED,COUNT_MC_INJURED,PRIMARY_RAMP,SECONDARY_RAMP,LATITUDE,LONGITUDE,COUNTY,CITY,POINT_X,POINT_Y
91412907,2021,2021-02-22,9241,2021-02-21,0844,014929,,7,1,9,0400,0,3,5,,2,007,"COLUMBINE WAY","JACK PINE WAY",25.00,E,N,A,-,N,,,,,,,,,,Y,4,0,1,1,A,-,01,23152,A,N,E,I,A,A,H,-,A,D,0,,,,,Y,Y,A,01,0,0,1,0,0,0,0,0,0,"- ","- ",39.854381561279297,-121.60520172119141,BUTTE,UNINCORPORATED,-121.60521697998047,39.854415893554688
91656927,2021,2021-12-20,9241,2021-12-19,0720,014929,,7,1,9,0400,0,1,3,,2,081,"SR-99 S/B","NEAL RD",0.00,,Y,B,-,Y,,,99,,,,,,S,Y,2,0,2,2,A,-,12,21453,A,N,D,C,A,A,H,-,A,A,0,,,,,Y,,A,01,1,1,0,0,0,0,0,0,0,"- ","- ",39.665748596191406,-121.74404144287109,BUTTE,UNINCORPORATED,-121.74402618408203,39.665763854980469
9336913,2021,2021-09-28,0402,2021-08-28,0951,1973,,6,5,5,0402,0,0,0,,0,006,"E  1ST AV","LABURNUM AV",154.00,E,N,A,-,N,,,,,,,,,,Y,4,0,1,2,A,-,08,22107,,N,B,E,A,A,H,-,A,D,0,,,,,Y,,A,01,0,0,1,0,0,0,0,0,0,"- ","- ",,,BUTTE,CHICO,-121.84196472167969,39.739437103271484
9406139,2021,2022-02-16,0402,2021-12-06,1639,39/1862,,1,5,5,0402,0,0,0,,0,,"E 12TH ST","OLIVE ST",72.00,E,N,A,-,N,,,,,,,,,,Y,4,0,2,1,A,-,07,21658,A,N,A,I,A,A,H,-,C,A,0,,,,,Y,,-,,0,0,2,0,0,0,0,0,0,"- ","- ",,,BUTTE,CHICO,-121.82842254638672,39.725318908691406
91587214,2021,2021-10-04,9241,2021-10-01,2018,015529,,5,2,9,0400,0,2,4,,2,070,SKYWAY,"PURDUE CT",125.00,S,N,A,-,N,,,,,,,,,,Y,4,0,1,1,C,-,18,,,N,E,H,A,A,H,-,D,D,0,,,Y,,Y,,-,"- ",0,0,1,0,0,0,0,0,1,"- ","- ",39.820980072021484,-121.59297943115234,BUTTE,UNINCORPORATED,-121.59319305419922,39.820903778076172
91643571,2021,2021-12-06,9241,2021-11-25,1440,018578,,4,2,9,0400,0,2,4,,2,096,"HONEY RUN RD","HONEYRUN LANE",1320.00,E,N,A,-,N,,,,,,,,,,Y,3,0,1,1,A,-,03,22350,,N,E,I,A,A,H,-,A,D,0,,,,,Y,,A,01,0,1,0,0,0,0,0,0,0,"- ","- ",39.713729858398438,-121.73857879638672,BUTTE,UNINCORPORATED,-121.74583435058594,39.711868286132812
9295617,2021,2021-08-20,0402,2021-07-10,1318,P00677,,6,5,5,0402,0,0,0,,0,002,"SALEM ST","W 7TH ST",0.00,,Y,A,-,N,,,,,,,,,,Y,3,0,1,2,A,-,12,22450,,N,D,D,A,A,A,-,A,C,0,,,,,Y,,D,22,0,1,0,0,0,0,0,0,0,"- ","- ",,,BUTTE,CHICO,-121.83834838867188,39.725639343261719
9317764,2021,2021-09-21,0405,2021-08-16,0906,MAY01,7S,1,5,4,0405,0,0,0,,0,00S,"CLARK RD","PEARSON RD",249.00,S,N,F,-,N,,,191,,,,,,,N,4,0,2,2,A,-,09,21804,A,N,D,C,A,A,H,-,A,D,0,,,,,Y,,A,01,0,0,2,0,0,0,0,0,0,"- ","- ",39.75225830078125,-121.60774993896484,BUTTE,PARADISE,-121.60776519775391,39.75225830078125
9347591,2021,2021-10-22,0405,2021-08-31,1358,GAT01,11S,2,5,4,0405,0,0,0,,0,00S,"CLARK RD","EWALD CT",75.00,S,N,A,-,N,,,191,,,,,,,N,4,0,1,2,A,-,03,22350,,N,C,C,A,A,H,-,A,D,0,,,,,Y,,-,,0,0,1,0,0,0,0,0,0,"- ","- ",39.744220733642578,-121.60764312744141,BUTTE,PARADISE,-121.60767364501953,39.744220733642578
9389696,2021,2022-01-18,0402,2021-12-10,0557,3827,0402,5,5,5,0402,0,0,0,,0,006,"W EAST AV","HOLLY AV",0.00,,Y,B,-,N,,,,,,,,,,N,3,0,1,2,A,-,00,22950,A,N,G,B,B,B,H,-,C,A,0,Y,,,,Y,,A,01,0,1,0,0,1,0,0,0,0,"- ","- ",39.751121520996094,-121.87065124511719,BUTTE,CHICO,-121.87078094482422,39.751129150390625
91399697,2021,2021-02-01,9241,2021-01-26,1355,018540,,2,1,9,0400,0,2,4,,2,070,SKYWAY,"DOGTOWN RD.",300.00,N,N,B,-,N,,,,,,,,,,N,2,0,1,1,A,-,01,23152,A,N,F,A,A,A,H,-,A,D,0,,,Y,,Y,Y,C,02,1,0,0,0,0,0,0,0,1,"- ","- ",39.831378936767578,-121.59629058837891,BUTTE,UNINCORPORATED,-121.59634399414062,39.831569671630859
91568783,2021,2021-09-13,9241,2021-08-29,0420,018578,,7,3,9,0400,0,2,4,,2,090,SKYWAY,"MEDIA WAY",4224.00,W,N,A,-,N,,,,,,,,,,Y,4,0,1,1,A,-,08,22107,,N,F,A,A,A,H,-,D,D,0,,,,,Y,,A,07,0,0,1,0,0,0,0,0,0,"- ","- ",39.724891662597656,-121.69129180908203,BUTTE,UNINCORPORATED,-121.6920166015625,39.724235534667969
91386950,2021,2021-01-13,9240,2021-01-03,0100,019842,,7,3,9,0400,0,3,5,,2,010,"UPPER PALERMO RD","MESSINA AVE",125.00,N,N,B,-,N,,,,,,,,,,Y,2,0,1,1,A,-,05,21650,,F,E,I,A,B,H,-,D,D,0,,,,,Y,,A,07,1,0,0,0,0,0,0,0,0,"- ","- ",39.442329406738281,-121.53782653808594,BUTTE,UNINCORPORATED,-121.53773498535156,39.442432403564453
9276557,2021,2021-10-04,0402,2021-09-05,1114,46,,7,5,5,0402,0,0,0,,0,002,"W 9TH ST","CHERRY ST",0.00,,Y,A,-,Y,BUT,3,32,-,R,9.066,I,5,W,Y,3,0,2,2,A,-,08,22100,B,N,D,C,A,A,H,-,A,D,0,,,,,Y,,-,,0,1,1,0,0,0,0,0,0,"- ","- ",,,BUTTE,CHICO,-121.84269714355469,39.721477508544922
9346317,2021,2021-10-18,0404,2021-08-27,1836,686,W,5,5,3,0404,0,0,0,,0,00W,"OROVILLE DAM BL EAST","LINCOLN ST",0.00,,Y,A,-,N,,,162,,,,,,,N,4,0,1,3,A,-,09,21804,A,N,D,C,A,A,H,-,A,A,0,,,,,Y,,A,01,0,0,1,0,0,0,0,0,0,"- ","- ",39.503868103027344,-121.55223846435547,BUTTE,OROVILLE,-121.55223846435547,39.503875732421875
9386810,2021,2022-01-12,0402,2021-12-08,0805,P00837,82,3,5,5,0402,0,0,0,,0,006,"E 5TH AV",ESPLANADE,0.00,,Y,B,C,N,,,,,,,,,,N,3,0,1,2,A,-,09,21802,,N,D,G,A,B,H,-,A,A,0,,Y,,,Y,,L,04,0,1,0,0,0,0,1,0,0,"- ","- ",,,BUTTE,CHICO,-121.84867095947266,39.742046356201172
91486828,2021,2021-06-01,9241,2021-05-27,1130,015529,,4,1,9,0400,0,2,4,,2,083,"RIVER RD.","CHICO RIVER RD.",1850.00,W,N,A,-,N,,,,,,,,,,Y,4,0,1,1,A,-,08,22107,,N,E,I,A,A,H,-,A,D,0,,,,,Y,,A,01,0,0,1,0,0,0,0,0,0,"- ","- ",39.693958282470703,-121.92948150634766,BUTTE,UNINCORPORATED,-121.92921447753906,39.693412780761719
9231752,2021,2021-04-19,0402,2021-03-06,0740,016831,,6,5,5,0402,0,0,0,,0,901,"PINE ST","WOODLAND AV",0.00,,Y,A,-,N,,,,,,,,,,Y,4,0,1,2,A,-,12,22450,A,N,D,C,A,A,H,-,A,D,0,,,,,Y,,J,48,0,0,1,0,0,0,0,0,0,"- ","- ",39.439640045166016,-121.50093841552734,BUTTE,CHICO,-121.83488464355469,39.732749938964844
9271337,2021,2021-06-02,0402,2021-05-06,1225,1240,,4,5,5,0402,0,0,0,,0,003,HUMBOLDT,CYPRESS,0.00,,Y,A,-,N,,,,,,,,,,Y,4,0,1,2,A,-,12,22450,,N,D,C,A,A,H,-,A,A,0,,,,,Y,,-,,0,0,1,0,0,0,0,0,0,"- ","- ",,,BUTTE,CHICO,-121.82772827148438,39.727790832519531
91558850,2021,2021-08-30,9240,2021-08-19,0745,015532,,4,1,9,0400,0,3,5,,2,010,"FOOTHILL BLVD","DUNSTONE DR",1714.00,E,N,A,-,N,,,,,,,,,,Y,3,0,2,2,A,-,09,21804,A,N,D,C,A,A,H,-,A,D,0,,,,,Y,,A,01,0,2,0,0,0,0,0,0,0,"- ","- ",39.460369110107422,-121.46248626708984,BUTTE,UNINCORPORATED,-121.46204376220703,39.460544586181641
91580268,2021,2021-09-27,9241,2021-09-19,2040,018879,,7,2,5,0402,0,1,3,,2,100,"SR-99 SB FROM EATON RD","EATON RD",0.20,S,N,A,-,Y,,,99,,,,R,,S,Y,4,0,1,2,A,-,03,22350,,N,C,C,A,A,H,-,C,A,0,,,,,Y,,D,22,0,0,1,0,0,0,0,0,0,"- ","- ",39.771881103515625,-121.87036895751953,BUTTE,CHICO,-121.87036895751953,39.771881103515625
91391487,2021,2021-01-20,9240,2021-01-17,2249,018967,,7,3,3,0404,0,1,3,,2,031,"SR-70 N/B","GEORGIA PACIFIC WAY",3168.00,N,N,A,-,Y,,,,,,,,,,Y,3,0,1,2,A,-,01,23152,F,N,C,C,A,A,H,-,D,D,0,,,Y,,Y,,C,02,0,1,0,0,0,0,0,0,1,"- ","- ",39.486198425292969,-121.57530212402344,BUTTE,OROVILLE,-121.57544708251953,39.486087799072266
91466989,2021,2021-05-27,9241,2021-04-30,1740,018879,,5,2,9,0400,0,1,3,,1,061,SR-99,ESPLANADE,0.00,,Y,A,-,Y,,,99,,,,,,,Y,4,0,4,3,A,-,09,21802,A,N,D,C,A,A,H,-,A,A,0,,,,,Y,,A,01,0,0,4,0,0,0,0,0,0,"- ","- ",39.793270111083984,-121.89862823486328,BUTTE,UNINCORPORATED,-121.89862823486328,39.793277740478516
91505760,2021,2021-06-24,9240,2021-06-13,1600,019710,,7,2,9,0400,0,3,5,,2,010,"LA PORTE ROAD","TENNESSEE LN",0.00,,Y,A,-,N,,,,,,,,,,Y,3,0,2,2,A,-,01,23152,A,N,D,C,A,A,H,-,A,D,0,,,,,Y,Y,A,01,0,2,0,0,0,0,0,0,0,"- ","- ",39.362098693847656,-121.42398071289062,BUTTE,UNINCORPORATED,-121.42403411865234,39.362102508544922
91506468,2021,2021-06-25,9241,2021-06-23,0520,014929,,3,3,9,0400,0,1,3,,1,061,SR-99,"PINE CREEK UNDERCROSSING",174.00,N,N,A,-,Y,,,99,,,,,,,Y,2,0,1,2,A,-,05,21460,A,N,A,2,A,A,H,-,B,D,0,,,,Y,Y,,A,01,1,0,0,0,0,0,0,0,0,"- ","- ",39.879501342773438,-121.97148132324219,BUTTE,UNINCORPORATED,-121.97152709960938,39.87945556640625
91528550,2021,2021-07-26,9240,2021-07-10,1435,020318,,6,2,9,0400,0,1,3,,2,032,SR-70,"YANKEE HILL RD.",800.00,W,N,A,-,Y,,,70,,,,,,,Y,2,0,2,1,A,-,08,22107,,N,E,8,A,A,H,-,A,D,0,,,,,Y,,A,01,1,1,0,0,0,0,0,0,0,"- ","- ",39.694309234619141,-121.53180694580078,BUTTE,UNINCORPORATED,-121.53177642822266,39.694286346435547
9315987,2021,2021-09-15,0404,2021-08-12,1853,724,,4,5,3,0404,0,0,0,,0,00W,"MIDDLEHOFF LN","OROVILLE DAM BL W",0.00,,Y,A,-,N,,,,,,,,,,Y,3,0,1,4,A,-,08,22102,,N,B,C,A,A,H,-,A,A,0,,,,Y,Y,,G,,0,1,0,0,0,0,0,0,0,"- ","- ",39.498039245605469,-121.58316040039062,BUTTE,OROVILLE,-121.5831298828125,39.498046875
9351726,2021,2021-11-15,0402,2021-10-20,0049,1973,,3,5,5,0402,0,0,0,,0,001,ESPLANADE,"W 1ST ST",0.00,,Y,C,-,N,,,,,,,,,,Y,4,0,1,2,A,-,01,23153,,N,D,C,A,B,H,-,C,A,0,,,,,Y,Y,A,01,0,0,1,0,0,0,0,0,0,"- ","- ",,,BUTTE,CHICO,-121.84207153320312,39.730464935302734
9377983,2021,2022-01-14,0404,2021-12-06,1939,700,SS,1,5,3,0404,0,0,0,,0,0SS,"FALLBROOK AV","B ST",0.00,,Y,A,-,N,,,,,,,,,,Y,3,0,1,4,A,-,01,23152,A,N,D,C,-,A,H,-,C,A,0,Y,,,,Y,Y,A,01,0,1,0,0,0,0,0,0,0,"- ","- ",39.49884033203125,-121.54358673095703,BUTTE,OROVILLE,-121.5435791015625,39.498847961425781
91535811,2021,2021-08-03,9240,2021-07-30,2207,020170,,5,3,9,0400,0,1,3,,2,034,"SR-149 N/B","SR-99  O/C",5280.00,S,N,A,-,Y,,,149,,,,,,N,Y,3,0,1,1,A,-,08,22107,,N,E,I,A,A,H,-,D,D,0,,,,,Y,,D,22,0,1,0,0,0,0,0,0,0,"- ","- ",39.61199951171875,-121.67710113525391,BUTTE,UNINCORPORATED,-121.67705535888672,39.612056732177734
91662828,2021,2021-12-27,9240,2021-12-25,1828,019784,,6,2,9,0400,0,1,3,,2,031,"SR-70 N/B","TABLE MOUNTAIN BLVD O/C",4224.00,N,N,B,-,Y,,,,,,,,,,Y,2,0,3,1,A,-,08,22107,,N,E,I,A,B,H,-,D,D,0,,,,,Y,,A,07,2,0,1,0,0,0,0,0,0,"- ","- ",39.578018188476562,-121.61881256103516,BUTTE,UNINCORPORATED,-121.61956787109375,39.589382171630859
91399810,2021,2021-02-01,9241,2021-01-27,1210,015529,,3,1,9,0400,0,3,5,,2,006,"MERIDIAN RD.","BELL RD",0.00,,Y,B,-,N,,,,,,,,,,Y,4,0,3,2,A,-,09,21802,B,N,D,A,A,B,H,-,A,A,0,,,,,Y,,D,22,0,0,3,0,0,0,0,0,0,"- ","- ",39.760711669921875,-121.91928863525391,BUTTE,UNINCORPORATED,-121.919189453125,39.760723114013672
91410768,2021,2021-02-18,9241,2021-02-12,2043,020638,,5,2,9,0400,0,3,5,,2,006,"EAST AVE","KENNEDY AVE",78.00,W,N,B,C,N,,,,,,,,,,N,2,0,1,2,A,-,11,21954,A,N,G,B,D,B,H,-,D,D,0,Y,,,,Y,,N,60,1,0,0,0,1,0,0,0,0,"- ","- ",39.743148803710938,-121.88249206542969,BUTTE,UNINCORPORATED,-121.88246154785156,39.743152618408203
9326760,2021,2021-10-29,0403,2021-09-05,0309,P209,,7,5,2,0403,0,0,0,,0,,"SYCAMORE ST","OHIO ST",0.00,,Y,A,-,N,,,,,,,,,,Y,4,0,1,1,A,-,07,21658,,N,E,I,A,A,H,-,C,D,0,,,,,Y,,A,01,0,0,1,0,0,0,0,0,0,"- ","- ",39.363510131835938,-121.69795227050781,BUTTE,GRIDLEY,-121.69760894775391,39.363307952880859
91457427,2021,2021-05-27,9240,2021-04-19,0520,020587,,1,3,9,0400,0,3,5,,2,040,"LUMPKIN ROAD","SPRINGER ROAD",2000.00,S,N,A,-,N,,,,,,,,,,Y,3,0,1,1,A,-,03,22350,,N,F,A,A,A,H,-,B,D,0,,,,Y,Y,,G,25,0,1,0,0,0,0,0,0,0,"- ","- ",39.534149169921875,-121.34068298339844,BUTTE,UNINCORPORATED,-121.34068298339844,39.534168243408203
91546233,2021,2021-08-16,9240,2021-08-12,1713,021137,,4,2,9,0400,0,3,5,,2,010,"MINERS RANCH RD","BLAKESLEE RD",0.00,,Y,A,-,N,,,,,,,,,,Y,3,0,1,2,A,-,12,22450,A,N,D,C,A,A,H,-,A,A,0,,,,,Y,,D,22,0,1,0,0,0,0,0,0,0,"- ","- ",39.497188568115234,-121.45829772949219,BUTTE,UNINCORPORATED,-121.45825958251953,39.497074127197266
91594067,2021,2021-10-12,9241,2021-10-10,1645,016360,,7,2,9,0400,0,2,4,,2,065,"HAMILTON NORD CANA HWY","TAYLOR ST.",280.00,S,N,A,-,N,,,,,,,,,,N,4,0,1,1,C,-,18,,,N,E,H,A,A,H,-,A,D,0,,Y,,,Y,,-,"- ",0,0,1,0,0,0,1,0,0,"- ","- ",39.776519775390625,-121.95671844482422,BUTTE,UNINCORPORATED,-121.95671844482422,39.776580810546875
91442480,2021,2021-04-05,9240,2021-03-26,1700,020318,,5,2,9,0400,0,3,5,,2,010,"MT. IDA RD.","NARANJA AVE.",292.00,N,N,A,-,N,,,,,,,,,,Y,4,0,3,2,A,-,01,23153,A,N,A,C,A,A,H,-,A,D,0,,,,,Y,Y,A,01,0,0,3,0,0,0,0,0,0,"- ","- ",39.485618591308594,-121.48226165771484,BUTTE,UNINCORPORATED,-121.48408508300781,39.486667633056641
91495185,2021,2021-06-11,9241,2021-06-04,1715,019093,,5,2,9,0400,0,1,3,,2,081,"SR-99 SOUTHBOUND","SOUTHGATE AVENUE",50.00,N,N,A,-,Y,,,99,,,,,,S,N,4,0,2,2,A,-,03,22350,,N,C,C,A,A,H,-,A,D,0,,,,,Y,,D,22,0,0,2,0,0,0,0,0,0,"- ","- ",39.700958251953125,-121.78571319580078,BUTTE,UNINCORPORATED,-121.78574371337891,39.700923919677734
8872307,2021,2021-10-18,0403,2021-08-20,1722,P211,G,5,5,2,0403,0,0,0,,0,,"RT 99","EAST GRIDLEY RD",0.00,,Y,A,-,Y,BUT,3,99,-,-,4.110,H,-,N,N,2,0,2,3,A,-,00,23103,A,F,B,C,A,A,H,-,A,A,0,,,Y,,Y,,C,02,1,1,0,0,0,0,0,0,2,"- ","- ",39.363208770751953,-121.68791198730469,BUTTE,GRIDLEY,-121.68791198730469,39.363048553466797
9274206,2021,2021-06-23,0404,2021-05-05,0000,694,E,3,5,3,0404,0,0,0,,0,00E,"OAK AV","OROVILLE QUINCY HWY",0.00,,Y,A,-,N,,,,,,,,,,Y,4,0,1,1,A,-,07,21658,,N,E,I,A,A,H,-,A,D,0,,,,,Y,,-,,0,0,1,0,0,0,0,0,0,"- ","- ",39.511791229248047,-121.52117156982422,BUTTE,OROVILLE,-121.52124786376953,39.511791229248047
9368141,2021,2021-12-28,0402,2021-11-04,2211,COXK31,,4,5,5,0402,0,0,0,,0,006,ESPLANADE,"EAST AV",150.00,N,N,A,-,N,,,,,,,,,,Y,3,0,1,2,A,-,11,21950,B,F,G,B,D,A,H,-,C,D,0,Y,,,,Y,,N,60,0,1,0,0,1,0,0,0,0,"- ","- ",,,BUTTE,CHICO,-121.86172485351562,39.757045745849609
91384954,2021,2021-01-11,9241,2021-01-10,0804,014929,,7,1,9,0400,0,3,5,,2,008,"AGUAS FRIAS RD","GRAINLAND RD",3900.00,S,N,A,-,N,,,,,,,,,,Y,4,0,1,1,A,-,08,22107,,N,E,I,A,B,H,-,A,D,0,,,,,Y,,A,07,0,0,1,0,0,0,0,0,0,"- ","- ",39.601211547851562,-121.85761260986328,BUTTE,UNINCORPORATED,-121.85737609863281,39.59912109375
9224102,2021,2021-03-26,0405,2021-02-01,1908,MAY01,7S,1,5,4,0405,0,0,0,,0,00S,"CLARK RD","PEARSON RD",168.00,N,N,C,-,N,,,,,,,,,,N,3,0,1,1,A,-,05,21650,,N,H,I,A,B,H,-,C,D,0,,,,,Y,,A,01,0,1,0,0,0,0,0,0,0,"- ","- ",39.752948760986328,-121.60677337646484,BUTTE,PARADISE,-121.60774993896484,39.752712249755859
9296476,2021,2021-09-14,0402,2021-07-29,1706,P02897,CPD,4,5,5,0402,0,0,0,,0,003,"E 20TH ST","ELM ST",0.00,,Y,A,-,N,,,,,,,,,,Y,3,0,1,1,A,-,00,23103,,N,F,I,A,A,H,-,A,D,0,,,Y,,Y,,C,03,0,1,0,0,0,0,0,0,1,"- ","- ",,,BUTTE,CHICO,-121.82004547119141,39.722877502441406
91406341,2021,2021-02-10,9240,2021-02-09,1750,018967,,2,2,9,0400,0,1,3,,1,011,SR-70,"EAST GRIDLEY RD",48.00,S,N,A,-,Y,,,70,,,,,,,Y,2,0,2,2,A,-,03,22350,,N,C,C,A,A,H,-,B,D,0,,,,Y,Y,,A,07,2,0,0,0,0,0,0,0,0,"- ","- ",39.364299774169922,-121.60769653320312,BUTTE,UNINCORPORATED,-121.60773468017578,39.364288330078125
9255253,2021,2021-05-10,0402,2021-04-18,1358,00677,,7,5,5,0402,0,0,0,,0,006,"EAST AV",ESPLANADE,150.00,E,N,A,-,N,,,,,,,,,,Y,3,0,1,2,A,-,09,21804,A,N,D,C,A,A,H,-,A,D,0,,,,,Y,,A,01,0,1,0,0,0,0,0,0,0,"- ","- ",,,BUTTE,CHICO,-121.86097717285156,39.756969451904297
9273318,2021,2021-07-06,0402,2021-05-11,1619,57,,2,5,5,0402,0,0,0,,0,006,"SPRUCE AV","E 2ND AV",20.00,N,N,A,-,N,,,,,,,,,,Y,3,0,2,2,A,-,01,23153,A,N,D,C,A,A,H,-,A,D,0,,,,,Y,Y,-,,0,1,1,0,0,0,0,0,0,"- ","- ",,,BUTTE,CHICO,-121.84169769287109,39.740947723388672
9317327,2021,2021-09-21,0404,2021-08-05,0825,699,W,4,5,3,0404,0,0,0,,0,00W,"MYERS ST","HIGH ST",0.00,,Y,A,-,N,,,,,,,,,,Y,3,0,1,1,A,-,"- ",,,N,E,I,A,A,H,-,A,D,0,,,,,Y,,A,01,0,1,0,0,0,0,0,0,0,"- ","- ",39.511558532714844,-121.55416107177734,BUTTE,OROVILLE,-121.55410766601562,39.511520385742188
91535737,2021,2021-08-03,9240,2021-07-22,1345,017532,,4,1,9,0400,0,3,5,,2,010,"LINCOLN BLVD.","VIRGINIA AVENUE",265.00,N,N,A,-,N,,,,,,,,,,Y,4,0,2,2,A,-,08,22107,,N,B,C,A,A,H,-,A,D,0,,,,,Y,,A,01,0,0,2,0,0,0,0,0,0,"- ","- ",39.482669830322266,-121.55078887939453,BUTTE,UNINCORPORATED,-121.55071258544922,39.482616424560547
9322771,2021,2021-10-04,0402,2021-08-16,1902,1286,0402,1,5,5,0402,0,0,0,,0,003,"PARK AV","W 16TH ST",0.00,,Y,A,F,N,,,,,,,,,,Y,3,0,2,2,D,-,00,,,N,D,D,A,A,H,-,A,A,0,,,,,Y,,-,"- ",0,1,1,0,0,0,0,0,0,"- ","- ",,,BUTTE,CHICO,-121.82717895507812,39.721473693847656
9344695,2021,2021-10-27,0402,2021-09-20,2500,P03283,,1,5,5,0402,0,0,0,,0,,"FAIRCHILD AV","FORTRESS ST",0.00,,Y,A,-,N,,,,,,,,,,N,4,0,2,1,A,-,08,22107,,M,E,I,A,B,H,-,C,D,0,,,,,Y,,A,01,0,0,2,0,0,0,0,0,0,"- ","- ",,,BUTTE,CHICO,-121.85110473632812,39.796756744384766
91494978,2021,2021-06-11,9241,2021-06-01,1814,019692,,2,2,9,0400,0,2,4,,2,070,"NEW SKYWAY","PENTZ RD.",1056.00,E,N,A,-,N,,,,,,,,,,Y,4,0,1,1,A,-,08,22107,,N,E,I,A,A,H,-,A,D,0,,,,,Y,,A,01,0,0,1,0,0,0,0,0,0,"- ","- ",39.802639007568359,-121.57881164550781,BUTTE,UNINCORPORATED,-121.57878112792969,39.802562713623047
91638215,2021,2021-11-30,9241,2021-11-29,0730,014929,,1,1,5,0402,0,3,5,,2,006,"SR-99 S/B ON-RAMP FROM EAST AVE","EAST AVE",275.00,S,N,A,-,Y,,,99,,,,R,,S,Y,3,0,1,4,A,-,03,22350,,N,C,C,A,A,H,-,A,D,0,,,,,Y,,-,"- ",0,1,0,0,0,0,0,0,0,"- ","- ",39.759021759033203,-121.8543701171875,BUTTE,CHICO,-121.8543701171875,39.759021759033203
91653443,2021,2021-12-15,9241,2021-12-09,1210,018796,,4,1,9,0400,0,1,3,,2,081,"SR-99 S/B","NEAL ROAD",700.00,N,N,B,-,Y,,,99,,,,,,S,N,4,0,1,3,A,-,03,22350,,N,C,C,A,A,H,-,A,A,0,,,,,Y,,A,07,0,0,1,0,0,0,0,0,0,"- ","- ",39.667171478271484,-121.74585723876953,BUTTE,UNINCORPORATED,-121.74587249755859,39.667156219482422
9273317,2021,2021-07-06,0402,2021-05-20,2120,P03973,11,4,5,5,0402,0,0,0,,0,002,"WALNUT ST","W 6TH ST",0.00,,Y,A,G,N,,,,,,,,,,Y,3,0,2,2,A,-,08,22107,,N,D,C,A,A,H,-,C,D,0,,,,,Y,,A,01,0,2,0,0,0,0,0,0,0,"- ","- ",,,BUTTE,CHICO,-121.84654235839844,39.721309661865234
91531542,2021,2021-07-29,9241,2021-07-15,2005,016360,,4,2,9,0400,0,3,5,,2,009,"NEAL ROAD","EL FRAN WAY",136.00,E,N,A,-,N,,,,,,,,,,Y,1,1,0,1,A,-,08,22107,,N,F,A,A,A,H,-,A,D,0,,,Y,,Y,,C,02,0,0,0,0,0,0,0,1,0,"- ","- ",39.710849761962891,-121.66905212402344,BUTTE,UNINCORPORATED,-121.66905212402344,39.710762023925781
91625249,2021,2021-11-15,9240,2021-11-12,1741,019784,,5,2,9,0400,0,1,3,,2,022,"SR-162 WEST","SR-99 NORTHBOUND",20.00,E,N,E,-,Y,,,162,,,,,,,Y,4,0,1,1,A,-,12,22450,A,N,E,I,A,B,H,-,C,A,0,,,,,Y,,A,07,0,0,1,0,0,0,0,0,0,"- ","- ",39.465240478515625,-121.68773651123047,BUTTE,UNINCORPORATED,-121.68843841552734,39.465217590332031
91650486,2021,2021-12-13,9241,2021-12-09,1705,018540,,4,2,9,0400,0,2,4,,2,085,"DAYTON RD","WILLOW LANDING",215.00,N,N,A,-,N,,,,,,,,,,Y,4,0,1,2,A,-,17,23114,A,M,E,J,A,A,H,-,A,D,0,,,,,Y,,D,22,0,0,1,0,0,0,0,0,0,"- ","- ",39.674980163574219,-121.85967254638672,BUTTE,UNINCORPORATED,-121.85942077636719,39.675376892089844