CASE_ID,ACCIDENT_YEAR,PROC_DATE,JURIS,COLLISION_DATE,COLLISION_TIME,OFFICER_ID,REPORTING_DISTRICT,DAY_OF_WEEK,CHP_SHIFT,POPULATION,CNTY_CITY_LOC,SPECIAL_COND,BEAT_TYPE,CHP_BEAT_TYPE,CITY_DIVISION_LAPD,CHP_BEAT_CLASS,BEAT_NUMBER,PRIMARY_RD,SECONDARY_RD,DISTANCE,DIRECTION,INTERSECTION,WEATHER_1,WEATHER_2,STATE_HWY_IND,CALTRANS_COUNTY,CALTRANS_DISTRICT,STATE_ROUTE,ROUTE_SUFFIX,POSTMILE_PREFIX,POSTMILE,LOCATION_TYPE,RAMP_INTERSECTION,SIDE_OF_HWY,TOW_AWAY,COLLISION_SEVERITY,NUMBER_KILLED,NUMBER_INJURED,PARTY_COUNT,PRIMARY_COLL_FACTOR,PCF_CODE_OF_VIOL,PCF_VIOL_CATEGORY,PCF_VIOLATION,PCF_VIOL_SUBSECTION,HIT_AND_RUN,TYPE_OF_COLLISION,MVIW,PED_ACTION,ROAD_SURFACE,ROAD_COND_1,ROAD_COND_2,LIGHTING,CONTROL_DEVICE,CHP_ROAD_TYPE,PEDESTRIAN_ACCIDENT,BICYCLE_ACCIDENT,MOTORCYCLE_ACCIDENT,TRUCK_ACCIDENT,NOT_PRIVATE_PROPERTY,ALCOHOL_INVOLVED,STWD_VEHTYPE_AT_FAULT,CHP_VEHTYPE_AT_FAULT,COUNT_SEVERE_INJ,COUNT_VISIBLE_INJ,COUNT_COMPLAINT_PAIN,COUNT_PED_KILLED,COUNT_PED_INJURED,COUNT_BICYCLIST_KILLED,COUNT_BICYCLIST_INJURED,COUNT_MC_KILLED,COUNT_MC_INJURED,PRIMARY_RAMP,SECONDARY_RAMP,LATITUDE,LONGITUDE,COUNTY,CITY,POINT_X,POINT_Y
9293879,2021,2021-08-17,0404,2021-07-13,1436,723,SS,2,5,3,0404,0,0,0,,0,0SS,"BURLINGTON AV","D ST",0.00,,Y,A,-,N,,,,,,,,,,N,4,0,2,2,A,-,12,22450,,N,B,C,A,A,H,-,A,A,0,,,,,Y,,D,22,0,0,2,0,0,0,0,0,0,"- ","- ",39.497261047363281,-121.54157257080078,BUTTE,OROVILLE,-121.54171752929688,39.497238159179688
91533903,2021,2021-07-30,9240,2021-07-22,1345,019060,,4,1,9,0400,0,3,5,,2,010,"PALERMO-HONCUT HWY","S. VILLA AVENUE",0.00,,Y,A,-,N,,,,,,,,,,Y,3,0,1,2,A,-,01,23152,A,N,D,C,A,A,H,-,A,A,0,,,,,Y,Y,A,01,0,1,0,0,0,0,0,0,0,"- ","- ",39.431278228759766,-121.53745269775391,BUTTE,UNINCORPORATED,-121.53742218017578,39.431285858154297
9259431,2021,2021-05-19,0402,2021-05-01,0922,P00837,35,6,5,5,0402,0,0,0,,0,005,"COHASSET RD","EATON RD",0.00,,Y,A,-,N,,,,,,,,,,Y,3,0,1,2,A,-,01,23152,F,N,D,C,A,A,H,-,A,A,0,,,,,Y,,A,01,0,1,0,0,0,0,0,0,0,"- ","- ",,,BUTTE,CHICO,-121.84375,39.775959014892578
9341363,2021,2021-11-09,0402,2021-09-19,1540,P01272,,7,5,5,0402,0,0,0,,0,006,ESPLANADE,"EAST AV",208.00,N,N,A,-,N,,,,,,,,,,N,3,0,1,2,A,-,05,21460,A,F,D,C,A,A,H,-,A,D,0,,,Y,,Y,,A,01,0,1,0,0,0,0,0,0,1,"- ","- ",,,BUTTE,CHICO,-121.86185455322266,39.757171630859375
91429959,2021,2021-03-18,9241,2021-03-13,1215,016831,,6,1,9,0400,0,1,3,,1,061,SR-99,"HAMILTON NORD CANA HWY",0.00,,Y,A,-,Y,,,,,,,,,,Y,4,0,2,2,A,-,09,21802,A,N,D,C,A,A,H,-,A,D,0,,,,,Y,,A,01,0,0,2,0,0,0,0,0,0,"- ","- ",39.513458251953125,-121.57238006591797,BUTTE,UNINCORPORATED,-121.95647430419922,39.859828948974609
91558760,2021,2021-08-30,9240,2021-08-27,0748,020587,,5,1,9,0400,0,3,5,,2,010,"LINCOLN BLVD","MONTE VISTA AVENUE",0.00,,Y,A,-,N,,,,,,,,,,Y,4,0,1,2,A,-,09,21802,A,N,D,C,A,A,H,-,A,A,0,,,,,Y,,A,01,0,0,1,0,0,0,0,0,0,"- ","- ",39.476638793945312,-121.54801940917969,BUTTE,UNINCORPORATED,-121.54801940917969,39.476646423339844
9279948,2021,2021-07-08,0404,2021-05-26,1421,606,TH,3,5,3,0404,0,0,0,,0,0TH,"GRAND AV","4TH ST",0.00,,Y,A,-,N,,,,,,,,,,Y,4,0,1,2,A,-,03,22350,,N,D,C,A,A,H,-,A,A,0,,,,,Y,,A,01,0,0,1,0,0,0,0,0,0,"- ","- ",39.519359588623047,-121.57369232177734,BUTTE,OROVILLE,-121.57370758056641,39.519378662109375
9319898,2021,2021-09-21,0405,2021-08-19,1323,MAY01,2N,4,5,4,0405,0,0,0,,0,00N,SKYWAY,"LISA LN",114.00,N,N,A,-,N,,,,,,,,,,N,2,0,1,2,A,-,05,21651,A,N,D,J,A,A,H,-,A,D,0,,,Y,,Y,,D,22,1,0,0,0,0,0,0,0,1,"- ","- ",39.774940490722656,-121.6102294921875,BUTTE,PARADISE,-121.61070251464844,39.773727416992188
91388444,2021,2021-01-15,9241,2021-01-14,1112,020624,,4,1,9,0400,0,1,3,,1,061,"SR-99 S/B","HAMILTON NORD CANA HWY",3569.00,S,N,A,-,Y,,,99,,,,,,S,Y,3,0,2,2,A,-,03,22350,,N,C,C,A,A,H,-,A,D,0,,,,,Y,,D,22,0,2,0,0,0,0,0,0,0,"- ","- ",39.850921630859375,-121.94972229003906,BUTTE,UNINCORPORATED,-121.94967651367188,39.8509521484375
91391531,2021,2021-01-20,9240,2021-01-18,1310,018841,,1,1,9,0400,0,3,5,,2,010,"FOOTHILL BOULEVARD","ORO BANGOR HWY",0.00,,Y,A,-,N,,,,,,,,,,Y,4,0,1,2,A,-,09,21802,A,N,D,C,A,A,H,-,A,A,0,,,,,Y,,A,01,0,0,1,0,0,0,0,0,0,"- ","- ",39.467811584472656,-121.45900726318359,BUTTE,UNINCORPORATED,,
91608779,2021,2021-10-28,9240,2021-10-23,1315,018841,,6,1,9,0400,0,3,5,,2,010,"FORBESTOWN RD.","POWELL RIDGE RD.",3160.00,E,N,B,C,N,,,,,,,,,,Y,2,0,2,1,A,-,08,22107,,N,F,A,A,B,H,-,A,D,0,,,,,Y,,A,01,1,1,0,0,0,0,0,0,0,"- ","- ",39.504390716552734,-121.34147644042969,BUTTE,UNINCORPORATED,-121.34083557128906,39.504467010498047
91625895,2021,2021-11-16,9241,2021-11-15,0810,016831,,1,1,9,0400,0,2,4,,2,063,"COHASSET ROAD","RICHARDSON SPRINGS ROAD",74.00,N,N,B,-,N,,,,,,,,,,Y,4,0,1,1,A,-,08,22107,,N,E,I,A,A,H,-,A,D,0,,,,,Y,,A,07,0,0,1,0,0,0,0,0,0,"- ","- ",39.819511413574219,-121.84485626220703,BUTTE,UNINCORPORATED,-121.84496307373047,39.819679260253906
9216542,2021,2021-03-23,0402,2021-01-06,1701,1973,,3,5,5,0402,0,0,0,,0,006,"MISSION RANCH BL",ESPLANADE,294.00,W,N,B,-,N,,,,,,,,,,Y,4,0,1,1,A,-,03,22350,,N,A,J,A,B,H,-,A,D,0,,,,,Y,,A,01,0,0,1,0,0,0,0,0,0,"- ","- ",,,BUTTE,CHICO,-121.85952758789062,39.753662109375
9294613,2021,2021-08-23,0403,2021-07-03,2302,P74,,6,5,2,0403,0,0,0,,0,,"WEST BIGGS GRIDLEY RD","HERON LANDING WY",0.00,,Y,A,-,N,,,,,,,,,,Y,2,0,5,2,A,-,03,22350,,N,A,C,A,A,H,-,C,D,0,,,,,Y,,A,01,3,2,0,0,0,0,0,0,0,"- ","- ",39.37213134765625,-121.70667266845703,BUTTE,GRIDLEY,-121.70668029785156,39.372184753417969
9356195,2021,2021-10-29,0402,2021-10-06,1410,P03283,,3,5,5,0402,0,0,0,,0,,"W SACRAMENTO AV","N CEDAR ST",0.00,,Y,A,-,N,,,,,,,,,,N,3,0,1,2,A,-,01,21200,5,N,D,G,A,A,H,-,A,A,0,,Y,,,Y,Y,L,04,0,1,0,0,0,0,1,0,0,"- ","- ",,,BUTTE,CHICO,-121.85641479492188,39.731849670410156
9382225,2021,2021-12-21,0402,2021-10-29,1558,1286,0402,5,5,5,0402,0,0,0,,0,006,"W EATON RD","EATON VILLAGE DR",0.00,,Y,A,-,N,,,,,,,,,,Y,3,0,2,2,A,-,09,21801,A,N,A,C,A,A,H,-,A,D,0,,,,,Y,,A,01,0,2,0,0,0,0,0,0,0,"- ","- ",,,BUTTE,CHICO,-121.88145446777344,39.770217895507812
91438489,2021,2021-03-29,9240,2021-03-23,1315,017532,,2,1,9,0400,0,3,5,,2,040,"ORO DAM BLVD. EAST","RUSTY DUSTY RD",35.00,E,N,A,-,N,,,,,,,,,,Y,2,0,1,1,A,-,01,23152,A,N,E,I,A,A,H,-,A,D,0,,,,,Y,Y,A,01,1,0,0,0,0,0,0,0,0,"- ","- ",39.524200439453125,-121.507080078125,BUTTE,UNINCORPORATED,-121.50702667236328,39.524200439453125
91627572,2021,2021-11-17,9240,2021-11-07,1030,017760,,7,1,9,0400,0,3,5,,2,030,"LOGGING ROAD","BIG BEND RD",5280.00,E,N,A,-,N,,,,,,,,,,N,3,0,1,1,B,-,22,,,N,F,I,A,D,H,-,A,D,0,,,Y,,Y,,C,06,0,1,0,0,0,0,0,0,1,"- ","- ",39.704120635986328,-121.43216705322266,BUTTE,UNINCORPORATED,,
91632474,2021,2021-11-22,9240,2021-11-19,1035,018841,,5,1,9,0400,0,3,5,,2,030,"CONCOW RD.","NELSON BAR RD.",422.00,E,N,B,-,N,,,,,,,,,,Y,3,0,1,1,A,-,01,23152,A,N,E,I,A,A,H,-,A,D,0,,,,,Y,Y,D,22,0,1,0,0,0,0,0,0,0,"- ","- ",39.722888946533203,-121.52539825439453,BUTTE,UNINCORPORATED,-121.5257568359375,39.729221343994141
91663843,2021,2021-12-28,9240,2021-12-25,2028,020318,,6,2,9,0400,0,3,5,,2,010,"LOWER HONCUT RD.","RAMIREZ RD.",180.00,W,N,B,-,N,,,,,,,,,,Y,2,0,2,1,A,-,01,23152,A,N,E,I,A,B,H,-,D,D,0,,,,,Y,Y,D,22,1,1,0,0,0,0,0,0,0,"- ","- ",39.319969177246094,-121.50775146484375,BUTTE,UNINCORPORATED,,
91432542,2021,2021-03-22,9240,2021-03-10,0719,019060,,3,1,9,0400,0,1,3,,2,032,SR-70,"FOUR TREES RD",25344.00,W,N,D,-,Y,,,,,,,,,,Y,2,0,1,1,A,-,03,22350,,N,F,A,A,C,H,-,A,D,0,,,,,Y,,A,01,1,0,0,0,0,0,0,0,0,"- ","- ",39.843318939208984,-121.40154266357422,BUTTE,UNINCORPORATED,-121.48204803466797,39.752269744873047
91449942,2021,2021-04-14,9240,2021-04-11,0010,019842,,7,3,9,0400,0,3,5,,2,010,"FORBESTOWN ROAD","REBIE WAY",1000.00,W,N,A,-,N,,,,,,,,,,Y,4,0,1,1,A,-,08,22107,,N,E,I,A,A,H,-,D,D,0,,,,,Y,,A,01,0,0,1,0,0,0,0,0,0,"- ","- ",39.504440307617188,-121.34104156494141,BUTTE,UNINCORPORATED,-121.34107971191406,39.504425048828125
91480919,2021,2021-09-20,9241,2021-05-15,2204,020624,,6,3,9,0400,0,2,4,,1,082,"MIDWAY (10000 BLOCK)","JONES AVE",34.00,S,N,A,-,N,,,,,,,,,,Y,1,1,0,1,A,-,01,23152,A,N,F,I,A,A,H,-,D,D,0,,,,,Y,Y,A,01,0,0,0,0,0,0,0,0,0,"- ","- ",39.676891326904297,-121.79598236083984,BUTTE,UNINCORPORATED,-121.79604339599609,39.677021026611328
9338100,2021,2021-10-04,0402,2021-08-17,1447,P03283,,2,5,5,0402,0,0,0,,0,,"COHASSET RD","AZALEA AV",0.00,,Y,A,-,N,,,,,,,,,,Y,3,0,2,2,A,-,01,23152,A,N,D,C,A,A,H,-,A,A,0,,,,,Y,Y,A,01,0,1,1,0,0,0,0,0,0,"- ","- ",,,BUTTE,CHICO,-121.84349060058594,39.763431549072266
91656756,2021,2021-12-20,9241,2021-12-17,1253,017170,,5,1,5,0402,0,1,3,,2,100,SR-99,"E. 5TH AVE.",528.00,N,N,A,-,Y,,,99,,,,,,,Y,4,0,1,2,A,-,07,21658,A,N,C,C,A,A,H,-,A,D,0,,,Y,,Y,,C,02,0,0,1,0,0,0,0,0,1,"- ","- ",39.749290466308594,-121.83651733398438,BUTTE,CHICO,-121.83657836914062,39.749210357666016
9276186,2021,2021-09-01,0402,2021-06-09,0812,P03283,,3,5,5,0402,0,0,0,,0,,"W 9TH ST","IVY ST",79.00,E,N,A,-,Y,BUT,3,32,-,R,9.140,H,-,E,Y,4,0,1,3,A,-,01,23152,F,N,C,C,A,A,H,-,A,D,0,,,,,Y,,A,08,0,0,1,0,0,0,0,0,0,"- ","- ",,,BUTTE,CHICO,-121.84043121337891,39.721912384033203
9299789,2021,2021-10-16,0402,2021-08-03,1118,43,0402,2,5,5,0402,0,0,0,,0,003,"FAIR ST","EAST PARK AV",270.00,N,N,A,-,N,,,,,,,,,,Y,4,0,1,2,A,-,03,22350,,N,C,C,A,A,H,-,A,D,0,,,,,Y,,-,,0,0,1,0,0,0,0,0,0,"- ","- ",,,BUTTE,CHICO,-121.81324768066406,39.714836120605469
9314654,2021,2021-10-08,0402,2021-08-06,1041,P012777,,5,5,5,0402,0,0,0,,0,005,"EAST 1ST AV","MAN GROVE AV",3.00,N,N,A,-,N,,,,,,,,,,N,3,0,1,2,A,-,04,21703,,N,C,C,A,A,H,-,A,D,0,,,,,Y,,A,01,0,1,0,0,0,0,0,0,0,"- ","- ",,,BUTTE,CHICO,-121.83779907226562,39.741214752197266
9316412,2021,2021-10-06,0402,2021-08-23,1708,P00503,,1,5,5,0402,0,0,0,,0,,"EAST PARK AV","DR MLK JR PKWY",0.00,,Y,A,-,N,,,,,,,,,,Y,3,0,3,2,A,-,12,21453,,N,D,C,A,A,H,-,A,A,0,,,,,Y,,A,01,0,3,0,0,0,0,0,0,0,"- ","- ",,,BUTTE,CHICO,-121.80712890625,39.714748382568359
91531586,2021,2021-08-19,9241,2021-07-26,1915,016360,,1,2,9,0400,0,2,4,,2,086,"ORD FERRY ROAD","7 MILE ROAD",280.00,E,N,A,-,N,,,,,,,,,,Y,3,0,1,1,A,-,08,22107,,N,E,I,A,A,H,-,A,D,0,,,,,Y,,A,01,0,1,0,0,0,0,0,0,0,"- ","- ",39.636959075927734,-121.90812683105469,BUTTE,UNINCORPORATED,-121.908935546875,39.636783599853516
91576523,2021,2021-09-22,9241,2021-09-16,1800,018540,,4,2,9,0400,0,2,4,,2,090,"SKYWAY E/B","SANTA ROSA RD",2112.00,W,N,A,-,N,,,,,,,,,,Y,3,0,2,2,A,-,08,22107,,N,B,C,A,A,H,-,A,D,0,,,,,Y,,A,07,0,2,0,0,0,0,0,0,0,"- ","- ",39.711559295654297,-121.71611022949219,BUTTE,UNINCORPORATED,,
91603714,2021,2021-10-22,9241,2021-10-10,1155,017170,,7,1,9,0400,0,3,5,,2,006,"MERIDIAN RD","MUNJAR RD",623.00,S,N,A,-,N,,,,,,,,,,Y,2,0,2,2,A,-,01,23152,A,N,F,A,A,A,H,-,A,D,0,,,,,Y,Y,D,22,1,1,0,0,0,0,0,0,0,"- ","- ",39.852558135986328,-121.91947174072266,BUTTE,UNINCORPORATED,-121.91937255859375,39.853118896484375
9248801,2021,2021-04-28,0402,2021-04-04,1911,34/0643,0402,7,5,5,0402,0,0,0,,0,003,SKYWAY,"RT 99",0.00,,Y,A,-,Y,BUT,3,99,-,R,30.878,R,4,S,Y,4,0,1,2,A,-,12,21453,A,N,D,C,A,A,H,-,A,A,0,,,,,Y,,D,22,0,0,1,0,0,0,0,0,0,"- ",SF,,,BUTTE,CHICO,-121.80349731445312,39.718269348144531
9302961,2021,2021-08-19,0404,2021-07-19,1920,714,TH,1,5,3,0404,0,0,0,,0,0TH,"ORO DAM BL WEST","LARKIN RD / 20TH ST",0.00,,Y,A,-,N,,,,,,,,,,Y,3,0,2,3,A,-,12,22450,,N,A,C,A,A,H,-,A,D,0,,,,,Y,,A,01,0,2,0,0,0,0,0,0,0,"- ","- ",39.498058319091797,-121.60917663574219,BUTTE,OROVILLE,,
9382677,2021,2022-02-03,0402,2021-11-28,1739,69,,7,5,5,0402,0,0,0,,0,,"WEST 1ST AV","MAGNOLIA AV",0.00,,Y,A,-,N,,,,,,,,,,Y,2,0,1,2,A,-,09,21804,,N,D,C,A,A,H,-,C,A,0,,,,,Y,,-,,1,0,0,0,0,0,0,0,0,"- ","- ",,,BUTTE,CHICO,-121.84732818603516,39.737106323242188
91532006,2021,2021-07-29,9240,2021-07-24,2216,020170,,6,3,9,0400,0,1,3,,1,011,"SR-70 N/B","OPHIR ROAD",965.00,N,N,A,-,Y,,,,,,,,,,N,4,0,2,1,C,-,18,,,N,H,H,A,A,H,-,D,D,0,,,,,Y,,-,"- ",0,0,2,0,0,0,0,0,0,"- ","- ",39.466220855712891,-121.57691955566406,BUTTE,UNINCORPORATED,-121.57695007324219,39.466182708740234
9272459,2021,2021-06-07,0404,2021-04-23,1343,694,E,5,5,3,0404,0,0,0,,0,00E,"SPENCER AV","MESA AV",0.00,,Y,A,-,N,,,,,,,,,,Y,3,0,1,2,A,-,09,21802,A,N,D,C,A,A,G,-,A,D,0,,,,,Y,,-,,0,1,0,0,0,0,0,0,0,"- ","- ",39.504009246826172,-121.54695129394531,BUTTE,OROVILLE,-121.54703521728516,39.503673553466797
91457049,2021,2021-04-23,9241,2021-04-15,1740,018879,,4,2,5,0402,0,1,3,,2,100,"SR-99 N/B OFF TO COHASSET RD","COHASSET RD",560.00,S,N,A,-,Y,,,99,,,,R,,N,Y,3,0,1,1,A,-,08,22107,,N,E,I,A,A,H,-,A,A,0,,,,,Y,,A,07,0,1,0,0,0,0,0,0,0,"- ","- ",39.75347900390625,-121.84329986572266,BUTTE,CHICO,-121.84329986572266,39.75347900390625
91522087,2021,2021-07-16,9240,2021-07-12,0620,017760,,1,1,9,0400,0,1,3,,1,011,SR-70,"OPHIR RD",40.00,N,N,A,-,Y,,,70,,,,,,,Y,4,0,2,2,A,-,09,21800,A,N,B,C,A,A,H,-,A,A,0,,,,,Y,,A,01,0,0,2,0,0,0,0,0,0,"- ","- ",39.464168548583984,-121.57862091064453,BUTTE,UNINCORPORATED,-121.57869720458984,39.464241027832031
91643672,2021,2021-12-06,9241,2021-11-27,1940,018578,,6,2,9,0400,0,1,3,,2,080,SR-32,"GIANELLA RD",2640.00,E,N,A,-,Y,,,32,,,,,,,Y,3,0,4,2,A,-,03,22350,,F,C,C,A,A,H,-,D,D,0,,,,,Y,,A,07,0,1,3,0,0,0,0,0,0,"- ","- ",39.752609252929688,-121.98045349121094,BUTTE,UNINCORPORATED,-121.98044586181641,39.752605438232422
9370897,2021,2022-01-08,0402,2021-12-02,1837,P03172,,4,5,5,0402,0,0,0,,0,006,"MANGROVE AV","COHASSET RD",0.00,,Y,A,-,N,,,,,,,,,,Y,4,0,1,2,A,-,12,21453,A,N,A,C,A,A,H,-,C,A,0,,,,,Y,,-,,0,0,1,0,0,0,0,0,0,"- ","- ",,,BUTTE,CHICO,-121.84528350830078,39.752227783203125
91429657,2021,2021-03-18,9240,2021-03-06,1800,019710,,6,2,9,0400,0,1,3,,2,022,"STATE ROUTE 162","RICETON HWY",0.00,,Y,A,-,Y,,,162,,,,,,,Y,4,0,1,1,A,-,03,22350,,N,E,I,A,A,H,-,B,A,0,,,,,Y,,A,01,0,0,1,0,0,0,0,0,0,"- ","- ",39.464981079101562,-121.72592926025391,BUTTE,UNINCORPORATED,-121.72592926025391,39.464931488037109
9247163,2021,2021-04-21,0402,2021-03-25,1828,81,,4,5,5,0402,0,0,0,,0,001,"WEST 1ST AV",ESPLANADE,0.00,,Y,A,-,N,,,,,,,,,,N,3,0,1,2,A,-,17,21461,A,N,D,G,A,A,H,-,A,A,0,,Y,,,Y,,L,04,0,1,0,0,0,0,1,0,0,"- ","- ",,,BUTTE,CHICO,-121.84577941894531,39.737762451171875
9346316,2021,2021-10-18,0404,2021-08-19,1250,699,E,4,5,3,0404,0,0,0,,0,00E,"LINCOLN BL","ORO DAM BL",0.00,,Y,A,-,N,,,,,,,,,,Y,3,0,2,2,A,-,08,22107,,N,D,C,A,A,H,-,A,D,0,,,,,Y,,A,01,0,2,0,0,0,0,0,0,0,"- ","- ",39.501178741455078,-121.55126190185547,BUTTE,OROVILLE,,
91577705,2021,2021-09-23,9241,2021-09-22,1605,016360,,3,2,9,0400,0,2,4,,2,085,"AGUAS FRIAS RD","NELSON RD.",0.00,,Y,A,-,N,,,,,,,,,,Y,3,0,1,2,A,-,09,21802,B,N,D,C,A,A,H,-,A,A,0,,,,Y,Y,,G,25,0,1,0,0,0,0,0,0,0,"- ","- ",39.551609039306641,-121.85719299316406,BUTTE,UNINCORPORATED,-121.85668182373047,39.551651000976562
9296964,2021,2021-09-07,0402,2021-07-30,1127,P00837,30,5,5,5,0402,0,0,0,,0,004,"BRUCE RD","SIERRA SUNRISE TER",0.00,,Y,A,-,N,,,,,,,,,,Y,4,0,1,2,A,-,09,21802,A,N,D,C,A,A,H,-,A,D,0,,,,,Y,,D,22,0,0,1,0,0,0,0,0,0,"- ","- ",,,BUTTE,CHICO,-121.79245758056641,39.743629455566406
91522440,2021,2021-07-16,9240,2021-07-13,1215,017760,,2,1,9,0400,0,3,5,,2,040,"ORO QUINCY HWY","MIRAGE LAKE ROAD",2112.00,E,N,A,-,N,,,,,,,,,,Y,4,0,1,1,A,-,08,22107,,N,E,J,A,A,H,-,A,D,0,,,,,Y,,A,01,0,0,1,0,0,0,0,0,0,"- ","- ",39.673149108886719,-121.38321685791016,BUTTE,UNINCORPORATED,-121.38381195068359,39.672840118408203
91529485,2021,2021-07-27,9240,2021-07-17,0935,019060,,6,1,9,0400,0,3,5,,2,030,"BIG BEND RD","NOBB RD",176.00,S,N,A,-,N,,,,,,,,,,Y,4,0,1,2,A,-,05,21460,A,N,B,C,A,A,H,-,A,D,0,,,,,Y,,D,22,0,0,1,0,0,0,0,0,0,"- ","- ",39.700939178466797,-121.46160888671875,BUTTE,UNINCORPORATED,-121.46591186523438,39.702102661132812
91537532,2021,2021-08-05,9240,2021-07-10,1923,019710,,6,2,9,0400,0,3,5,,2,010,"PALERMO HONCUT HIGHWAY","AHART RD",3040.00,N,N,A,-,N,,,,,,,,,,Y,2,0,3,1,A,-,08,22107,,N,E,I,A,A,H,-,A,D,0,,,,,Y,,D,22,2,1,0,0,0,0,0,0,0,"- ","- ",39.351329803466797,-121.53946685791016,BUTTE,UNINCORPORATED,-121.53948211669922,39.351940155029297
91590417,2021,2021-10-07,9240,2021-10-02,0135,019256,,6,3,9,0400,0,1,3,,2,022,SR-162,"WICKMAN RD.",7920.00,W,N,A,-,Y,,,162,,,,,,,Y,3,0,2,1,A,-,08,22107,,N,F,A,A,A,H,-,D,D,0,,,,Y,Y,,G,25,0,2,0,0,0,0,0,0,0,"- ","- ",39.463939666748047,-121.80957794189453,BUTTE,UNINCORPORATED,-121.80957794189453,39.463977813720703
9265594,2021,2021-05-25,0404,2021-05-01,1739,699,W,6,5,3,0404,0,0,0,,0,00W,"FEATHER RIVER BL","ORO DAM BL",521.00,N,N,A,-,N,,,,,,,,,,Y,3,0,1,1,A,-,07,21658,,N,E,I,A,A,H,-,A,D,0,,,,,Y,,A,07,0,1,0,0,0,0,0,0,0,"- ","- ",39.501110076904297,-121.57212066650391,BUTTE,OROVILLE,-121.57159423828125,39.499446868896484
9295616,2021,2021-08-09,0402,2021-06-30,0550,P00143,CHICO,3,5,5,0402,0,0,0,,0,003,"E 9TH ST","RT 99",0.00,,Y,A,-,Y,BUT,3,32,-,-,10.157,I,5,E,Y,3,0,1,2,A,-,12,21453,A,N,D,C,A,A,H,-,A,A,0,,,,,Y,,A,01,0,1,0,0,0,0,0,0,0,"- ",SO,,,BUTTE,CHICO,-121.81923675537109,39.736003875732422
91522394,2021,2021-11-01,9241,2021-07-12,1800,020686,,1,2,9,0400,0,1,3,,2,081,"S/B SR-99","ESTATES DR",30.00,N,N,A,-,Y,,,99,,,,,,,Y,4,0,1,2,A,-,03,22350,,N,C,C,A,B,H,-,A,A,0,,,,,Y,,-,"- ",0,0,1,0,0,0,0,0,0,"- ","- ",39.690250396728516,-121.77372741699219,BUTTE,UNINCORPORATED,-121.77375030517578,39.690227508544922
91638629,2021,2021-11-30,9240,2021-11-21,0100,020170,,7,3,9,0400,0,3,5,,2,010,"LOWER WYANDOTTE ROAD","OAK KNOLL WAY",57.00,N,N,A,-,N,,,,,,,,,,Y,4,0,1,1,A,-,01,23152,A,N,H,I,A,A,H,-,D,D,0,,,,,Y,Y,A,07,0,0,1,0,0,0,0,0,0,"- ","- ",39.484458923339844,-121.53054046630859,BUTTE,UNINCORPORATED,-121.53060913085938,39.484325408935547
9249714,2021,2021-05-04,0404,2021-04-06,2027,645,W,2,5,3,0404,0,0,0,,0,00W,"FEATHER RIVER BL","BETWEEN ORO DAM AND MITCHELL AV",0.00,,Y,A,-,N,,,,,,,,,,Y,4,0,1,2,A,-,04,21703,,N,C,C,A,A,H,-,C,D,0,,,,,Y,,A,01,0,0,1,0,0,0,0,0,0,"- ","- ",39.502349853515625,-121.5709228515625,BUTTE,OROVILLE,-121.57044982910156,39.504302978515625
9249896,2021,2021-04-28,0402,2021-03-31,1610,69/0493,0402,3,5,5,0402,0,0,0,,0,006,ESPLANADE,"LASSEN AV",98.00,N,N,A,-,N,,,,,,,,,,N,3,0,1,2,A,-,17,21209,,F,G,G,A,A,H,-,A,D,0,,Y,,,Y,,D,22,0,1,0,0,0,0,1,0,0,"- ","- ",,,BUTTE,CHICO,-121.86585998535156,39.761222839355469
91408977,2021,2021-02-16,9241,2021-02-11,0650,016831,,4,1,9,0400,0,2,4,,2,063,"COHASSET RD","SIGLER LN",1584.00,S,N,B,-,N,,,,,,,,,,Y,2,0,1,1,A,-,08,22107,,N,E,I,A,A,H,-,A,D,0,,,,,Y,,A,01,1,0,0,0,0,0,0,0,0,"- ","- ",39.522960662841797,-121.46279907226562,BUTTE,UNINCORPORATED,-121.76966857910156,39.873157501220703
91546162,2021,2021-08-16,9241,2021-08-13,0735,018540,,5,1,9,0400,0,1,3,,2,081,"SR-99 S/B","SOUTHGATE AVE",1230.00,N,N,A,-,Y,,,99,,,,,,S,Y,3,0,1,3,A,-,03,22350,,N,C,C,A,A,H,-,A,D,0,,,,,Y,,A,01,0,1,0,0,0,0,0,0,0,"- ","- ",39.703411102294922,-121.78861236572266,BUTTE,UNINCORPORATED,-121.78858184814453,39.703441619873047
91656858,2021,2021-12-20,9241,2021-11-27,1100,014929,,6,1,9,0400,0,2,4,,2,090,SKYWAY,"SANTA ROSA ROAD",4140.00,E,N,A,-,N,,,,,,,,,,Y,1,1,0,1,A,-,08,22107,,N,E,I,A,A,H,-,A,D,0,,,,,Y,,A,01,0,0,0,0,0,0,0,0,0,"- ","- ",39.721450805664062,-121.69754791259766,BUTTE,UNINCORPORATED,,