CASE_ID,ACCIDENT_YEAR,PROC_DATE,JURIS,COLLISION_DATE,COLLISION_TIME,OFFICER_ID,REPORTING_DISTRICT,DAY_OF_WEEK,CHP_SHIFT,POPULATION,CNTY_CITY_LOC,SPECIAL_COND,BEAT_TYPE,CHP_BEAT_TYPE,CITY_DIVISION_LAPD,CHP_BEAT_CLASS,BEAT_NUMBER,PRIMARY_RD,SECONDARY_RD,DISTANCE,DIRECTION,INTERSECTION,WEATHER_1,WEATHER_2,STATE_HWY_IND,CALTRANS_COUNTY,CALTRANS_DISTRICT,STATE_ROUTE,ROUTE_SUFFIX,POSTMILE_PREFIX,POSTMILE,LOCATION_TYPE,RAMP_INTERSECTION,SIDE_OF_HWY,TOW_AWAY,COLLISION_SEVERITY,NUMBER_KILLED,NUMBER_INJURED,PARTY_COUNT,PRIMARY_COLL_FACTOR,PCF_CODE_OF_VIOL,PCF_VIOL_CATEGORY,PCF_VIOLATION,PCF_VIOL_SUBSECTION,HIT_AND_RUN,TYPE_OF_COLLISION,MVIW,PED_ACTION,ROAD_SURFACE,ROAD_COND_1,ROAD_COND_2,LIGHTING,CONTROL_DEVICE,CHP_ROAD_TYPE,PEDESTRIAN_ACCIDENT,BICYCLE_ACCIDENT,MOTORCYCLE_ACCIDENT,TRUCK_ACCIDENT,NOT_PRIVATE_PROPERTY,ALCOHOL_INVOLVED,STWD_VEHTYPE_AT_FAULT,CHP_VEHTYPE_AT_FAULT,COUNT_SEVERE_INJ,COUNT_VISIBLE_INJ,COUNT_COMPLAINT_PAIN,COUNT_PED_KILLED,COUNT_PED_INJURED,COUNT_BICYCLIST_KILLED,COUNT_BICYCLIST_INJURED,COUNT_MC_KILLED,COUNT_MC_INJURED,PRIMARY_RAMP,SECONDARY_RAMP,LATITUDE,LONGITUDE,COUNTY,CITY,POINT_X,POINT_Y
9348150,2021,2021-11-16,0404,2021-10-04,0007,714,W,1,5,3,0404,0,0,0,,0,00W,"1ST AV","BRODERICK ST",0.00,,Y,A,-,N,,,,,,,,,,Y,3,0,1,1,A,-,03,22350,,N,E,I,A,A,H,-,A,D,0,,,,,Y,,A,01,0,1,0,0,0,0,0,0,0,"- ","- ",39.513309478759766,-121.563720703125,BUTTE,OROVILLE,-121.56345367431641,39.51336669921875
91643726,2021,2021-12-06,9241,2021-11-30,1805,015529,,2,2,9,0400,0,3,5,,2,007,"COLTER WAY","HICKOK CT",27.00,E,N,A,-,N,,,,,,,,,,Y,3,0,1,1,A,-,03,22350,,N,E,I,A,B,H,-,D,D,0,,,,,Y,,D,22,0,1,0,0,0,0,0,0,0,"- ","- ",39.848781585693359,-121.60832977294922,BUTTE,UNINCORPORATED,-121.60521697998047,39.848594665527344
9380177,2021,2022-01-10,0405,2021-11-19,1724,21-1197,2N,5,5,4,0405,0,0,0,,0,00N,SKYWAY,"TOWHEE LN",685.00,N,N,A,-,N,,,,,,,,,,N,4,0,4,4,A,-,01,23153,A,N,C,C,A,A,H,-,D,D,0,,,,,Y,,-,,0,0,4,0,0,0,0,0,0,"- ","- ",39.796840667724609,-121.58580780029297,BUTTE,PARADISE,-121.593505859375,39.788055419921875
91481446,2021,2021-05-27,9240,2021-05-24,0650,017532,,1,1,9,0400,0,1,3,,1,021,SR-99,"TOWNSHIP RD.",0.00,,Y,A,-,Y,,,99,,,,,,,Y,3,0,2,2,A,-,09,21802,A,N,D,C,A,A,H,-,A,A,0,,,,,Y,,D,22,0,2,0,0,0,0,0,0,0,"- ","- ",39.343769073486328,-121.68682861328125,BUTTE,UNINCORPORATED,-121.68682861328125,39.343769073486328
9316460,2021,2021-09-20,0405,2021-08-06,2340,TUC01,11S,5,5,4,0405,0,0,0,,0,,"ROE RD","FOSTER RD",0.00,,Y,A,-,N,,,,,,,,,,Y,2,0,1,1,A,-,01,23152,A,N,E,I,A,A,H,-,D,A,0,,,,,Y,Y,-,,1,0,0,0,0,0,0,0,0,"- ","- ",39.741069793701172,-121.62682342529297,BUTTE,PARADISE,-121.62676239013672,39.741085052490234
9371410,2021,2022-02-11,0402,2021-12-06,1854,37,0402,1,5,5,0402,0,0,0,,0,004,"E 8TH ST","MAIN ST",0.00,,Y,B,-,Y,BUT,3,32,-,-,9.081,I,5,W,N,2,0,1,2,A,-,10,21950,A,N,G,B,B,A,H,-,C,A,0,Y,,,,Y,Y,A,01,1,0,0,0,1,0,0,0,0,"- ","- ",,,BUTTE,CHICO,-121.83567810058594,39.726219177246094
9386812,2021,2022-01-12,0402,2021-12-08,0847,82,,3,5,5,0402,0,0,0,,0,001,"WARNER ST","WEST 1ST AV",288.00,N,N,E,-,N,,,,,,,,,,N,4,0,1,2,A,-,11,21954,A,N,G,B,D,B,H,-,A,D,0,Y,,,,Y,,N,60,0,0,1,0,1,0,0,0,0,"- ","- ",,,BUTTE,CHICO,-121.85360717773438,39.735324859619141
91464567,2021,2021-05-27,9241,2021-04-27,1110,014929,,2,1,9,0400,0,1,3,,2,091,"SR-99 N/B","DURHAM-PENTZ RD OVERCROSSING",1990.00,S,N,A,-,Y,,,99,,,,,,N,N,2,0,1,2,A,-,07,21658,A,N,C,C,A,A,H,-,A,D,0,,,Y,,Y,,B,01,1,0,0,0,0,0,0,0,1,"- ","- ",39.635978698730469,-121.70865631103516,BUTTE,UNINCORPORATED,-121.708740234375,39.635887145996094
91517970,2021,2021-07-12,9240,2021-06-29,1355,017760,,2,1,9,0400,0,3,5,,2,020,"LARKIN ROAD","PRATHER RD",677.00,N,N,A,-,N,,,,,,,,,,Y,4,0,1,1,A,-,08,22107,,N,E,I,A,A,H,-,A,D,0,,,,,Y,,A,01,0,0,1,0,0,0,0,0,0,"- ","- ",39.374519348144531,-121.66004180908203,BUTTE,UNINCORPORATED,-121.66000366210938,39.374649047851562
9281093,2021,2021-07-29,0402,2021-06-21,1544,P03283,,1,5,5,0402,0,0,0,,0,,"BRUCE RD","SIERRA SUNRISE TER",0.00,,Y,A,-,N,,,,,,,,,,Y,2,0,2,2,A,-,09,21802,A,N,D,C,A,A,H,-,A,A,0,,,,,Y,,A,07,1,0,1,0,0,0,0,0,0,"- ","- ",,,BUTTE,CHICO,-121.79245758056641,39.743629455566406
9291721,2021,2021-09-11,0402,2021-07-04,1507,P00837,5,7,5,5,0402,0,0,0,,0,005,"EAST AV","MARIOSA AV",50.00,W,N,A,-,N,,,,,,,,,,N,4,0,1,2,A,-,03,22350,,N,C,C,A,A,H,-,A,A,0,,,,,Y,,A,07,0,0,1,0,0,0,0,0,0,"- ","- ",,,BUTTE,CHICO,-121.82477569580078,39.761074066162109
9411884,2021,2022-02-23,0402,2021-12-16,2350,P01767,9,4,5,5,0402,0,0,0,,0,002,"WEST 5TH ST","CHERRY ST",2.00,W,N,A,-,N,,,,,,,,,,Y,2,0,1,2,A,-,01,23153,A,F,D,B,B,A,H,-,C,A,0,Y,,,,Y,Y,A,01,1,0,0,0,1,0,0,0,0,"- ","- ",,,BUTTE,CHICO,-121.84447479248047,39.723896026611328
91570298,2021,2021-09-14,9240,2021-09-09,1420,020318,,4,2,9,0400,0,3,5,,2,010,"ORO BANGOR HWY","SWEDES FLAT RD.",5388.00,N,N,A,-,N,,,,,,,,,,Y,4,0,1,1,A,-,08,22107,,N,E,I,A,A,H,-,A,D,0,,,,,Y,,D,22,0,0,1,0,0,0,0,0,0,"- ","- ",39.456230163574219,-121.44052124023438,BUTTE,UNINCORPORATED,,
91561131,2021,2021-09-02,9241,2021-08-31,1320,016360,,2,1,9,0400,0,1,3,,1,060,SR-32,"HUMBOLDT AVE.",3168.00,E,N,A,-,Y,,,32,,,,,,,Y,2,0,1,1,A,-,08,22107,,N,F,A,A,A,H,-,A,D,0,,,,,Y,,D,22,1,0,0,0,0,0,0,0,0,"- ","- ",40.048530578613281,-121.61354827880859,BUTTE,UNINCORPORATED,-121.61359405517578,40.048496246337891
9281422,2021,2021-09-27,0402,2021-07-09,1701,1767,0402,5,5,5,0402,0,0,0,,0,001,ESPLANADE,"WEST 4TH AV",0.00,,Y,A,-,N,,,,,,,,,,Y,4,0,3,2,A,-,09,21802,A,N,D,C,A,-,H,-,A,A,0,,,,,Y,,A,01,0,0,3,0,0,0,0,0,0,"- ","- ",,,BUTTE,CHICO,-121.84804534912109,39.740947723388672
91510299,2021,2021-06-30,9241,2021-06-27,1515,019093,,7,2,9,0400,0,2,4,,2,083,"RIVER ROAD","CHICO RIVER ROAD",8976.00,S,N,A,-,N,,,,,,,,,,Y,4,0,1,2,A,-,03,22350,,F,C,C,A,A,H,-,A,D,0,,,,,Y,,-,99,0,0,1,0,0,0,0,0,0,"- ","- ",39.676170349121094,-121.93295288085938,BUTTE,UNINCORPORATED,-121.93393707275391,39.675407409667969
91604059,2021,2021-10-22,9240,2021-10-21,1915,019653,,4,2,9,0400,0,3,5,,2,020,"GILSTRAP AVENUE","OBERMEYER AVENUE",310.00,S,N,B,-,N,,,,,,,,,,Y,3,0,1,1,A,-,08,22107,,N,E,I,A,A,H,-,D,D,0,,,,,Y,,A,07,0,1,0,0,0,0,0,0,0,"- ","- ",39.353561401367188,-121.67398834228516,BUTTE,UNINCORPORATED,-121.67397308349609,39.353519439697266
91623466,2021,2021-11-12,9241,2021-11-04,1630,019006,,4,2,9,0400,0,2,4,,2,063,"SOUTH PARK DR","ENDICOT CIRCLE",166.00,E,N,A,-,N,,,,,,,,,,Y,2,0,2,1,A,-,01,23152,A,N,E,I,A,A,H,-,A,D,0,,,,,Y,Y,A,01,2,0,0,0,0,0,0,0,0,"- ","- ",39.805408477783203,-121.598388671875,BUTTE,UNINCORPORATED,-121.59794616699219,39.805419921875
9269389,2021,2021-05-28,0402,2021-05-03,1549,3815,,1,5,5,0402,0,0,0,,0,005,"EAST AV","MARIGOLD AV",0.00,,Y,A,-,N,,,,,,,,,,N,4,0,1,2,A,-,17,21200,A,N,D,G,A,A,H,-,A,A,0,,Y,,,Y,,L,04,0,0,1,0,0,0,1,0,0,"- ","- ",,,BUTTE,CHICO,-121.81520843505859,39.761173248291016
91465180,2021,2021-05-04,9240,2021-04-19,0540,015532,,1,3,9,0400,0,3,5,,2,010,"EAST GRIDLEY RD","FEATHER RIVER",38.00,W,N,A,-,N,,,,,,,,,,Y,4,0,2,2,A,-,01,23152,A,N,D,C,A,A,H,-,C,D,0,,,,,Y,Y,A,01,0,0,2,0,0,0,0,0,0,"- ","- ",39.215599060058594,-121.38480377197266,BUTTE,UNINCORPORATED,,
91474802,2021,2021-08-20,9240,2021-05-07,2239,020170,,5,3,9,0400,0,3,5,,2,010,"LINCOLN BLVD","MESSINA AVE",210.00,S,N,A,-,N,,,,,,,,,,Y,1,1,0,2,A,-,01,23152,A,N,C,C,A,A,H,-,D,D,0,,,,,Y,Y,A,01,0,0,0,0,0,0,0,0,0,"- ","- ",39.441268920898438,-121.55149841308594,BUTTE,UNINCORPORATED,-121.55156707763672,39.44134521484375
91549489,2021,2021-08-19,9240,2021-08-18,1530,021137,,3,2,9,0400,0,3,5,,2,010,"LOWER WYANDOTTE RD","V6 RD",578.00,S,N,A,-,N,,,,,,,,,,Y,4,0,1,2,A,-,03,22350,,N,C,C,A,A,H,-,A,D,0,,,,,Y,,A,07,0,0,1,0,0,0,0,0,0,"- ","- ",39.486171722412109,-121.53061676025391,BUTTE,UNINCORPORATED,-121.53060150146484,39.486221313476562
91562255,2021,2021-09-03,9240,2021-08-30,1345,017532,,1,1,9,0400,0,3,5,,2,030,"KELLY RIDGE RD","CHAPARRAL DR",400.00,S,N,A,-,N,,,,,,,,,,N,3,0,1,1,A,-,01,23152,A,N,E,I,A,A,H,-,A,D,0,,,,,Y,Y,A,01,0,1,0,0,0,0,0,0,0,"- ","- ",39.529060363769531,-121.46765899658203,BUTTE,UNINCORPORATED,-121.46743011474609,39.529468536376953
91452121,2021,2021-04-16,9241,2021-04-12,1640,017319,,1,2,9,0400,0,2,4,,2,063,"COHASSET RD","BOWERS LN",660.00,N,N,A,-,N,,,,,,,,,,Y,3,0,3,1,A,-,01,23152,A,N,E,I,A,A,H,-,A,D,0,,,,,Y,Y,A,07,0,1,2,0,0,0,0,0,0,"- ","- ",39.928848266601562,-121.73200225830078,BUTTE,UNINCORPORATED,-121.73206329345703,39.928321838378906
91486350,2021,2021-06-01,9240,2021-05-22,0810,020170,,6,1,9,0400,0,3,5,,2,010,"LONE TREE RD","KENNETH LANE",111.00,N,N,A,-,N,,,,,,,,,,Y,3,0,1,1,A,-,08,22107,,N,E,I,A,A,H,-,A,D,0,,,,,Y,,D,22,0,1,0,0,0,0,0,0,0,"- ","- ",39.445400238037109,-121.57695770263672,BUTTE,UNINCORPORATED,-121.57687377929688,39.445713043212891
9326721,2021,2021-10-27,0404,2021-09-10,2128,723,W,5,5,3,0404,0,0,0,,0,00W,"OROVILLE DAM BL EAST","SPENCER AV",0.00,,Y,A,-,N,,,162,,,,,,,N,4,0,2,2,A,-,04,21703,,N,C,C,A,A,H,-,C,A,0,,,,,Y,,-,,0,0,2,0,0,0,0,0,0,"- ","- ",39.505611419677734,-121.54804992675781,BUTTE,OROVILLE,-121.54795074462891,39.505336761474609
91412750,2021,2021-02-22,9241,2021-02-16,1805,019692,,2,2,9,0400,0,2,4,,2,071,SKYWAY,"POWELTON RD.",3168.00,N,N,A,-,N,,,,,,,,,,Y,4,0,1,1,A,-,08,22107,,N,E,I,A,A,H,-,D,D,0,,,,,Y,,A,01,0,0,1,0,0,0,0,0,0,"- ","- ",39.928699493408203,-121.53433227539062,BUTTE,UNINCORPORATED,-121.60157775878906,39.881259918212891
91512374,2021,2021-07-02,9240,2021-06-28,1604,021137,,1,2,9,0400,0,3,5,,2,010,"FORBESTOWN RD","WHITE FIR LN",408.00,W,N,A,-,N,,,,,,,,,,Y,2,0,1,1,A,-,08,22107,,N,E,I,A,A,H,-,A,D,0,,,,,Y,,A,01,1,0,0,0,0,0,0,0,0,"- ","- ",39.504558563232422,-121.34059143066406,BUTTE,UNINCORPORATED,-121.34066009521484,39.504493713378906
9295819,2021,2021-08-30,0402,2021-07-04,1903,59,0402,7,5,5,0402,0,0,0,,0,002,"W 9TH ST","BROADWAY ST",0.00,,Y,A,-,Y,BUT,3,32,-,R,9.461,I,5,E,Y,3,0,2,2,A,-,12,21453,A,N,-,C,A,A,H,-,A,A,0,,,,,Y,,-,"- ",0,1,1,0,0,0,0,0,0,"- ","- ",,,BUTTE,CHICO,-121.83625030517578,39.724712371826172
91594598,2021,2021-10-12,9240,2021-07-05,0300,019256,,1,3,9,0400,0,1,3,,2,032,SR-70,"WEST BRANCH BRIDGE (E/B EAST CONCRETE ABUTMENT EDG",756.00,E,N,A,-,Y,,,70,,,,,,,Y,1,2,0,2,A,-,01,23152,A,N,A,C,A,A,H,-,D,D,0,,,,,Y,Y,A,01,0,0,0,0,0,0,0,0,0,"- ","- ",39.670501708984375,-121.52613067626953,BUTTE,UNINCORPORATED,-121.52618408203125,39.670501708984375
91399859,2021,2021-02-01,9241,2021-01-28,1032,017114,,4,1,9,0400,0,1,3,,1,061,SR-99,"GAIA WAY",528.00,N,N,B,C,Y,,,99,,,,,,,Y,3,0,2,2,A,-,03,22350,,N,A,C,A,B,H,-,A,D,0,,,,,Y,,A,01,0,2,0,0,0,0,0,0,0,"- ","- ",39.877799987792969,-121.97038269042969,BUTTE,UNINCORPORATED,-121.97032165527344,39.877838134765625
91609216,2021,2021-10-28,9285,2021-10-21,1620,017393,,4,2,9,0400,0,3,5,,1,008,"FORBESTOWN RD","ROBINSON MILL ROAD",700.00,E,N,B,C,N,,,,,,,,,,Y,4,0,1,1,A,-,08,22107,,N,F,A,A,B,H,-,B,D,0,,,,Y,Y,,F,26,0,0,1,0,0,0,0,0,0,"- ","- ",39.494998931884766,-121.31794738769531,BUTTE,UNINCORPORATED,-121.31731414794922,39.495494842529297
91516555,2021,2021-07-09,9240,2021-06-29,1643,021137,,2,2,9,0400,0,3,5,,2,040,"HILLCREST AVE","SOLANO DR",455.00,S,N,A,-,N,,,,,,,,,,Y,4,0,1,1,A,-,01,23152,A,N,E,I,A,A,H,-,A,D,0,,,,,Y,Y,D,22,0,0,1,0,0,0,0,0,0,"- ","- ",39.518550872802734,-121.47445678710938,BUTTE,UNINCORPORATED,-121.47440338134766,39.518604278564453
91537753,2021,2021-08-05,9240,2021-07-28,0718,019060,,3,1,9,0400,0,1,3,,1,021,SR-99,"NELSON AVE",1185.00,N,N,A,-,Y,,,99,,,,,,,Y,4,0,1,2,A,-,03,22350,,N,C,C,A,A,D,-,A,D,0,,,,,Y,,D,22,0,0,1,0,0,0,0,0,0,"- ","- ",39.5264892578125,-121.68879699707031,BUTTE,UNINCORPORATED,-121.68877410888672,39.5264892578125
91559576,2021,2021-08-31,9240,2021-08-28,1900,019055,,6,2,9,0400,0,3,5,,2,030,"CONCOW ROAD","RAGDUMP RD",5280.00,S,N,A,-,N,,,,,,,,,,N,2,0,1,1,A,-,01,23152,A,N,F,A,A,A,H,-,A,D,0,,,,,Y,Y,A,07,1,0,0,0,0,0,0,0,0,"- ","- ",39.855880737304688,-121.47670745849609,BUTTE,UNINCORPORATED,-121.48208618164062,39.848499298095703
91562367,2021,2021-09-03,9240,2021-09-02,2035,019653,,4,2,9,0400,0,1,3,,2,041,SR-162,"GOLD COUNTRY CASINO",0.00,,Y,A,-,Y,,,162,,,,,,,Y,3,0,2,2,A,-,12,21453,A,M,D,C,A,A,H,-,C,A,0,,,,,Y,,A,07,0,2,0,0,0,0,0,0,0,"- ","- ",39.504940032958984,-121.50747680664062,BUTTE,UNINCORPORATED,-121.50749206542969,39.504959106445312
91647465,2021,2021-12-09,9241,2021-12-06,1715,016360,,1,2,5,0402,0,1,3,,2,100,"SR-99 S/B","E. 20TH ST. O/C",2429.00,N,N,A,-,Y,,,99,,,,,,S,Y,3,0,2,3,A,-,03,22350,,N,C,C,A,A,H,-,D,D,0,,,,,Y,,A,01,0,1,1,0,0,0,0,0,0,"- ","- ",39.733791351318359,-121.81614685058594,BUTTE,CHICO,-121.81616973876953,39.7337646484375
9254680,2021,2021-05-20,0402,2021-04-13,1500,1240,,2,5,5,0402,0,0,0,,0,,"MAIN ST","7TH ST",0.00,,Y,A,-,N,,,,,,,,,,Y,4,0,1,2,A,-,08,22107,,N,B,C,A,A,H,-,A,A,0,,,,,Y,,-,,0,0,1,0,0,0,0,0,0,"- ","- ",,,BUTTE,CHICO,-121.83647155761719,39.726909637451172
9256322,2021,2021-07-06,0404,2021-02-22,1406,650,TH,1,5,3,0404,0,0,0,,0,0TH,"LARKIN RD","AIRPORT PKWY",1052.00,E,N,A,-,N,,,,,,,,,,Y,1,3,4,2,A,-,07,21658,A,N,A,C,A,A,H,-,A,D,0,,,,,Y,,A,01,1,3,0,0,0,0,0,0,0,"- ","- ",39.485149383544922,-121.61338806152344,BUTTE,OROVILLE,-121.61482238769531,39.485073089599609
9281101,2021,2021-07-29,0402,2021-06-21,1359,P03283,,1,5,5,0402,0,0,0,,0,,"BROADWAY ST","W 3RD ST",0.00,,Y,A,-,N,,,,,,,,,,N,4,0,1,2,A,-,12,21453,A,M,D,C,A,A,H,-,A,A,0,,,,,Y,,D,22,0,0,1,0,0,0,0,0,0,"- ","- ",,,BUTTE,CHICO,-121.84047698974609,39.729034423828125
9301152,2021,2021-08-18,0402,2021-07-08,1407,1240,,4,5,5,0402,0,0,0,,0,003,"RT 32","CHESTNUT ST",0.00,,Y,A,-,Y,BUT,3,32,-,R,9.263,I,5,E,Y,2,0,2,2,A,-,12,22450,A,N,D,C,A,A,H,-,A,A,0,,,,,Y,,A,01,1,1,0,0,0,0,0,0,0,"- ","- ",,,BUTTE,CHICO,-121.83877563476562,39.723003387451172
91606569,2021,2021-10-26,9241,2021-10-24,1600,016360,,7,2,9,0400,0,2,4,,2,063,"COHASSET RD.","NICALOG RD.",30.00,S,N,B,C,N,,,,,,,,,,Y,4,0,1,2,A,-,08,22107,,N,D,C,A,B,H,-,A,D,0,,,,,Y,,A,01,0,0,1,0,0,0,0,0,0,"- ","- ",39.505199432373047,-121.4844970703125,BUTTE,UNINCORPORATED,-121.81269073486328,39.847949981689453
91637357,2021,2021-11-29,9241,2021-11-26,1555,019972,,5,2,9,0400,0,3,5,,2,007,"IMPERIAL WAY","UPLAND RD.",36.00,W,N,A,-,N,,,,,,,,,,N,3,0,1,2,A,-,08,22107,,N,B,C,A,A,H,-,A,A,0,,,Y,,Y,,C,06,0,1,0,0,0,0,0,0,1,"- ","- ",39.849941253662109,-121.59429168701172,BUTTE,UNINCORPORATED,-121.5943603515625,39.849933624267578
91650956,2021,2021-12-13,9240,2021-12-11,1500,021137,,6,2,9,0400,0,3,5,,2,030,"TABLE MTN BLVD","GARDEN DR",42.00,S,N,B,-,N,,,,,,,,,,N,4,0,1,1,C,-,18,,,N,F,A,A,D,G,-,A,D,0,,,Y,,Y,,-,"- ",0,0,1,0,0,0,0,0,1,"- ","- ",39.534870147705078,-121.57630157470703,BUTTE,UNINCORPORATED,-121.57609558105469,39.534816741943359
91669737,2021,2022-01-04,9241,2021-12-30,1450,018540,,4,2,9,0400,0,2,4,,2,090,SKYWAY,"SKYWAY CROSSROADS",0.00,,Y,A,-,N,,,,,,,,,,Y,4,0,1,2,A,-,07,21658,A,N,B,D,A,A,H,-,A,D,0,,,,,Y,,I,09,0,0,1,0,0,0,0,0,0,"- ","- ",39.743789672851562,-121.6551513671875,BUTTE,UNINCORPORATED,-121.79867553710938,39.714874267578125
91467366,2021,2021-05-27,9240,2021-04-27,0140,019256,,2,3,9,0400,0,3,5,,2,010,"ORO BANGOR HWY","RUTHERFORD LN (WEST)",437.00,E,N,A,-,N,,,,,,,,,,Y,2,0,1,1,A,-,01,23152,A,N,E,I,A,A,H,-,D,D,0,,,,,Y,Y,A,01,1,0,0,0,0,0,0,0,0,"- ","- ",39.467231750488281,-121.45503234863281,BUTTE,UNINCORPORATED,-121.45526885986328,39.467361450195312
9256758,2021,2021-06-14,0404,2021-05-28,2006,703,E,5,5,3,0404,0,0,0,,0,00E,"OROVILLE DAM BL EAST","CLEMO AV",718.00,W,N,A,-,N,,,,,,,,,,Y,3,0,1,3,A,-,09,21804,,N,D,C,A,-,H,-,A,D,0,,,,,Y,Y,D,22,0,1,0,0,0,0,0,0,0,"- ","- ",39.508529663085938,-121.54232788085938,BUTTE,OROVILLE,,
9380171,2021,2022-01-12,0405,2021-12-09,0234,TAT01,4N,4,5,4,0405,0,0,0,,0,,"PENTZ RD","GRAND CT",0.00,,Y,C,-,N,,,,,,,,,,Y,3,0,1,1,A,-,05,21650,,N,E,I,A,B,H,-,D,D,0,,,,,Y,,A,01,0,1,0,0,0,0,0,0,0,"- ","- ",39.800449371337891,-121.58087921142578,BUTTE,PARADISE,-121.57982635498047,39.799053192138672
91497318,2021,2021-06-15,9240,2021-06-12,0535,018841,,6,3,9,0400,0,1,3,,1,011,"RT 70","COX LN.",2534.00,N,N,A,-,Y,,,70,,,,,,,N,4,0,1,1,A,-,08,22107,,N,E,8,A,A,H,-,A,D,0,,,,,Y,,A,01,0,0,1,0,0,0,0,0,0,"- ","- ",39.388950347900391,-121.60890960693359,BUTTE,UNINCORPORATED,-121.60882568359375,39.388858795166016
91508745,2021,2021-06-29,9241,2021-06-25,1750,019093,,5,2,9,0400,0,2,4,,2,063,"COHASSET RD","VILAS RD",150.00,N,N,A,-,N,,,,,,,,,,N,4,0,1,1,A,-,08,22107,,N,E,I,A,A,H,-,A,D,0,,,,,Y,,A,01,0,0,1,0,0,0,0,0,0,"- ","- ",39.899871826171875,-121.74198150634766,BUTTE,UNINCORPORATED,-121.7420654296875,39.899543762207031
91541861,2021,2021-08-11,9240,2021-08-06,1715,020587,,5,2,9,0400,0,1,3,,1,011,"STATE HIGHWAY 70","BOB WAY",300.00,N,N,A,-,Y,,,70,,,,,,,Y,3,0,1,2,A,-,03,22350,,N,C,C,A,A,D,-,A,D,0,,,,,Y,,A,01,0,1,0,0,0,0,0,0,0,"- ","- ",39.429821014404297,-121.60517120361328,BUTTE,UNINCORPORATED,-121.60516357421875,39.429821014404297
9287669,2021,2021-08-03,0404,2021-06-20,0911,714,W,7,5,3,0404,0,0,0,,0,00W,"OROVILLE DAM BL E","OROVILLE DAM BL E 480",0.00,,Y,A,-,N,,,,,,,,,,Y,3,0,1,2,A,-,09,21801,,N,A,C,A,A,H,-,A,D,0,,,,,Y,,A,01,0,1,0,0,0,0,0,0,0,"- ","- ",39.478260040283203,-121.54974365234375,BUTTE,OROVILLE,-121.54955291748047,39.504779815673828
9339463,2021,2021-10-18,0402,2021-09-14,1543,39,0402,2,5,5,0402,0,0,0,,0,002,"NORD AV","W SACRAMENTO AV",1560.00,S,N,A,-,Y,BUT,3,32,-,-,8.080,H,-,E,Y,3,0,1,3,A,-,04,21703,,N,C,-,A,A,H,-,A,-,0,,,,,Y,,-,,0,1,0,0,0,0,0,0,0,"- ","- ",,,BUTTE,CHICO,-121.85411834716797,39.727981567382812
91457420,2021,2021-05-27,9240,2021-04-20,1235,017532,,2,1,9,0400,0,1,3,,1,021,SR-99,"RIO BONITO RD.",0.00,,Y,A,-,Y,,,99,,,,,,,Y,4,0,2,2,A,-,09,21802,A,N,D,C,A,A,H,-,A,A,0,,,,,Y,,A,01,0,0,2,0,0,0,0,0,0,"- ","- ",39.425178527832031,-121.68820190429688,BUTTE,UNINCORPORATED,-121.68813323974609,39.425178527832031
91504534,2021,2021-06-23,9240,2021-03-24,1355,018396,,3,1,9,0400,0,3,5,,2,040,"LONG BAR ROAD","BOY Y LE LN",740.00,E,N,A,-,N,,,,,,,,,,Y,1,1,0,2,A,-,01,23152,F,N,A,C,A,A,H,-,A,A,0,,,Y,,Y,,C,02,0,0,0,0,0,0,0,1,0,"- ","- ",39.525558471679688,-121.53420257568359,BUTTE,UNINCORPORATED,,
9299995,2021,2021-09-01,0402,2021-08-03,1336,49/1763,5,2,5,5,0402,0,0,0,,0,001,"NORD AV","STEWART AV",280.00,S,N,A,-,Y,BUT,3,32,-,-,8.230,H,-,E,N,4,0,1,2,A,-,09,21804,A,N,D,G,A,A,H,-,A,D,0,,Y,,,Y,,D,22,0,0,1,0,0,0,1,0,0,"- ","- ",,,BUTTE,CHICO,-121.85204315185547,39.726436614990234
9317328,2021,2021-09-17,0404,2021-08-11,1951,703,W,3,5,3,0404,0,0,0,,0,00W,"PINE ST","MONTGOMERY ST",0.00,,Y,A,-,N,,,,,,,,,,N,4,0,1,2,A,-,09,21802,,N,D,C,A,A,H,-,A,A,0,,,,,Y,,A,07,0,0,1,0,0,0,0,0,0,"- ","- ",39.512588500976562,-121.55986022949219,BUTTE,OROVILLE,-121.55982971191406,39.512619018554688
9324168,2021,2021-09-24,0402,2021-08-28,1655,1272,,6,5,5,0402,0,0,0,,0,003,"PARK AV","E 20TH ST",194.00,N,N,A,-,N,,,,,,,,,,Y,3,0,1,1,A,-,01,23152,A,N,E,I,A,A,H,-,A,D,0,,,,,Y,Y,A,07,0,1,0,0,0,0,0,0,0,"- ","- ",,,BUTTE,CHICO,-121.82392883300781,39.719661712646484
91464694,2021,2021-05-27,9241,2021-04-27,1635,017319,,2,2,5,0402,0,1,3,,2,100,SR-99,"GARNER LN.",2890.00,S,N,A,-,Y,,,,,,,,,,Y,4,0,2,2,A,-,03,22350,,N,C,C,A,A,H,-,A,D,0,,,,,Y,,A,01,0,0,2,0,0,0,0,0,0,"- ","- ",39.470279693603516,-121.53054809570312,BUTTE,CHICO,-121.88523864746094,39.783946990966797