CASE_ID,ACCIDENT_YEAR,PROC_DATE,JURIS,COLLISION_DATE,COLLISION_TIME,OFFICER_ID,REPORTING_DISTRICT,DAY_OF_WEEK,CHP_SHIFT,POPULATION,CNTY_CITY_LOC,SPECIAL_COND,BEAT_TYPE,CHP_BEAT_TYPE,CITY_DIVISION_LAPD,CHP_BEAT_CLASS,BEAT_NUMBER,PRIMARY_RD,SECONDARY_RD,DISTANCE,DIRECTION,INTERSECTION,WEATHER_1,WEATHER_2,STATE_HWY_IND,CALTRANS_COUNTY,CALTRANS_DISTRICT,STATE_ROUTE,ROUTE_SUFFIX,POSTMILE_PREFIX,POSTMILE,LOCATION_TYPE,RAMP_INTERSECTION,SIDE_OF_HWY,TOW_AWAY,COLLISION_SEVERITY,NUMBER_KILLED,NUMBER_INJURED,PARTY_COUNT,PRIMARY_COLL_FACTOR,PCF_CODE_OF_VIOL,PCF_VIOL_CATEGORY,PCF_VIOLATION,PCF_VIOL_SUBSECTION,HIT_AND_RUN,TYPE_OF_COLLISION,MVIW,PED_ACTION,ROAD_SURFACE,ROAD_COND_1,ROAD_COND_2,LIGHTING,CONTROL_DEVICE,CHP_ROAD_TYPE,PEDESTRIAN_ACCIDENT,BICYCLE_ACCIDENT,MOTORCYCLE_ACCIDENT,TRUCK_ACCIDENT,NOT_PRIVATE_PROPERTY,ALCOHOL_INVOLVED,STWD_VEHTYPE_AT_FAULT,CHP_VEHTYPE_AT_FAULT,COUNT_SEVERE_INJ,COUNT_VISIBLE_INJ,COUNT_COMPLAINT_PAIN,COUNT_PED_KILLED,COUNT_PED_INJURED,COUNT_BICYCLIST_KILLED,COUNT_BICYCLIST_INJURED,COUNT_MC_KILLED,COUNT_MC_INJURED,PRIMARY_RAMP,SECONDARY_RAMP,LATITUDE,LONGITUDE,COUNTY,CITY,POINT_X,POINT_Y
91589431,2021,2021-10-06,9240,2021-09-25,1843,019055,,6,2,9,0400,0,3,5,,2,010,"E. GRIDLEY ROAD",SR-70,2486.00,W,N,A,-,N,,,,,,,,,,Y,3,0,1,1,A,-,08,22107,,N,E,I,A,A,H,-,B,D,0,,,,,Y,,A,01,0,1,0,0,0,0,0,0,0,"- ","- ",39.364490509033203,-121.62696075439453,BUTTE,UNINCORPORATED,-121.61674499511719,39.364456176757812
9406138,2021,2022-02-16,0402,2021-12-20,1722,P00837,77,1,5,5,0402,0,0,0,,0,003,"MARTIN LUTHER KING PKWY","SILVER DOLLAR WY",18.00,S,N,B,-,N,,,,,,,,,,N,2,0,1,2,A,-,11,21954,A,N,G,B,D,A,H,-,C,D,0,Y,,,,Y,Y,N,60,1,0,0,0,1,0,0,0,0,"- ","- ",,,BUTTE,CHICO,-121.80803680419922,39.720798492431641
91479869,2021,2021-05-27,9241,2021-05-21,0510,020686,,5,3,5,0402,0,1,3,,2,100,"N/B SR-99","COHASSET RD. O/C",780.00,S,N,A,-,Y,,,99,,,,,,,Y,3,0,1,1,A,-,08,22107,,N,E,I,A,A,H,-,C,D,0,,,,,Y,,A,01,0,1,0,0,0,0,0,0,0,"- ","- ",39.753108978271484,-121.8426513671875,BUTTE,CHICO,-121.84273529052734,39.752956390380859
91543677,2021,2021-08-12,9240,2021-07-28,1300,017532,,3,1,9,0400,0,3,5,,2,040,"BALD ROCK RD.","TREE LINED CT.",400.00,E,N,A,-,N,,,,,,,,,,Y,4,0,2,2,A,-,08,22107,,N,A,C,A,A,H,-,A,D,0,,,,,Y,,A,07,0,0,2,0,0,0,0,0,0,"- ","- ",39.641529083251953,-121.41896820068359,BUTTE,UNINCORPORATED,-121.42037963867188,39.641178131103516
9221575,2021,2021-03-04,0402,2021-01-13,1918,59/3183,0402,3,5,5,0402,0,0,0,,0,003,"CYPRESS ST","E 9TH ST",0.00,,Y,A,-,Y,BUT,3,32,-,-,9.460,I,5,E,Y,3,0,2,2,D,-,00,,,N,D,C,A,A,H,-,C,A,0,,,,,Y,,-,"- ",0,1,1,0,0,0,0,0,0,"- ","- ",39.729259490966797,-121.82933044433594,BUTTE,CHICO,-121.82952880859375,39.729099273681641
9378729,2021,2021-12-20,0402,2021-11-17,1612,P04107,43,3,5,5,0402,0,0,0,,0,003,"E 8TH ST","POPLAR ST",0.00,,Y,A,-,Y,BUT,3,32,-,-,9.539,I,5,W,N,3,0,1,2,A,-,09,21802,A,N,D,G,A,A,H,-,A,A,0,,Y,,,Y,,L,04,0,1,0,0,0,0,1,0,0,"- ","- ",,,BUTTE,CHICO,-121.82920074462891,39.730560302734375
9253343,2021,2021-04-20,0402,2021-03-11,1626,P01903,,4,5,5,0402,0,0,0,,0,002,"MAIN ST","W 3RD ST",0.00,,Y,A,-,N,,,,,,,,,,N,3,0,1,2,A,-,11,21954,A,N,B,B,E,A,H,-,A,A,0,Y,,Y,,Y,,N,60,0,1,0,0,1,0,0,0,0,"- ","- ",,,BUTTE,CHICO,-121.83956909179688,39.729637145996094
91555316,2021,2021-08-26,9240,2021-08-25,2114,020170,,3,2,9,0400,0,3,5,,2,010,"PALERMO HONCUT HIGHWAY","COX LANE",360.00,S,N,A,-,N,,,,,,,,,,Y,4,0,1,1,A,-,08,22107,,N,E,I,A,A,H,-,D,D,0,,,,,Y,,A,07,0,0,1,0,0,0,0,0,0,"- ","- ",39.384201049804688,-121.53977203369141,BUTTE,UNINCORPORATED,-121.53974914550781,39.384231567382812
91604822,2021,2021-10-25,9285,2021-10-14,1940,018632,,4,2,9,0400,0,3,5,,1,008,"FORBESTOWN ROAD","WEISS HILL ROAD",2640.00,N,N,A,-,N,,,,,,,,,,N,3,0,1,1,A,-,08,22107,,N,E,I,A,A,H,-,D,D,0,,,,,Y,,A,01,0,1,0,0,0,0,0,0,0,"- ","- ",39.510711669921875,-121.30747985839844,BUTTE,UNINCORPORATED,-121.30509185791016,39.513523101806641
9264106,2021,2021-06-17,0402,2021-05-04,1212,P03283,,2,5,5,0402,0,0,0,,0,,"MAIN ST","W 8TH ST",0.00,,Y,A,-,Y,BUT,3,32,-,R,9.558,I,5,W,Y,2,0,1,2,A,-,01,23152,A,N,D,C,A,A,H,-,A,A,0,,,,,Y,Y,D,22,1,0,0,0,0,0,0,0,0,"- ","- ",,,BUTTE,CHICO,-121.83584594726562,39.726112365722656
9280165,2021,2021-06-21,0402,2021-05-28,1437,P01277,18,5,5,5,0402,0,0,0,,0,001,"NORD AV","W LINDO AV",283.00,S,N,A,-,Y,BUT,3,32,-,-,6.410,H,-,W,Y,3,0,1,2,A,-,04,21703,,N,C,C,A,A,H,-,A,D,0,,,,,Y,,A,01,0,1,0,0,0,0,0,0,0,"- ","- ",39.442501068115234,-121.52439880371094,BUTTE,CHICO,-121.88048553466797,39.740879058837891
91619179,2021,2021-11-08,9241,2021-11-05,1840,019006,,5,2,9,0400,0,1,3,,1,061,SR99,"HAMILTON NORD CANA HWY",3696.00,S,N,A,-,Y,,,99,,,,,,,Y,4,0,1,3,A,-,03,22350,,N,A,A,A,D,H,-,D,D,0,,,,,Y,,A,01,0,0,1,0,0,0,0,0,0,"- ","- ",39.851409912109375,-121.94998931884766,BUTTE,UNINCORPORATED,-121.95000457763672,39.851402282714844
9249103,2021,2021-04-30,0404,2021-04-07,1652,651,W,3,5,3,0404,0,0,0,,0,00W,"FEATHER RIVER BL","GEORGIA PACIFIC WY",0.00,,Y,A,-,N,,,,,,,,,,Y,4,0,1,2,A,-,09,21802,,N,D,C,A,A,H,-,A,A,0,,,,,Y,,D,73,0,0,1,0,0,0,0,0,0,"- ","- ",39.477409362792969,-121.57486724853516,BUTTE,OROVILLE,-121.57478332519531,39.477401733398438
9299956,2021,2021-09-30,0402,2021-08-04,0825,P03283,,3,5,5,0402,0,0,0,,0,,ESPLANADE,"E 5TH AV",0.00,,Y,A,-,N,,,,,,,,,,N,3,0,1,2,A,-,12,22450,A,N,D,G,A,A,H,-,A,A,0,,Y,,,Y,,L,04,0,1,0,0,0,0,1,0,0,"- ","- ",,,BUTTE,CHICO,-121.84867095947266,39.742046356201172
9384404,2021,2022-01-13,0402,2021-12-08,1541,1286,0402,3,5,5,0402,0,0,0,,0,006,"MANGROVE AV","MANGROVE AV 720",0.00,,Y,B,-,N,,,,,,,,,,Y,3,0,1,2,A,-,09,21801,A,N,D,C,A,B,H,-,B,D,0,,,,,Y,,-,,0,1,0,0,0,0,0,0,0,"- ","- ",,,BUTTE,CHICO,,
9255682,2021,2021-05-11,0402,2021-04-16,2104,35,,5,5,5,0402,0,0,0,,0,003,"PARK AV","E 15TH ST",0.00,,Y,A,-,N,,,,,,,,,,Y,2,0,1,2,A,-,09,21801,,F,D,C,A,A,H,-,C,D,0,,,Y,,Y,,C,06,1,0,0,0,0,0,0,0,0,"- ","- ",,,BUTTE,CHICO,-121.82820129394531,39.722023010253906
9322257,2021,2021-09-16,0402,2021-07-30,1551,21,,5,5,5,0402,0,0,0,,0,001,"NORD AV","WEST 8TH AV",0.00,,Y,A,-,Y,BUT,3,32,-,-,7.120,H,-,W,N,4,0,2,2,A,-,03,22350,,N,C,C,A,A,H,-,A,A,0,,,,,Y,,A,08,0,0,2,0,0,0,0,0,0,"- ","- ",,,BUTTE,CHICO,-121.86898803710938,39.735939025878906
91522136,2021,2021-07-16,9241,2021-07-15,1500,016360,,4,2,9,0400,0,1,3,,2,100,"SR-99 SOUTHBOUND","LITTLE CHICO CREEK BRIDGE",100.00,S,N,A,-,Y,,,99,,,,,,S,Y,4,0,1,2,A,-,08,22107,,M,E,I,A,A,H,-,A,D,0,,,,,Y,,A,07,0,0,1,0,0,0,0,0,0,"- ","- ",39.733150482177734,-121.81543731689453,BUTTE,UNINCORPORATED,-121.81540679931641,39.733196258544922
91570181,2021,2021-09-14,9240,2021-09-07,0720,017532,,2,1,9,0400,0,3,5,,2,020,"LARKIN RD.","CHANDON AVE",75.00,N,N,A,-,N,,,,,,,,,,Y,4,0,1,2,A,-,08,22107,,N,A,C,A,A,H,-,A,A,0,,,,,Y,,A,01,0,0,1,0,0,0,0,0,0,"- ","- ",39.314659118652344,-121.65995788574219,BUTTE,UNINCORPORATED,-121.65998077392578,39.314567565917969
91575909,2021,2021-09-21,9241,2021-09-02,2222,019692,,4,3,9,0400,0,1,3,,2,081,"SR-99 N/B","NEAL RD.",5280.00,N,N,A,-,Y,,,99,,,,,,N,Y,1,1,0,1,A,-,08,22107,,N,E,8,A,A,H,-,D,D,0,,,,,Y,,D,22,0,0,0,0,0,0,0,0,0,"- ","- ",39.6768798828125,-121.75827789306641,BUTTE,UNINCORPORATED,-121.75830841064453,39.676841735839844
91653474,2021,2021-12-15,9240,2021-12-14,1708,018967,,2,2,9,0400,0,1,3,,1,011,SR-70,"PALERMO RD",0.00,,Y,A,-,Y,,,70,,,,,,,Y,4,0,3,2,A,-,09,21802,A,N,D,C,A,A,H,-,C,A,0,,,,,Y,,A,01,0,0,3,0,0,0,0,0,0,"- ","- ",39.433528900146484,-121.60504150390625,BUTTE,UNINCORPORATED,-121.60512542724609,39.433528900146484
9257642,2021,2021-05-05,0404,2021-04-09,1504,690,W,5,5,3,0404,0,0,0,,0,00W,"MYERS ST","MITCHELL AV",0.00,,Y,A,-,N,,,,,,,,,,Y,4,0,1,2,A,-,08,22100,B,N,H,C,A,A,H,-,A,A,0,,,,,Y,,-,,0,0,1,0,0,0,0,0,0,"- ","- ",,,BUTTE,OROVILLE,-121.55133819580078,39.506950378417969
9299788,2021,2021-10-27,0402,2021-08-03,1829,69,,2,5,5,0402,0,0,0,,0,005,"EAST AV","MARIPOSA AV",0.00,,Y,A,-,N,,,,,,,,,,Y,4,0,2,2,A,-,12,21453,A,N,D,C,A,A,H,-,A,A,0,,,,,Y,,-,,0,0,2,0,0,0,0,0,0,"- ","- ",,,BUTTE,CHICO,-121.82460021972656,39.761081695556641
9301296,2021,2021-08-19,0404,2021-07-19,1310,645,E,1,5,3,0404,0,0,0,,0,00E,"OROVILLE DAM RD","ORO DAM BL",0.00,,Y,A,-,N,,,,,,,,,,N,4,0,1,2,A,-,09,21801,A,N,D,C,A,A,H,-,A,D,0,,,Y,,Y,,A,01,0,0,1,0,0,0,0,0,1,"- ","- ",39.508499145507812,-121.54238128662109,BUTTE,OROVILLE,,
9368142,2021,2021-12-28,0402,2021-11-11,2337,P02897,CPD,4,5,5,0402,0,0,0,,0,005,"E EATON RD","HICKS LN",0.00,,Y,A,-,N,,,,,,,,,,Y,4,0,1,1,A,-,05,21650,,N,E,I,A,B,D,-,C,D,0,,,,,Y,,A,07,0,0,1,0,0,0,0,0,0,"- ","- ",,,BUTTE,CHICO,-121.87191009521484,39.775291442871094
9389695,2021,2022-01-18,0402,2021-12-13,1853,2875,0402,1,5,5,0402,0,0,0,,0,001,ESPLANADE,"W 7TH AV",0.00,,Y,B,C,N,,,,,,,,,,Y,4,0,1,2,A,-,12,21453,A,F,B,C,A,B,H,-,C,A,0,,,,,Y,,-,,0,0,1,0,0,0,0,0,0,"- ","- ",,,BUTTE,CHICO,-121.85032653808594,39.744091033935547
91383946,2021,2021-01-08,9240,2021-01-03,0055,019256,,7,3,9,0400,0,3,5,,2,010,"ORO BANGOR HWY","AVACADO RD",6600.00,N,N,B,C,N,,,,,,,,,,Y,3,0,1,1,A,-,01,23152,A,N,E,I,A,B,H,-,D,D,0,,,,,Y,Y,D,22,0,1,0,0,0,0,0,0,0,"- ","- ",39.415889739990234,-121.42507171630859,BUTTE,UNINCORPORATED,,
91389525,2021,2021-01-18,9240,2021-01-15,0505,018841,,5,3,9,0400,0,3,5,,2,010,"ORO BANGOR HWY","SWEDES FLAT RD",1584.00,W,N,A,-,N,,,,,,,,,,Y,3,0,1,1,A,-,01,23152,A,N,E,I,A,A,H,-,D,D,0,,,,,Y,Y,A,07,0,1,0,0,0,0,0,0,0,"- ","- ",39.446418762207031,-121.43704223632812,BUTTE,UNINCORPORATED,,
91390026,2021,2021-01-18,9240,2021-01-06,1547,019710,,3,2,9,0400,0,3,5,,2,020,"EAST GRIDLEY ROAD","LARKIN RD",0.00,,Y,B,-,N,,,,,,,,,,Y,4,0,1,2,A,-,12,21453,A,N,D,C,A,A,H,-,A,A,0,,,,,Y,,D,22,0,0,1,0,0,0,0,0,0,"- ","- ",39.363449096679688,-121.65989685058594,BUTTE,UNINCORPORATED,-121.659912109375,39.363471984863281
91390236,2021,2021-01-18,9240,2021-01-15,1812,020170,,5,2,9,0400,0,3,5,,2,010,"LOWER WYANDOTTE RD","UPPER PALERMO ROAD",275.00,E,N,A,-,N,,,,,,,,,,N,3,0,1,2,A,-,09,21804,A,N,D,G,A,A,H,-,C,A,0,,Y,,,Y,,A,01,0,1,0,0,0,0,1,0,0,"- ","- ",39.467029571533203,-121.52504730224609,BUTTE,UNINCORPORATED,-121.525146484375,39.466976165771484
91391360,2021,2021-01-20,9241,2021-01-15,1659,017114,,5,2,9,0400,0,2,4,,2,070,SKYWAY,"WYCLIFF WAY",0.00,,Y,A,-,N,,,,,,,,,,Y,4,0,2,2,A,-,09,21802,A,N,D,C,A,A,H,-,A,A,0,,,,,Y,,D,22,0,0,2,0,0,0,0,0,0,"- ","- ",39.834930419921875,-121.59703063964844,BUTTE,UNINCORPORATED,-121.59703826904297,39.834026336669922
91393694,2021,2021-01-25,9240,2021-01-24,0054,020170,,7,3,9,0400,0,1,3,,1,021,"SR-99 S/B","MORRISON SLOUGH",450.00,N,N,A,-,Y,,,99,,,,,,S,N,2,0,1,2,D,-,00,,,F,G,B,E,A,H,-,D,D,0,Y,,,,Y,,-,"- ",1,0,0,0,1,0,0,0,0,"- ","- ",39.306228637695312,-121.67311096191406,BUTTE,UNINCORPORATED,-121.67306518554688,39.306247711181641
91395276,2021,2021-01-27,9240,2021-01-26,1720,018967,,2,2,9,0400,0,3,5,,2,040,"LUMPKIN RD","FORBESTOWN RD",10032.00,E,N,B,C,N,,,,,,,,,,Y,4,0,1,1,A,-,03,22350,,N,E,I,A,B,H,-,D,D,0,,,,,Y,,A,01,0,0,1,0,0,0,0,0,0,"- ","- ",39.517398834228516,-121.33439636230469,BUTTE,UNINCORPORATED,-121.33475494384766,39.518085479736328
91400571,2021,2021-02-02,9241,2021-01-26,1650,019093,,2,2,9,0400,0,2,4,,2,097,"CENTERVILLE RD","HONEY RUN",2300.00,N,N,B,-,N,,,,,,,,,,Y,4,0,1,1,C,-,18,,,N,H,J,A,A,H,-,A,D,0,,,,,Y,,-,"- ",0,0,1,0,0,0,0,0,0,"- ","- ",39.735511779785156,-121.70182037353516,BUTTE,UNINCORPORATED,-121.70175933837891,39.734981536865234
91401918,2021,2021-02-03,9240,2021-02-02,1250,018841,,2,1,3,0404,0,3,5,,2,010,"ORO BANGOR HWY.","AVACADO RD",5278.00,E,N,B,-,N,,,,,,,,,,Y,4,0,1,1,A,-,08,22107,,N,E,I,A,B,H,-,A,D,0,,,,,Y,,D,22,0,0,1,0,0,0,0,0,0,"- ","- ",39.414390563964844,-121.42349243164062,BUTTE,OROVILLE,,
91404745,2021,2021-02-08,9240,2021-01-29,0429,021137,,5,3,9,0400,0,3,5,,2,010,"LOWER WYANDOTTE RD","ALVERDA DR",43.00,W,N,B,-,N,,,,,,,,,,Y,3,0,1,2,A,-,01,23152,A,N,D,C,A,B,H,-,C,D,0,,,,,Y,Y,A,07,0,1,0,0,0,0,0,0,0,"- ","- ",39.46575927734375,-121.52159881591797,BUTTE,UNINCORPORATED,-121.52162170410156,39.465740203857422
91405445,2021,2021-02-09,9240,2021-02-04,0026,020170,,4,3,9,0400,0,1,3,,2,031,"SR-70 S/B","MONTGOMERY ST",1584.00,S,N,A,-,Y,,,,,,,,,,Y,3,0,1,1,A,-,01,23152,A,N,E,I,A,A,H,-,D,D,0,,,,,Y,Y,A,07,0,1,0,0,0,0,0,0,0,"- ","- ",39.504348754882812,-121.57421875,BUTTE,UNINCORPORATED,-121.57382965087891,39.505859375
91405509,2021,2021-03-11,9240,2021-02-01,1620,019653,,1,2,9,0400,0,3,5,,2,030,"TABLE MTN BLVD","TABLE MTN OVERCROSSING",1584.00,N,N,B,-,N,,,,,,,,,,Y,1,1,0,1,A,-,01,23152,F,N,E,I,A,A,H,-,A,D,0,,,,,Y,,A,07,0,0,0,0,0,0,0,0,0,"- ","- ",39.571151733398438,-121.61290740966797,BUTTE,UNINCORPORATED,-121.55235290527344,39.519996643066406
91407188,2021,2021-02-11,9240,2021-02-02,1210,015532,,2,1,9,0400,0,3,5,,2,020,"BIGGS GRIDLEY RD","FARRIS RD",1584.00,N,N,B,-,N,,,,,,,,,,Y,3,0,1,1,A,-,05,21650,,N,E,J,A,A,H,-,A,D,0,,,,,Y,,D,22,0,1,0,0,0,0,0,0,0,"- ","- ",39.403579711914062,-121.71623992919922,BUTTE,UNINCORPORATED,-121.71620178222656,39.403770446777344
91407779,2021,2021-02-12,9240,2021-01-05,0744,019060,,2,1,9,0400,0,3,5,,2,020,"BIGGS EAST HWY","MEAD AVE",1146.00,W,N,A,-,N,,,,,,,,,,Y,1,1,0,1,A,-,08,22107,,N,F,A,A,B,H,-,A,D,0,,,,,Y,,A,01,0,0,0,0,0,0,0,0,0,"- ","- ",39.414890289306641,-121.68267822265625,BUTTE,UNINCORPORATED,-121.682861328125,39.415042877197266
91408918,2021,2021-02-16,9241,2021-02-10,2010,020638,,3,2,9,0400,0,1,3,,2,093,"CLARK RD","MEADOWSONG DR",800.00,S,N,A,-,Y,,,,,,,,,,Y,3,0,1,1,A,-,01,23152,F,N,H,I,A,A,H,-,D,D,0,,,,,Y,,A,07,0,1,0,0,0,0,0,0,0,"- ","- ",39.721199035644531,-121.61183929443359,BUTTE,UNINCORPORATED,-121.61144256591797,39.720630645751953
91410298,2021,2021-02-17,9240,2021-02-13,0223,020170,,6,3,9,0400,0,3,5,,2,010,"LONE TREE ROAD","DADS LN",198.00,S,N,B,C,N,,,,,,,,,,N,4,0,1,3,A,-,03,22350,,N,B,E,E,B,H,-,D,D,0,Y,,,,Y,,A,01,0,0,1,0,1,0,0,0,0,"- ","- ",39.420330047607422,-121.57669067382812,BUTTE,UNINCORPORATED,,
91410864,2021,2021-02-18,9241,2021-02-16,0245,020624,,2,3,9,0400,0,3,5,,2,007,"SKYWAY (16200 BLOCK)","LOVELOCK RD",1056.00,N,N,A,-,N,,,,,,,,,,Y,2,0,1,1,A,-,08,22107,,N,E,I,A,B,H,-,D,D,0,,,,,Y,,A,01,1,0,0,0,0,0,0,0,0,"- ","- ",39.891750335693359,-121.57221984863281,BUTTE,UNINCORPORATED,-121.58024597167969,39.893047332763672
91412715,2021,2021-02-22,9241,2021-02-13,1630,018578,,6,2,9,0400,0,1,3,,2,093,SR-191,"AIRPORT RD",3168.00,S,N,A,-,Y,,,191,,,,,,,Y,2,0,1,2,A,-,05,21460,A,N,B,C,A,A,H,-,A,D,0,,,Y,,Y,,C,02,1,0,0,0,0,0,0,0,1,"- ","- ",39.706008911132812,-121.60957336425781,BUTTE,UNINCORPORATED,-121.60957336425781,39.706005096435547
91415339,2021,2021-02-25,9240,2021-02-19,1315,018841,,5,1,9,0400,0,3,5,,2,010,"FOOTHILL BLVD.","LOWER WYANDOTTE RD",0.00,,Y,B,-,N,,,,,,,,,,Y,3,0,1,2,A,-,09,21802,A,N,A,C,A,B,H,-,A,D,0,,,,,Y,,A,01,0,1,0,0,0,0,0,0,0,"- ","- ",39.462890625,-121.4810791015625,BUTTE,UNINCORPORATED,-121.48111724853516,39.462902069091797
91416805,2021,2021-02-26,9240,2021-02-22,1523,018967,,1,2,9,0400,0,3,5,,2,010,"UPPER PALERMO RD","BOHEMIA AVE",675.00,S,N,A,-,N,,,,,,,,,,N,4,0,1,2,A,-,09,21804,A,N,D,C,A,A,H,-,A,D,0,,,,,Y,,M,97,0,0,1,0,0,0,0,0,0,"- ","- ",39.444301605224609,-121.53780364990234,BUTTE,UNINCORPORATED,-121.53776550292969,39.44439697265625
91418057,2021,2021-03-01,9241,2021-02-24,1037,017114,,3,1,9,0400,0,2,4,,2,070,"SKYWAY N/B","HOLLYWOOD RD",100.00,N,N,A,-,N,,,,,,,,,,N,4,0,1,2,A,-,03,22350,,N,C,C,A,A,H,-,A,D,0,,,,,Y,,A,01,0,0,1,0,0,0,0,0,0,"- ","- ",39.838031768798828,-121.59757995605469,BUTTE,UNINCORPORATED,-121.59769439697266,39.837963104248047
91419170,2021,2021-03-02,9240,2021-01-05,0618,015532,,2,1,9,0400,0,3,5,,2,020,"LARKIN RD","TURNER AVE",1390.00,N,N,E,-,N,,,,,,,,,,Y,1,1,2,2,A,-,09,21804,A,N,D,C,A,B,H,-,D,D,0,,,,,Y,,D,22,1,1,0,0,0,0,0,0,0,"- ","- ",39.326641082763672,-121.66004180908203,BUTTE,UNINCORPORATED,-121.66004943847656,39.327316284179688
91419736,2021,2021-03-03,9241,2021-03-01,0900,019692,,1,1,9,0400,0,1,3,,2,080,SR-32,"REGENT LN",330.00,E,N,A,-,Y,,,32,,,,,,,Y,4,0,1,2,A,-,03,22350,,N,C,C,A,A,H,-,A,D,0,,,,,Y,,A,07,0,0,1,0,0,0,0,0,0,"- ","- ",39.747360229492188,-121.89572906494141,BUTTE,UNINCORPORATED,-121.89572906494141,39.747364044189453
91420044,2021,2021-03-03,9240,2021-02-20,1815,019710,,6,2,9,0400,0,3,5,,2,040,"CAYON DRIVE","WARD BLVD",1125.00,N,N,A,-,N,,,,,,,,,,Y,2,0,2,2,A,-,05,21460,A,N,A,C,A,A,H,-,D,D,0,,,,,Y,,D,22,1,0,1,0,0,0,0,0,0,"- ","- ",39.519908905029297,-121.48535919189453,BUTTE,UNINCORPORATED,-121.48529815673828,39.519550323486328
91420128,2021,2021-03-17,9240,2021-02-04,2124,021137,,4,2,9,0400,0,1,3,,1,021,SR-99,"HASTINGS AVE",394.00,S,N,A,-,Y,,,99,,,,,,,Y,1,1,0,2,A,-,11,21956,A,N,G,B,E,A,H,-,D,D,0,Y,,,,Y,,N,60,0,0,0,1,0,0,0,0,0,"- ","- ",39.396690368652344,-121.68808746337891,BUTTE,UNINCORPORATED,-121.68803405761719,39.396690368652344
91423046,2021,2021-03-09,9240,2021-03-01,1330,017532,,1,1,9,0400,0,3,5,,2,040,"LUMPKIN RD","KANAKA RANCH RD",355.00,W,N,A,-,N,,,,,,,,,,Y,4,0,1,1,C,-,18,,,N,F,A,A,A,H,-,A,D,0,,,,Y,Y,,-,"- ",0,0,1,0,0,0,0,0,0,"- ","- ",39.57427978515625,-121.31114196777344,BUTTE,UNINCORPORATED,-121.31613922119141,39.571590423583984
91425323,2021,2021-03-11,9240,2021-03-10,1430,019653,,3,2,9,0400,0,3,5,,2,010,"ORO BANGOR HWY","AVACADO RD",1000.00,S,N,B,C,N,,,,,,,,,,Y,3,0,1,1,A,-,03,22350,,N,F,A,A,C,G,-,A,D,0,,,,,Y,,A,07,0,1,0,0,0,0,0,0,0,"- ","- ",39.397209167480469,-121.41372680664062,BUTTE,UNINCORPORATED,-121.41377258300781,39.397140502929688
91425474,2021,2021-03-11,9241,2021-03-08,1310,014929,,1,1,9,0400,0,2,4,,2,090,SKYWAY,"LOOKOUT POINT ACCESS ROAD",3830.00,W,N,A,G,N,,,,,,,,,,Y,3,0,1,1,A,-,08,22107,,N,E,I,A,A,H,-,A,D,0,,,,,Y,,A,01,0,1,0,0,0,0,0,0,0,"- ","- ",39.723690032958984,-121.69329833984375,BUTTE,UNINCORPORATED,,
91427032,2021,2021-03-15,9240,2021-03-03,1030,017532,,3,1,9,0400,0,3,5,,2,030,"TEHAMA AVE","12TH ST.",680.00,W,N,A,-,N,,,,,,,,,,N,2,0,1,1,B,-,22,,,N,F,A,A,A,H,-,A,D,0,,Y,,,Y,,L,04,1,0,0,0,0,0,1,0,0,"- ","- ",39.515419006347656,-121.59407043457031,BUTTE,UNINCORPORATED,-121.59397888183594,39.515399932861328
91427323,2021,2021-03-15,9241,2021-03-10,1230,018540,,3,1,9,0400,0,1,3,,2,080,SR-32,"GIANELLA RD",300.00,E,N,B,G,Y,,,32,,,,,,,N,2,0,1,2,A,-,17,23114,A,N,E,J,A,A,H,-,A,D,0,,,,Y,Y,,F,26,1,0,0,0,0,0,0,0,0,"- ","- ",39.752449035644531,-121.99401092529297,BUTTE,UNINCORPORATED,-121.99393463134766,39.752201080322266
91428093,2021,2021-03-16,9241,2021-03-13,2045,016360,,6,2,9,0400,0,2,4,,2,085,"AGUAS FRIAS RD","GRAINLAND RD",4752.00,S,N,A,-,N,,,,,,,,,,Y,4,0,1,1,A,-,08,22107,,N,F,A,A,A,H,-,D,D,0,,,,,Y,,A,01,0,0,1,0,0,0,0,0,0,"- ","- ",39.354541778564453,-121.51264953613281,BUTTE,UNINCORPORATED,-121.85733795166016,39.596782684326172
91430186,2021,2021-03-18,9241,2021-03-15,2358,019972,,1,3,9,0400,0,1,3,,1,061,SR-99,"HAMILTON NORD CANA HWY",0.20,S,N,A,-,Y,,,99,,,,,,,Y,4,0,1,1,A,-,01,23152,A,N,E,J,A,A,H,-,D,A,0,,,,,Y,Y,D,22,0,0,1,0,0,0,0,0,0,"- ","- ",39.856689453125,-121.95391845703125,BUTTE,UNINCORPORATED,-121.953857421875,39.856735229492188