CASE_ID,ACCIDENT_YEAR,PROC_DATE,JURIS,COLLISION_DATE,COLLISION_TIME,OFFICER_ID,REPORTING_DISTRICT,DAY_OF_WEEK,CHP_SHIFT,POPULATION,CNTY_CITY_LOC,SPECIAL_COND,BEAT_TYPE,CHP_BEAT_TYPE,CITY_DIVISION_LAPD,CHP_BEAT_CLASS,BEAT_NUMBER,PRIMARY_RD,SECONDARY_RD,DISTANCE,DIRECTION,INTERSECTION,WEATHER_1,WEATHER_2,STATE_HWY_IND,CALTRANS_COUNTY,CALTRANS_DISTRICT,STATE_ROUTE,ROUTE_SUFFIX,POSTMILE_PREFIX,POSTMILE,LOCATION_TYPE,RAMP_INTERSECTION,SIDE_OF_HWY,TOW_AWAY,COLLISION_SEVERITY,NUMBER_KILLED,NUMBER_INJURED,PARTY_COUNT,PRIMARY_COLL_FACTOR,PCF_CODE_OF_VIOL,PCF_VIOL_CATEGORY,PCF_VIOLATION,PCF_VIOL_SUBSECTION,HIT_AND_RUN,TYPE_OF_COLLISION,MVIW,PED_ACTION,ROAD_SURFACE,ROAD_COND_1,ROAD_COND_2,LIGHTING,CONTROL_DEVICE,CHP_ROAD_TYPE,PEDESTRIAN_ACCIDENT,BICYCLE_ACCIDENT,MOTORCYCLE_ACCIDENT,TRUCK_ACCIDENT,NOT_PRIVATE_PROPERTY,ALCOHOL_INVOLVED,STWD_VEHTYPE_AT_FAULT,CHP_VEHTYPE_AT_FAULT,COUNT_SEVERE_INJ,COUNT_VISIBLE_INJ,COUNT_COMPLAINT_PAIN,COUNT_PED_KILLED,COUNT_PED_INJURED,COUNT_BICYCLIST_KILLED,COUNT_BICYCLIST_INJURED,COUNT_MC_KILLED,COUNT_MC_INJURED,PRIMARY_RAMP,SECONDARY_RAMP,LATITUDE,LONGITUDE,COUNTY,CITY,POINT_X,POINT_Y
91432087,2021,2021-03-22,9241,2021-03-18,1330,016831,,4,1,5,0402,0,1,3,,2,100,"SR-99 S/B","EAST AVE",80.00,S,N,B,C,Y,,,99,,,,,,S,Y,4,0,1,1,A,-,03,22350,,N,F,A,A,B,H,-,A,D,0,,,,,Y,,A,01,0,0,1,0,0,0,0,0,0,"- ","- ",39.759208679199219,-121.85456848144531,BUTTE,CHICO,-121.85451507568359,39.759292602539062
91432567,2021,2021-03-22,9240,2021-03-16,0500,015532,,2,3,9,0400,0,3,5,,2,020,"COLUSA HWY","FARRIS RD",109.00,W,N,A,-,N,,,,,,,,,,Y,4,0,1,1,A,-,08,22107,,N,E,J,A,A,H,-,C,D,0,,,,,Y,,A,01,0,0,1,0,0,0,0,0,0,"- ","- ",39.362010955810547,-121.78231048583984,BUTTE,UNINCORPORATED,-121.78209686279297,39.362529754638672
91435409,2021,2021-03-25,9240,2021-03-21,2205,021137,,7,3,9,0400,0,1,3,,1,011,SR-70,"OPHIR RD",0.00,,Y,A,-,Y,,,70,,,,,,,Y,4,0,1,2,A,-,12,21453,A,N,D,C,A,A,H,-,C,A,0,,,,Y,Y,,G,25,0,0,1,0,0,0,0,0,0,"- ","- ",39.463970184326172,-121.57884979248047,BUTTE,UNINCORPORATED,-121.57890319824219,39.464019775390625
91436956,2021,2021-03-26,9241,2021-03-24,1730,019006,,3,2,9,0400,0,2,4,,2,090,"SKYWAY W/B","TUSCAN RIDGE",2640.00,E,N,A,-,N,,,,,,,,,,Y,4,0,1,1,A,-,08,22107,,N,F,A,A,A,H,-,A,D,0,,,,,Y,,A,01,0,0,1,0,0,0,0,0,0,"- ","- ",39.719551086425781,-121.70107269287109,BUTTE,UNINCORPORATED,-121.70189666748047,39.719242095947266
91437206,2021,2021-06-03,9240,2021-03-18,2330,018841,,4,3,9,0400,0,3,5,,2,010,"FOOTHILL BLVD.","ORO BANGOR HWY (MINERS RANCH RD.)",2136.00,S,N,B,-,N,,,,,,,,,,Y,1,1,0,1,A,-,01,23152,A,N,E,I,A,B,H,-,D,D,0,,,,,Y,Y,A,07,0,0,0,0,0,0,0,0,0,"- ","- ",39.461879730224609,-121.46092224121094,BUTTE,UNINCORPORATED,,
91437985,2021,2021-03-29,9241,2021-03-27,0925,014929,,6,1,9,0400,0,3,5,,2,009,"CENTERVILLE RD","CHINA CAMP RD",275.00,N,N,A,-,N,,,,,,,,,,Y,3,0,1,1,C,-,18,,,N,D,H,A,A,H,-,A,D,0,,,Y,,Y,,-,"- ",0,1,0,0,0,0,0,0,1,"- ","- ",39.760570526123047,-121.67726898193359,BUTTE,UNINCORPORATED,-121.67726898193359,39.760593414306641
91443126,2021,2021-04-05,9240,2021-04-02,2155,020170,,5,2,9,0400,0,3,5,,2,010,"HILDALE AVENUE","ARBOL AVENUE",0.00,,Y,A,-,N,,,,,,,,,,N,3,0,1,1,A,-,01,23152,A,N,E,I,A,A,H,-,D,D,0,,,,,Y,Y,A,01,0,1,0,0,0,0,0,0,0,"- ","- ",39.503929138183594,-121.51870727539062,BUTTE,UNINCORPORATED,-121.51861572265625,39.503860473632812
91443394,2021,2021-04-05,9241,2021-03-30,0805,014929,,2,1,9,0400,0,2,4,,2,090,"SKYWAY AVE","COUNTY MPM 7.00",36.00,W,N,A,-,N,,,,,,,,,,Y,3,0,1,1,A,-,08,22107,,N,E,I,A,A,H,-,A,D,0,,,,,Y,,D,22,0,1,0,0,0,0,0,0,0,"- ","- ",39.731910705566406,-121.67642974853516,BUTTE,UNINCORPORATED,,
91445565,2021,2021-04-07,9241,2021-04-06,0605,018540,,2,1,9,0400,0,1,3,,2,091,"SR-99 S/B",SR-149,422.00,N,N,A,-,Y,,,99,,,,,,S,Y,3,0,1,1,A,-,08,22107,,N,F,A,A,A,H,-,B,D,0,,,,,Y,,D,22,0,1,0,0,0,0,0,0,0,"- ","- ",39.623138427734375,-121.69474029541016,BUTTE,UNINCORPORATED,-121.69489288330078,39.623012542724609
91446954,2021,2021-04-09,9240,2021-04-03,1525,020318,,6,2,9,0400,0,1,3,,2,031,SR-70,"COTTONWOOD ROAD OVERCROSSING",1056.00,N,N,A,-,Y,,,70,,,,,,,Y,4,0,2,2,A,-,01,23152,A,F,B,C,A,A,H,-,A,D,0,,,,,Y,Y,A,01,0,0,2,0,0,0,0,0,0,"- ","- ",39.557090759277344,-121.6011962890625,BUTTE,UNINCORPORATED,-121.60140228271484,39.556922912597656
91448324,2021,2021-04-12,9241,2021-04-11,1330,017170,,7,1,9,0400,0,2,4,,2,071,SKYWAY,"LOVELOCK RD",7392.00,N,N,A,-,N,,,,,,,,,,Y,4,0,1,1,A,-,08,22107,,N,E,I,A,A,H,-,A,D,0,,,,,Y,,A,01,0,0,1,0,0,0,0,0,0,"- ","- ",39.893180847167969,-121.54045867919922,BUTTE,UNINCORPORATED,-121.59648132324219,39.885158538818359
91448736,2021,2021-04-12,9241,2021-04-06,1550,017319,,2,2,9,0400,0,1,3,,2,081,SR-99,"NEAL RD",3960.00,S,N,A,-,Y,,,99,,,,,,,Y,4,0,1,1,A,-,08,22107,,N,E,I,A,A,H,-,A,D,0,,,,,Y,,A,07,0,0,1,0,0,0,0,0,0,"- ","- ",39.658611297607422,-121.73458099365234,BUTTE,UNINCORPORATED,-121.73459625244141,39.658592224121094
91449460,2021,2021-04-13,9241,2021-04-03,1532,019692,,6,2,9,0400,0,1,3,,2,100,"SR-99 N/B","E. 1ST AVE.",1056.00,N,N,A,-,Y,,,,,,,,,,Y,4,0,3,3,A,-,08,22107,,M,B,C,A,A,H,-,A,D,0,,,,,Y,,A,01,0,0,3,0,0,0,0,0,0,"- ","- ",39.747711181640625,-121.83457946777344,BUTTE,UNINCORPORATED,-121.83373260498047,39.747100830078125
91450431,2021,2021-04-14,9241,2021-04-06,0300,020638,,2,3,9,0400,0,1,3,,1,061,"STATE HIGHWAY 99","KEEFER RD",207.00,N,N,A,-,Y,,,99,,,,,,,Y,2,0,2,2,A,-,03,22350,,N,C,J,A,A,H,-,D,D,0,,,,Y,Y,,G,25,1,1,0,0,0,0,0,0,0,"- ","- ",39.814128875732422,-121.91831970214844,BUTTE,UNINCORPORATED,-121.91834259033203,39.814113616943359
91455412,2021,2021-04-21,9240,2021-04-16,1010,018808,,5,1,9,0400,0,1,3,,1,021,SR-99,"NELSON SHIPPEE RD",73.00,S,N,A,-,Y,,,,,,,,,,Y,3,0,2,2,A,-,04,21703,,N,C,C,A,A,H,-,A,D,0,,,,,Y,,A,07,0,2,0,0,0,0,0,0,0,"- ","- ",39.537799835205078,-121.68499755859375,BUTTE,UNINCORPORATED,-121.68874359130859,39.537639617919922
91455833,2021,2021-04-22,9240,2021-04-16,1800,021137,,5,2,9,0400,0,3,5,,2,010,"POWER HOUSE HILL RD","LEDGER LN",430.00,S,N,A,-,N,,,,,,,,,,Y,4,0,1,2,A,-,03,22350,,N,D,C,A,A,H,-,A,D,0,,,,,Y,,D,22,0,0,1,0,0,0,0,0,0,"- ","- ",39.415470123291016,-121.59562683105469,BUTTE,UNINCORPORATED,-121.59552001953125,39.415531158447266
91455996,2021,2021-05-05,9240,2021-04-07,2328,020170,,3,3,3,0404,0,2,S,,2,901,"ORO DAM BOULEVARD E.","BRIDGE ST",0.00,,Y,A,-,N,,,,,,,,,,Y,2,0,2,1,A,-,01,23152,F,F,E,I,A,A,H,-,C,A,0,,,,,Y,,A,01,2,0,0,0,0,0,0,0,0,"- ","- ",39.510639190673828,-121.542236328125,BUTTE,OROVILLE,,
91457111,2021,2021-05-21,9241,2021-04-05,1550,018796,,1,2,9,0400,0,2,4,,2,070,SKYWAY,"PENTZ RD",1161.00,N,N,A,-,N,,,,,,,,,,Y,1,1,1,1,A,-,01,23152,G,N,E,I,A,A,H,-,A,D,0,,,,,Y,Y,B,01,1,0,0,0,0,0,0,0,0,"- ","- ",39.802810668945312,-121.57859802246094,BUTTE,UNINCORPORATED,-121.57904052734375,39.803176879882812
91457319,2021,2021-04-23,9240,2021-04-17,1555,021137,,6,2,9,0400,0,3,5,,2,010,"FOOTHILL BLVD","DUNSTONE DR",805.00,N,N,A,-,N,,,,,,,,,,Y,4,0,1,2,A,-,05,21460,A,M,B,C,A,A,H,-,A,D,0,,,,,Y,,-,"- ",0,0,1,0,0,0,0,0,0,"- ","- ",39.459358215332031,-121.46479797363281,BUTTE,UNINCORPORATED,-121.46485900878906,39.459335327148438
91459690,2021,2021-04-27,9240,2021-04-17,2301,020170,,6,3,9,0400,0,3,5,,2,040,"ORO QUINCY HWY","FOX HILL RD",1370.00,E,N,A,-,Y,,,,,,,,,,Y,2,0,1,2,A,-,08,22107,,N,E,I,A,A,H,-,D,D,0,,,,,Y,,A,08,1,0,0,0,0,0,0,0,0,"- ","- ",39.698600769042969,-121.32820129394531,BUTTE,UNINCORPORATED,,
91459766,2021,2021-04-27,9241,2021-04-20,0735,018540,,2,1,9,0400,0,2,4,,2,083,"RIVER ROAD","RIVER RD",1300.00,S,N,A,-,N,,,,,,,,,,Y,3,0,1,1,A,-,01,23152,A,N,E,I,A,A,H,-,A,D,0,,,,,Y,Y,A,01,0,1,0,0,0,0,0,0,0,"- ","- ",39.728988647460938,-121.94506072998047,BUTTE,UNINCORPORATED,,
91459780,2021,2021-05-27,9241,2021-04-21,1235,014929,,3,1,9,0400,0,2,4,,2,070,SKYWAY,"WYCLIFF AVE",0.00,,Y,A,-,N,,,,,,,,,,Y,4,0,3,3,A,-,21,22106,,N,D,C,A,A,H,-,A,A,0,,,,,Y,,A,07,0,0,3,0,0,0,0,0,0,"- ","- ",39.834041595458984,-121.59706878662109,BUTTE,UNINCORPORATED,-121.59703826904297,39.834026336669922
91459824,2021,2021-05-27,9240,2021-04-23,0305,020587,,5,3,9,0400,0,3,5,,2,010,"LOWER WYANDOTTE",V6,0.00,,Y,A,-,N,,,,,,,,,,Y,4,0,1,2,A,-,01,23152,A,M,D,C,A,A,H,-,D,A,0,,,,,Y,Y,A,01,0,0,1,0,0,0,0,0,0,"- ","- ",39.487770080566406,-121.53060913085938,BUTTE,UNINCORPORATED,-121.53059387207031,39.487804412841797
91459825,2021,2021-05-27,9240,2021-04-25,1450,018967,,7,2,9,0400,0,1,3,,2,032,SR-70,"TIMTAM LANE",150.00,W,N,B,C,Y,,,70,,,,,,,Y,4,0,1,1,A,-,03,22350,,N,E,I,A,B,H,-,A,D,0,,,,,Y,,D,22,0,0,1,0,0,0,0,0,0,"- ","- ",39.733451843261719,-121.49568939208984,BUTTE,UNINCORPORATED,-121.49564361572266,39.733501434326172
91460815,2021,2021-04-28,9240,2021-04-18,1157,019060,,7,1,9,0400,0,3,5,,2,010,"E. GRIDLEY RD",SR-70,960.00,W,N,A,-,N,,,,,,,,,,Y,4,0,1,2,A,-,06,21750,,N,B,C,A,A,H,-,A,D,0,,,,,Y,,A,01,0,0,1,0,0,0,0,0,0,"- ","- ",39.364479064941406,-121.61160278320312,BUTTE,UNINCORPORATED,-121.61135101318359,39.364509582519531
91464688,2021,2021-05-03,9240,2021-04-11,1905,018967,,7,2,9,0400,0,1,3,,2,022,SR-162,"RICETON HWY",1710.00,W,N,A,-,Y,,,162,,,,,,,Y,1,2,0,2,A,-,12,22451,A,N,E,I,A,A,H,-,A,A,0,,,,,Y,,D,22,0,0,0,0,0,0,0,0,0,"- ","- ",39.464801788330078,-121.73200225830078,BUTTE,UNINCORPORATED,-121.73200225830078,39.464862823486328
91465685,2021,2021-05-27,9240,2021-04-29,2205,020170,,4,3,9,0400,0,3,5,,2,040,"SILVER LEAF DRIVE","LODGEVIEW DRIVE",375.00,N,N,A,-,N,,,,,,,,,,N,3,0,1,2,A,-,03,22350,,N,G,B,E,A,H,-,D,D,0,Y,,,,Y,,A,01,0,1,0,0,1,0,0,0,0,"- ","- ",39.524318695068359,-121.46707153320312,BUTTE,UNINCORPORATED,-121.47157287597656,39.524219512939453
91466383,2021,2021-05-27,9241,2021-05-03,1205,018540,,1,1,9,0400,0,1,3,,2,080,SR-32,"JORDAN PLACE",954.00,W,N,A,-,Y,,,,,,,,,,Y,2,0,1,2,A,-,09,21804,A,N,A,D,A,A,H,-,A,D,0,,,Y,,Y,,C,02,1,0,0,0,0,0,0,0,1,"- ","- ",39.742900848388672,-121.89576721191406,BUTTE,UNINCORPORATED,-121.89572906494141,39.747337341308594
91466564,2021,2021-05-27,9240,2021-04-26,0400,019256,,1,3,9,0400,0,1,3,,1,011,SR-70,"LITTLE RANCH RD",450.00,S,N,A,-,Y,,,70,,,,,,,Y,2,0,1,1,A,-,01,23152,F,N,E,8,A,A,H,-,D,D,0,,,,,Y,,A,01,1,0,0,0,0,0,0,0,0,"- ","- ",39.404769897460938,-121.60481262207031,BUTTE,UNINCORPORATED,-121.60486602783203,39.404769897460938
91468786,2021,2021-05-27,9240,2021-05-06,2105,020587,,4,2,9,0400,0,3,5,,2,010,"PALERMO ROAD","MELVINA AVENUE",23.00,E,N,A,-,N,,,,,,,,,,N,3,0,1,2,A,-,08,22107,,F,B,B,F,A,H,-,C,D,0,Y,,,,Y,Y,D,22,0,1,0,0,1,0,0,0,0,"- ","- ",39.435291290283203,-121.54724884033203,BUTTE,UNINCORPORATED,-121.54719543457031,39.435260772705078
91469025,2021,2021-05-27,9241,2021-05-02,2335,019972,,7,3,9,0400,0,3,5,,2,008,"W. SACRAMENTO AVE.","RIVER RD.",0.00,,Y,A,-,N,,,,,,,,,,Y,3,0,1,1,A,-,01,23152,A,N,E,J,A,A,H,-,D,A,0,,,,,Y,Y,A,07,0,1,0,0,0,0,0,0,0,"- ","- ",39.729049682617188,-121.94521331787109,BUTTE,UNINCORPORATED,-121.94506072998047,39.728996276855469
91470335,2021,2021-06-03,9240,2021-02-11,1706,021137,,4,2,9,0400,0,1,3,,1,011,"STATE ROUTE 70","OPHIR RD",1531.00,S,N,B,C,Y,,,70,,,,,,,Y,1,2,2,2,A,-,01,23152,A,N,D,C,A,B,H,-,A,D,0,,,,,Y,Y,A,01,0,2,0,0,0,0,0,0,0,"- ","- ",39.460460662841797,-121.58231353759766,BUTTE,UNINCORPORATED,-121.58229064941406,39.460441589355469
91470352,2021,2021-05-11,9240,2021-03-31,0540,018396,,3,3,3,0404,0,1,3,,2,041,SR-162,"ORO QUINCY HWY",164.00,E,N,A,-,Y,,,,,,,,,,Y,3,0,2,2,A,-,09,21804,A,N,D,C,A,A,H,-,C,D,0,,,,,Y,,A,08,0,1,1,0,0,0,0,0,0,"- ","- ",39.505218505859375,-121.49787139892578,BUTTE,OROVILLE,-121.47874450683594,39.511875152587891
91472799,2021,2021-12-22,9240,2021-05-05,1355,017532,,3,1,9,0400,0,3,5,,2,040,"LUMPKIN RD.","FAYE MAR DR.",3180.00,E,N,A,-,N,,,,,,,,,,Y,2,0,2,2,A,-,05,21460,A,N,A,C,A,A,H,-,A,D,0,,,,Y,Y,,F,27,1,1,0,0,0,0,0,0,0,"- ","- ",39.513759613037109,-121.34616851806641,BUTTE,UNINCORPORATED,-121.34620666503906,39.513816833496094
91472878,2021,2021-05-27,9240,2021-05-04,1510,019055,,2,2,9,0400,0,3,5,,2,010,"OROBANGOR HWY","SWEDES FLAT RD",3960.00,S,N,A,-,N,,,,,,,,,,Y,4,0,1,1,A,-,08,22107,,N,F,A,A,A,H,-,A,D,0,,,Y,,Y,,C,02,0,0,1,0,0,0,0,0,1,"- ","- ",39.432468414306641,-121.43067169189453,BUTTE,UNINCORPORATED,,
91474742,2021,2021-05-27,9241,2021-05-08,1830,019093,,6,2,9,0400,0,1,3,,2,091,"SR-99 SOUTHBOUND","DURHAM-DAYTON HWY",2640.00,S,N,A,-,Y,,,,,,,,,,Y,3,0,1,2,A,-,01,23152,A,N,C,C,A,A,H,-,A,D,0,,,Y,Y,Y,Y,C,02,0,1,0,0,0,0,0,0,1,"- ","- ",,,BUTTE,UNINCORPORATED,-121.71347045898438,39.6397705078125
91478905,2021,2021-05-27,9240,2021-05-15,2330,020587,,6,3,9,0400,0,1,3,,1,021,"STATE ROUTE 99","EAST EVANS REIMER ROAD",0.00,,Y,A,-,Y,,,99,,,,,,,N,4,0,2,2,A,-,01,23152,A,M,A,2,A,A,H,-,C,D,0,,,,,Y,Y,A,07,0,0,2,0,0,0,0,0,0,"- ","- ",39.334209442138672,-121.68305969238281,BUTTE,UNINCORPORATED,-121.68308258056641,39.334205627441406
91479745,2021,2021-05-27,9240,2021-05-16,2320,019256,,7,3,9,0400,0,3,5,,2,040,"FORBESTOWN RD","REBIE WAY",300.00,W,N,A,-,N,,,,,,,,,,Y,2,0,1,1,A,-,01,23152,A,N,F,A,A,A,H,-,D,D,0,,,Y,,Y,Y,C,02,1,0,0,0,0,0,0,0,1,"- ","- ",39.504749298095703,-121.33869934082031,BUTTE,UNINCORPORATED,-121.338623046875,39.504756927490234
91480247,2021,2021-05-27,9240,2021-05-06,1652,019710,,4,2,9,0400,0,1,3,,1,011,"STATE HIGHWAY 70","STIMPSON RD",70.00,S,N,A,-,Y,,,70,,,,,,,Y,4,0,5,3,A,-,03,22350,,N,C,C,A,A,H,-,A,A,0,,,,,Y,,A,07,0,0,5,0,0,0,0,0,0,"- ","- ",39.364360809326172,-121.60781860351562,BUTTE,UNINCORPORATED,-121.60784912109375,39.364349365234375
91481408,2021,2021-05-27,9240,2021-05-12,1252,019060,,3,1,9,0400,0,3,5,,2,030,"CONCOW RD","CRAIN RIDGE RD",40.00,N,N,A,-,N,,,,,,,,,,Y,4,0,1,1,A,-,05,21650,,N,E,I,A,A,H,-,A,D,0,,,,,Y,,A,01,0,0,1,0,0,0,0,0,0,"- ","- ",39.750930786132812,-121.52732849121094,BUTTE,UNINCORPORATED,-121.52861022949219,39.753501892089844
91481416,2021,2021-05-27,9240,2021-05-19,1938,019710,,3,2,9,0400,0,3,5,,2,010,"MINERS RANCH ROAD","CAROLINE DR",40.00,S,N,A,-,N,,,,,,,,,,Y,3,0,1,1,A,-,01,23152,A,M,F,A,A,A,H,-,A,D,0,,,,,Y,Y,D,22,0,1,0,0,0,0,0,0,0,"- ","- ",39.469970703125,-121.45915222167969,BUTTE,UNINCORPORATED,-121.45909118652344,39.470111846923828
91483139,2021,2021-05-27,9240,2021-05-10,2030,019055,,1,2,9,0400,0,3,5,,2,040,"BALD ROCK RD","ORO-QUINCY HWY",30.00,S,N,A,-,N,,,,,,,,,,N,4,0,1,2,A,-,08,22107,,M,B,C,A,A,H,-,B,A,0,,,,,Y,Y,D,22,0,0,1,0,0,0,0,0,0,"- ","- ",39.646278381347656,-121.42678833007812,BUTTE,UNINCORPORATED,-121.42703247070312,39.646278381347656
91486678,2021,2021-06-01,9241,2021-05-26,1420,021256,,3,2,9,0400,0,2,4,,1,082,MIDWAY,"ROBLE ROAD",25.00,S,N,A,-,N,,,,,,,,,,Y,3,0,1,2,A,-,01,23152,A,N,C,D,A,A,H,-,A,D,0,,,,,Y,Y,D,22,0,1,0,0,0,0,0,0,0,"- ","- ",39.394329071044922,-121.48210144042969,BUTTE,UNINCORPORATED,-121.80596923828125,39.662246704101562
91486896,2021,2021-06-01,9241,2021-05-28,1250,017114,,5,1,9,0400,0,2,4,,1,082,MIDWAY,"ORO CHICO HIGHWAY",358.00,S,N,A,-,N,,,,,,,,,,N,4,0,2,2,A,-,09,21804,A,N,D,C,A,A,H,-,A,D,0,,,,,Y,,D,22,0,0,2,0,0,0,0,0,0,"- ","- ",39.682151794433594,-121.79685211181641,BUTTE,UNINCORPORATED,,
91488907,2021,2021-06-03,9241,2021-06-01,1220,017170,,2,1,9,0400,0,2,4,,2,065,"HAMILTON NORD CANA HWY","CANA HWY",0.00,,Y,A,-,N,,,,,,,,,,Y,3,0,1,2,A,-,12,22450,A,N,D,C,A,A,H,-,A,A,0,,,,,Y,,D,22,0,1,0,0,0,0,0,0,0,"- ","- ",39.840438842773438,-121.95694732666016,BUTTE,UNINCORPORATED,-121.95688629150391,39.840309143066406
91490569,2021,2021-06-07,9241,2021-05-30,0305,020686,,7,3,9,0400,0,1,3,,2,080,"W/B SR-32","MERIDIAN RD.",1330.00,E,N,A,-,Y,,,32,,,,,,,Y,3,0,1,2,A,-,08,22107,,N,B,C,A,A,H,-,D,D,0,,,,Y,Y,,A,01,0,1,0,0,0,0,0,0,0,"- ","- ",39.752681732177734,-121.91436004638672,BUTTE,UNINCORPORATED,-121.91436004638672,39.752677917480469
91491387,2021,2021-06-08,9240,2021-06-03,2228,020170,,4,3,9,0400,0,3,5,,2,020,"LARKIN RD","STEADMAN RD",75.00,N,N,A,-,N,,,,,,,,,,Y,2,0,1,1,A,-,01,23152,A,N,E,I,A,A,H,-,D,D,0,,,,,Y,Y,A,07,1,0,0,0,0,0,0,0,0,"- ","- ",39.390541076660156,-121.64730072021484,BUTTE,UNINCORPORATED,-121.64728546142578,39.390522003173828
91491643,2021,2021-06-08,9241,2021-06-07,0855,017170,,1,1,5,0402,0,1,3,,2,100,"E. 1ST ONRAMP TO SR-99 N/B","E. 1ST AVE.",400.00,N,N,A,-,Y,,,,,,,,,,Y,4,0,1,2,A,-,03,22350,,N,C,C,A,A,H,-,A,D,0,,,,,Y,,A,01,0,0,1,0,0,0,0,0,0,"- ","- ",39.746799468994141,-121.83309936523438,BUTTE,CHICO,,
91495200,2021,2021-06-11,9241,2021-06-10,1222,018540,,4,1,9,0400,0,3,5,,2,009,"NEAL RD","MCCANN DR.",500.00,W,N,A,-,N,,,,,,,,,,Y,4,0,1,1,A,-,08,22107,,N,F,A,A,A,H,-,A,D,0,,,,,Y,,D,22,0,0,1,0,0,0,0,0,0,"- ","- ",39.711078643798828,-121.66664123535156,BUTTE,UNINCORPORATED,-121.66643524169922,39.711147308349609
91497341,2021,2021-06-15,9240,2021-06-03,1348,019060,,4,1,9,0400,0,3,5,,2,020,"COLUSA HWY","NUGENT ROAD",1367.00,W,N,A,-,Y,,,,,,,,,,Y,3,0,2,2,A,-,05,21650,,N,A,C,A,A,H,-,A,D,0,,,,,Y,,A,01,0,2,0,0,0,0,0,0,0,"- ","- ",39.362819671630859,-121.74439239501953,BUTTE,UNINCORPORATED,-121.74663543701172,39.362781524658203
91499479,2021,2021-06-17,9241,2021-06-16,0205,020638,,3,3,9,0400,0,1,3,,2,093,"STATE HIGHWAY 191","CLEAR CREEK CEMETERY RD",612.00,S,N,A,-,Y,,,191,,,,,,,Y,3,0,1,1,C,-,18,,,N,H,7,A,A,H,-,D,D,0,,,,,Y,,-,"- ",0,1,0,0,0,0,0,0,0,"- ","- ",39.663681030273438,-121.62841796875,BUTTE,UNINCORPORATED,-121.62836456298828,39.663658142089844
91501629,2021,2021-06-21,9241,2021-06-15,1720,019006,,2,2,9,0400,0,1,3,,2,100,"SR-99 N/B","GARNER LN",4224.00,S,N,A,-,Y,,,,,,,,,,Y,2,0,4,4,A,-,03,22350,,N,C,C,A,A,H,-,A,D,0,,,,,Y,,D,22,2,1,1,0,0,0,0,0,0,"- ","- ",38.783199310302734,-121.88359069824219,BUTTE,UNINCORPORATED,-121.89076232910156,39.789012908935547
91504487,2021,2021-06-23,9240,2021-06-19,1610,019653,,6,2,9,0400,0,3,5,,2,030,"FEATHER RIVER BOULEVARD","GEORGIA PACIFIC WAY",1056.00,S,N,A,-,N,,,,,,,,,,Y,3,0,1,2,A,-,09,21801,A,N,D,C,A,A,H,-,A,D,0,,,,Y,Y,,G,25,0,1,0,0,0,0,0,0,0,"- ","- ",39.474239349365234,-121.57528686523438,BUTTE,UNINCORPORATED,-121.57525634765625,39.47454833984375
91505930,2021,2021-06-24,9241,2021-06-19,1105,017170,,6,1,9,0400,0,2,4,,2,095,"DURHAM PENTZ RD.",SR-99,408.00,E,N,A,-,N,,,,,,,,,,Y,2,0,2,1,A,-,08,22107,,N,F,A,A,A,H,-,A,D,0,,,,,Y,Y,A,07,1,1,0,0,0,0,0,0,0,"- ","- ",39.642280578613281,-121.71202087402344,BUTTE,UNINCORPORATED,-121.71226501464844,39.642230987548828
91509277,2021,2021-06-29,9241,2021-06-19,1739,019692,,6,2,9,0400,0,3,5,,2,008,"DAYTON RD.","POMONA AVE",0.00,,Y,A,-,N,,,,,,,,,,Y,4,0,1,2,A,-,09,21801,A,N,D,C,A,A,H,-,A,A,0,,,,,Y,,A,01,0,0,1,0,0,0,0,0,0,"- ","- ",39.715801239013672,-121.8433837890625,BUTTE,UNINCORPORATED,-121.84326171875,39.715812683105469
91510358,2021,2021-06-30,9240,2021-06-29,0840,017532,,2,1,9,0400,0,3,5,,2,010,"HILDALE AVENUE","ROSSMORE LANE",337.00,E,N,A,-,N,,,,,,,,,,Y,2,0,3,1,A,-,08,22107,,N,E,I,A,A,H,-,A,D,0,,,,,Y,,A,01,2,1,0,0,0,0,0,0,0,"- ","- ",39.502750396728516,-121.52008056640625,BUTTE,UNINCORPORATED,-121.52030181884766,39.502574920654297
91511236,2021,2021-07-01,9240,2021-06-26,1215,018841,,6,1,9,0400,0,1,3,,1,011,"RT 70","LOWER HONCUT RD",2640.00,S,N,A,-,Y,,,70,,,,,,,Y,3,0,2,2,A,-,08,22107,,N,A,2,A,A,H,-,A,D,0,,,,,Y,,D,22,0,2,0,0,0,0,0,0,0,"- ","- ",39.315101623535156,-121.59565734863281,BUTTE,UNINCORPORATED,-121.59572601318359,39.315097808837891