CASE_ID,ACCIDENT_YEAR,PROC_DATE,JURIS,COLLISION_DATE,COLLISION_TIME,OFFICER_ID,REPORTING_DISTRICT,DAY_OF_WEEK,CHP_SHIFT,POPULATION,CNTY_CITY_LOC,SPECIAL_COND,BEAT_TYPE,CHP_BEAT_TYPE,CITY_DIVISION_LAPD,CHP_BEAT_CLASS,BEAT_NUMBER,PRIMARY_RD,SECONDARY_RD,DISTANCE,DIRECTION,INTERSECTION,WEATHER_1,WEATHER_2,STATE_HWY_IND,CALTRANS_COUNTY,CALTRANS_DISTRICT,STATE_ROUTE,ROUTE_SUFFIX,POSTMILE_PREFIX,POSTMILE,LOCATION_TYPE,RAMP_INTERSECTION,SIDE_OF_HWY,TOW_AWAY,COLLISION_SEVERITY,NUMBER_KILLED,NUMBER_INJURED,PARTY_COUNT,PRIMARY_COLL_FACTOR,PCF_CODE_OF_VIOL,PCF_VIOL_CATEGORY,PCF_VIOLATION,PCF_VIOL_SUBSECTION,HIT_AND_RUN,TYPE_OF_COLLISION,MVIW,PED_ACTION,ROAD_SURFACE,ROAD_COND_1,ROAD_COND_2,LIGHTING,CONTROL_DEVICE,CHP_ROAD_TYPE,PEDESTRIAN_ACCIDENT,BICYCLE_ACCIDENT,MOTORCYCLE_ACCIDENT,TRUCK_ACCIDENT,NOT_PRIVATE_PROPERTY,ALCOHOL_INVOLVED,STWD_VEHTYPE_AT_FAULT,CHP_VEHTYPE_AT_FAULT,COUNT_SEVERE_INJ,COUNT_VISIBLE_INJ,COUNT_COMPLAINT_PAIN,COUNT_PED_KILLED,COUNT_PED_INJURED,COUNT_BICYCLIST_KILLED,COUNT_BICYCLIST_INJURED,COUNT_MC_KILLED,COUNT_MC_INJURED,PRIMARY_RAMP,SECONDARY_RAMP,LATITUDE,LONGITUDE,COUNTY,CITY,POINT_X,POINT_Y
91515012,2021,2021-07-07,9241,2021-06-29,1745,019692,,2,2,9,0400,0,2,4,,2,071,SKYWAY,"LOVELOCK RD.",92.00,E,N,A,-,N,,,,,,,,,,Y,2,0,2,2,A,-,01,23152,A,N,A,C,A,A,H,-,A,A,0,,,,,Y,Y,A,07,1,0,1,0,0,0,0,0,0,"- ","- ",39.890880584716797,-121.57716369628906,BUTTE,UNINCORPORATED,-121.57750701904297,39.891090393066406
91515631,2021,2021-07-08,9241,2021-06-29,1520,016360,,2,2,9,0400,0,1,3,,1,061,SR-99,"MALLARD ESTATES RD.",2112.00,N,N,A,-,Y,,,99,,,,,,,Y,3,0,2,4,A,-,03,22350,,N,C,C,A,A,H,-,A,D,0,,,,,Y,,D,22,0,2,0,0,0,0,0,0,0,"- ","- ",39.831058502197266,-121.93206787109375,BUTTE,UNINCORPORATED,-121.93206787109375,39.831062316894531
91516908,2021,2021-07-09,9241,2021-07-08,1425,016360,,4,2,9,0400,0,3,5,,2,008,"OROVILLE CHICO HIGHWAY","SHOE WAY",52800.00,W,N,A,-,N,,,,,,,,,,Y,2,0,1,1,A,-,08,22107,,N,E,I,A,A,H,-,A,D,0,,,,,Y,,A,01,1,0,0,0,0,0,0,0,0,"- ","- ",39.6815185546875,-121.79022979736328,BUTTE,UNINCORPORATED,-121.79694366455078,39.683429718017578
91517015,2021,2021-07-09,9240,2021-06-11,1827,019710,,5,2,9,0400,0,3,5,,2,010,"LOWER WYANDOTTE ROAD","UPPER PALERMO RD",270.00,E,N,A,-,N,,,,,,,,,,Y,3,0,1,1,A,-,01,23152,A,N,E,I,A,A,H,-,A,D,0,,,,,Y,Y,A,01,0,1,0,0,0,0,0,0,0,"- ","- ",39.461021423339844,-121.52507019042969,BUTTE,UNINCORPORATED,-121.52516937255859,39.466976165771484
91517754,2021,2021-07-12,9241,2021-06-24,1120,017114,,4,1,9,0400,0,2,4,,2,094,"PENTZ RD","LIME SADDLE RD",401.00,S,N,A,-,N,,,,,,,,,,Y,4,0,1,1,A,-,03,22350,,N,F,A,A,A,H,-,A,D,0,,,,,Y,,E,22,0,0,1,0,0,0,0,0,0,"- ","- ",39.679489135742188,-121.56903076171875,BUTTE,UNINCORPORATED,-121.56934356689453,39.679836273193359
91518762,2021,2021-07-13,9241,2021-07-11,1000,017170,,7,1,5,0402,0,1,3,,2,100,"SR-99 N/B","EAST AVE",90.00,S,N,A,-,Y,,,99,,,,,,N,Y,3,0,1,1,A,-,08,22107,,N,E,I,A,A,H,-,A,D,0,,,,,Y,,A,01,0,1,0,0,0,0,0,0,0,"- ","- ",39.759449005126953,-121.85494995117188,BUTTE,CHICO,-121.85476684570312,39.759742736816406
91518774,2021,2021-07-13,9241,2021-07-12,1550,016360,,1,2,5,0402,0,1,3,,2,100,"SR-99 SOUTHBOUND","COHASSET RD.",1373.00,N,N,A,-,Y,,,99,,,,,,S,N,4,0,1,2,A,-,07,21658,A,N,B,C,A,A,H,-,A,D,0,,,,,Y,,D,22,0,0,1,0,0,0,0,0,0,"- ","- ",39.756359100341797,-121.84921264648438,BUTTE,CHICO,-121.84922790527344,39.756332397460938
91519437,2021,2021-07-13,9241,2021-07-12,1325,018540,,1,1,9,0400,0,1,3,,2,081,"SR-99 N/B","NEAL RD",400.00,S,N,A,-,Y,,,99,,,,,,N,Y,3,0,2,4,A,-,03,22350,,N,C,C,A,A,H,-,A,D,0,,,,,Y,,A,01,0,2,0,0,0,0,0,0,0,"- ","- ",39.664299011230469,-121.74172210693359,BUTTE,UNINCORPORATED,-121.74172973632812,39.664283752441406
91523831,2021,2021-07-19,9241,2021-07-19,0600,018540,,1,1,9,0400,0,1,3,,2,091,"SR-99 N/B","DURHAM DAYTON RD. O/C",4224.00,S,N,A,-,Y,,,99,,,,,,N,Y,2,0,2,1,A,-,08,22107,,N,E,8,A,A,H,-,B,D,0,,,,,Y,,A,01,1,1,0,0,0,0,0,0,0,"- ","- ",39.632118225097656,-121.70436096191406,BUTTE,UNINCORPORATED,-121.70438385009766,39.632091522216797
91524814,2021,2021-07-20,9241,2021-07-19,1005,017170,,1,1,9,0400,0,2,4,,2,063,"COHASSET RD","NICALOG RD.",200.00,N,N,A,-,N,,,,,,,,,,Y,4,0,1,1,C,-,18,,,N,E,I,A,A,H,-,A,D,0,,,,,Y,,-,"- ",0,0,1,0,0,0,0,0,0,"- ","- ",39.848140716552734,-121.81175994873047,BUTTE,UNINCORPORATED,-121.81203460693359,39.848159790039062
91525338,2021,2021-07-21,9240,2021-04-24,1020,017760,,6,1,9,0400,0,3,5,,2,010,"ORO BANGOR HWY","INDIAN ROCK ROAD",0.00,,Y,B,-,N,,,,,,,,,,Y,4,0,1,2,A,-,01,23152,F,N,D,C,A,A,H,-,A,D,0,,,,,Y,,D,22,0,0,1,0,0,0,0,0,0,"- ","- ",39.432418823242188,-121.43070220947266,BUTTE,UNINCORPORATED,,
91525499,2021,2021-07-21,9240,2021-07-14,0725,020587,,3,1,9,0400,0,3,5,,2,020,"EAST GRIDLEY ROAD","AUTHORITY DRIVE",0.00,,Y,A,-,N,,,,,,,,,,Y,3,0,6,4,A,-,03,22350,,N,C,C,A,A,H,-,A,D,0,,,,,Y,,A,01,0,6,0,0,0,0,0,0,0,"- ","- ",39.364818572998047,-121.64807891845703,BUTTE,UNINCORPORATED,-121.6480712890625,39.364822387695312
91525502,2021,2021-07-21,9240,2021-07-02,1633,019710,,5,2,9,0400,0,1,3,,1,011,"STATE HIGHWAY 70","OAKWOOD LANE",2025.00,S,N,A,-,Y,,,70,,,,,,,Y,3,0,1,2,A,-,08,22107,,N,A,C,A,A,H,-,A,D,0,,,,,Y,,A,07,0,1,0,0,0,0,0,0,0,"- ","- ",39.421558380126953,-121.60507202148438,BUTTE,UNINCORPORATED,-121.60507202148438,39.421558380126953
91525657,2021,2021-07-21,9240,2021-07-15,1420,021137,,4,2,9,0400,0,3,5,,2,020,"RICHVALE HIGHWAY",MIDWAY,0.00,,Y,A,-,N,,,,,,,,,,Y,4,0,1,2,A,-,12,22450,A,N,D,C,A,A,H,-,A,A,0,,,,,Y,,A,07,0,0,1,0,0,0,0,0,0,"- ","- ",39.493808746337891,-121.74485015869141,BUTTE,UNINCORPORATED,-121.74479675292969,39.493816375732422
91525847,2021,2021-07-21,9241,2021-07-19,1730,020686,,1,2,5,0402,0,1,3,,2,100,"N/B SR-99","E LASSEN AVE.",799.00,S,N,A,-,Y,,,99,,,,,,,Y,2,0,2,2,A,-,08,22107,,N,B,C,A,A,H,-,A,D,0,,,,,Y,,A,01,1,0,1,0,0,0,0,0,0,"- ","- ",39.762901306152344,-121.85848999023438,BUTTE,CHICO,-121.85865020751953,39.762702941894531
91525860,2021,2021-07-21,9241,2021-07-10,1705,018578,,6,2,9,0400,0,1,3,,2,081,"N/B SR-99","NEAL ROAD",120.00,S,N,A,-,Y,,,99,,,,,,,Y,4,0,2,2,A,-,03,22350,,M,C,C,A,A,H,-,A,A,0,,,,,Y,,D,22,0,0,2,0,0,0,0,0,0,"- ","- ",39.665351867675781,-121.74313354492188,BUTTE,UNINCORPORATED,-121.74314117431641,39.665336608886719
91526581,2021,2021-07-22,9241,2021-07-21,1520,016360,,3,2,9,0400,0,1,3,,2,081,"SR-99 S/B","NEAL RD",0.00,,Y,A,-,Y,,,99,,,,,,S,Y,4,0,2,4,A,-,03,22350,,N,C,C,A,A,H,-,A,A,0,,,,,Y,,D,22,0,0,2,0,0,0,0,0,0,"- ","- ",39.665481567382812,-121.74378967285156,BUTTE,UNINCORPORATED,-121.74374389648438,39.665546417236328
91527595,2021,2021-07-23,9240,2021-07-13,1240,019060,,2,1,9,0400,0,1,3,,2,022,SR-162,"WILBUR RD",1690.00,E,N,A,-,Y,,,162,,,,,,,Y,4,0,2,2,A,-,09,21804,A,N,D,C,A,A,H,-,A,D,0,,,,,Y,,D,22,0,0,2,0,0,0,0,0,0,"- ","- ",39.498111724853516,-121.64492034912109,BUTTE,UNINCORPORATED,-121.64492034912109,39.498088836669922
91528880,2021,2021-07-26,9240,2021-07-10,1440,019710,,6,2,9,0400,0,3,5,,2,010,"PALERMO ROAD","LONE TREE RD",0.00,,Y,A,C,N,,,,,,,,,,Y,3,0,2,2,A,-,09,21802,A,N,D,C,A,A,H,-,A,A,0,,,,,Y,,A,01,0,1,1,0,0,0,0,0,0,"- ","- ",39.432151794433594,-121.57682037353516,BUTTE,UNINCORPORATED,-121.57678985595703,39.434200286865234
91530744,2021,2021-07-28,9240,2021-07-23,0732,020587,,5,1,9,0400,0,3,5,,2,030,"7TH STREET","GRAND AVE",27.00,N,N,A,-,N,,,,,,,,,,Y,3,0,1,1,A,-,01,23152,A,N,E,I,A,A,H,-,A,A,0,,,,,Y,Y,A,01,0,1,0,0,0,0,0,0,0,"- ","- ",39.516769409179688,-121.58055114746094,BUTTE,UNINCORPORATED,-121.58058166503906,39.516704559326172
91533458,2021,2021-07-30,9240,2021-07-11,1530,019710,,7,2,9,0400,0,3,5,,2,020,"TOWNSHIP RD","WEST EVANS REIMER RAOD",0.00,,Y,A,-,N,,,,,,,,,,Y,2,0,3,2,A,-,09,21802,A,N,D,C,A,A,H,-,A,A,0,,,,,Y,,D,22,2,1,0,0,0,0,0,0,0,"- ","- ",39.334060668945312,-121.68773651123047,BUTTE,UNINCORPORATED,-121.68769836425781,39.334087371826172
91533490,2021,2021-07-30,9240,2021-07-25,0110,020170,,7,3,9,0400,0,1,3,,1,021,SR-99,"NELSON AVE",2360.00,S,N,A,-,Y,,,99,,,,,,,Y,3,0,1,1,A,-,01,23152,A,N,E,I,A,A,H,-,D,D,0,,,,,Y,Y,A,01,0,1,0,0,0,0,0,0,0,"- ","- ",39.516708374023438,-121.68890380859375,BUTTE,UNINCORPORATED,-121.68878936767578,39.516708374023438
91534772,2021,2021-08-02,9241,2021-07-25,0300,017319,,7,3,9,0400,0,1,3,,1,060,SR-32,"L. HUMBOLDT RD.",7920.00,E,N,A,-,Y,,,32,,,,,,,Y,4,0,1,1,A,-,01,23152,A,M,F,8,A,A,H,-,D,D,0,,,,,Y,Y,A,01,0,0,1,0,0,0,0,0,0,"- ","- ",39.787490844726562,-121.7239990234375,BUTTE,UNINCORPORATED,-121.72406005859375,39.787513732910156
91535893,2021,2021-08-03,9240,2021-07-25,0230,018841,,7,3,9,0400,0,3,5,,2,010,"FOOTHILL BLVD","WINDFALL WY",495.00,S,N,A,-,N,,,,,,,,,,Y,3,0,1,1,A,-,01,23152,A,M,E,I,A,A,H,-,D,D,0,,,,,Y,Y,A,01,0,1,0,0,0,0,0,0,0,"- ","- ",39.472469329833984,-121.48906707763672,BUTTE,UNINCORPORATED,-121.48915863037109,39.472431182861328
91537768,2021,2021-08-05,9240,2021-07-30,2323,020170,,5,3,9,0400,0,1,3,,1,011,"SR-70 S/B","PALERMO ROAD",9.00,N,N,A,-,Y,,,,,,,,,,N,4,0,1,2,A,-,03,22350,,M,C,C,A,A,H,-,C,D,0,,,,,Y,,-,99,0,0,1,0,0,0,0,0,0,"- ","- ",39.433578491210938,-121.60511016845703,BUTTE,UNINCORPORATED,-121.60518646240234,39.433536529541016
91539077,2021,2021-08-06,9240,2021-07-31,0446,020170,,6,3,9,0400,0,1,3,,2,031,"SR-70 N/B","TABLE MOUNTAIN OVERCROSSING",3696.00,N,N,A,-,Y,,,,,,,,,,Y,4,0,2,1,A,-,08,22107,,N,E,I,A,A,H,-,D,D,0,,,,,Y,,A,01,0,0,2,0,0,0,0,0,0,"- ","- ",39.575801849365234,-121.61711120605469,BUTTE,UNINCORPORATED,-121.61956787109375,39.589382171630859
91539125,2021,2021-08-06,9240,2021-07-11,1320,020587,,7,1,9,0400,0,1,3,,2,032,"STATE HIGHWAY 70","GRIZZLY CREEK BRIDGE",13728.00,W,N,A,-,Y,,,70,,,,,,,Y,1,1,0,1,A,-,08,22107,,N,E,I,A,A,H,-,A,D,0,,,Y,,Y,,C,02,0,0,0,0,0,0,0,1,0,"- ","- ",39.842380523681641,-121.40370178222656,BUTTE,UNINCORPORATED,-121.40369415283203,39.842411041259766
91541425,2021,2021-08-10,9241,2021-07-29,1625,018578,,4,2,9,0400,0,1,3,,2,081,"SR-99 N/B","NEAL ROAD",2000.00,N,N,A,-,Y,,,99,,,,,,N,N,4,0,1,2,A,-,03,22350,,N,C,C,A,A,H,-,A,D,0,,,,,Y,,A,07,0,0,1,0,0,0,0,0,0,"- ","- ",39.670909881591797,-121.75039672851562,BUTTE,UNINCORPORATED,-121.75041961669922,39.670886993408203
91541860,2021,2021-08-11,9240,2021-08-05,0355,020318,,4,3,9,0400,0,1,3,,1,011,"SR-70 SOUTHBOUND","GEORGIA PACIFIC WAY",265.00,S,N,A,-,Y,,,,,,,,,,Y,3,0,1,1,A,-,08,22107,,N,E,I,A,A,H,-,C,D,0,,,,,Y,,A,01,0,1,0,0,0,0,0,0,0,"- ","- ",39.475910186767578,-121.57597351074219,BUTTE,UNINCORPORATED,-121.57583618164062,39.476673126220703
91544254,2021,2021-08-13,9285,2021-08-02,1215,015976,,1,1,9,0400,0,3,5,,1,008,"FORBESTOWN RD","LOWER FORBESTOWN RD",0.00,,Y,A,-,N,,,,,,,,,,Y,3,0,1,2,A,-,05,21460,A,N,B,C,A,A,H,-,A,D,0,,,,,Y,,A,01,0,1,0,0,0,0,0,0,0,"- ","- ",39.528488159179688,-121.28804779052734,BUTTE,UNINCORPORATED,-121.31995391845703,39.495151519775391
91544361,2021,2021-08-13,9240,2021-08-06,1430,020587,,5,2,9,0400,0,1,3,,2,041,"STATE ROUTE 162 (ORO QUINCY HIGHWAY)","APICA AVE",20.00,E,N,A,-,Y,,,,,,,,,,Y,4,0,2,2,A,-,08,22107,,N,B,C,A,A,H,-,A,D,0,,,,,Y,,A,01,0,0,2,0,0,0,0,0,0,"- ","- ",,,BUTTE,UNINCORPORATED,-121.47402191162109,39.506355285644531
91546186,2021,2021-08-16,9240,2021-08-10,1401,019653,,2,2,9,0400,0,1,3,,1,011,"SR-70 NORTHBOUND","OPHIR ROAD",130.00,S,N,A,-,Y,,,,,,,,,,Y,2,0,2,2,A,-,03,22350,,N,C,C,A,A,H,-,A,A,0,,,Y,,Y,,C,02,1,0,1,0,0,0,0,0,1,"- ","- ",39.463668823242188,-121.57916259765625,BUTTE,UNINCORPORATED,-121.57916259765625,39.463710784912109
91546191,2021,2021-08-16,9240,2021-08-10,1428,018967,,2,2,9,0400,0,1,3,,2,041,SR-162,"KAMPONG COURT",50.00,E,N,A,-,Y,,,162,,,,,,,Y,4,0,1,2,A,-,04,21703,,N,C,C,A,A,H,-,A,D,0,,,,,Y,,A,07,0,0,1,0,0,0,0,0,0,"- ","- ",39.504341125488281,-121.52284240722656,BUTTE,UNINCORPORATED,-121.5228271484375,39.504287719726562
91546196,2021,2021-08-16,9240,2021-08-07,2109,021137,,6,2,9,0400,0,3,5,,2,020,"LARKIN RD","EVANS REIMER ROAD",82.00,S,N,A,-,N,,,,,,,,,,Y,2,0,2,2,A,-,01,23152,A,N,C,C,A,A,H,-,C,A,0,,,,Y,Y,Y,A,01,1,1,0,0,0,0,0,0,0,"- ","- ",39.334300994873047,-121.65995025634766,BUTTE,UNINCORPORATED,-121.65997314453125,39.334213256835938
91546265,2021,2021-08-16,9240,2021-08-14,0353,020170,,6,3,9,0400,0,3,5,,2,010,"LOWER WYANDOTTE ROAD","MONTE VISTA AVENUE",85.00,S,N,A,-,N,,,,,,,,,,N,4,0,1,2,A,-,05,21460,A,N,A,C,A,A,H,-,D,D,0,,,,,Y,,A,08,0,0,1,0,0,0,0,0,0,"- ","- ",39.476509094238281,-121.53060913085938,BUTTE,UNINCORPORATED,-121.53063201904297,39.476566314697266
91546271,2021,2021-08-17,9240,2021-08-14,2330,019653,,6,3,9,0400,0,3,5,,2,010,"FEATHER RIVER BOULEVARD","OPHIR ROAD",0.00,,Y,A,-,N,,,,,,,,,,Y,3,0,1,2,A,-,12,22450,A,N,D,C,A,A,H,-,D,A,0,,,,,Y,,A,01,0,1,0,0,0,0,0,0,0,"- ","- ",39.464031219482422,-121.57701110839844,BUTTE,UNINCORPORATED,-121.57688903808594,39.464038848876953
91548923,2021,2021-08-19,9240,2021-06-24,1640,020318,,4,2,9,0400,0,3,5,,2,010,"AVACADO RD.","DUNSTONE DR",2350.00,E,N,B,C,N,,,,,,,,,,Y,1,1,5,1,A,-,03,22350,,N,F,A,A,A,H,-,A,D,0,,,,,Y,,D,22,1,4,0,0,0,0,0,0,0,"- ","- ",39.40570068359375,-121.44750213623047,BUTTE,UNINCORPORATED,-121.44709777832031,39.405662536621094
91549073,2021,2021-08-19,9241,2021-08-08,0130,017319,,7,3,9,0400,0,1,3,,2,100,SR-99,"MUD CREEK",63.00,N,N,F,-,Y,,,99,,,,,,,Y,4,0,1,1,A,-,08,22107,,N,E,I,A,A,H,-,D,D,0,,,,,Y,,D,22,0,0,1,0,0,0,0,0,0,"- ","- ",39.784481048583984,-121.88555145263672,BUTTE,UNINCORPORATED,-121.88555145263672,39.784481048583984
91549571,2021,2021-08-19,9241,2021-08-02,0117,020686,,1,3,9,0400,0,2,4,,2,090,SKYWAY,"SANTA ROSA RD.",2640.00,E,N,A,-,N,,,,,,,,,,Y,1,1,0,1,A,-,08,22107,,N,E,I,A,A,H,-,D,D,0,,,,,Y,Y,A,01,0,0,0,0,0,0,0,0,0,"- ","- ",39.714088439941406,-121.71138000488281,BUTTE,UNINCORPORATED,,
91549598,2021,2021-08-19,9240,2021-08-12,2205,020587,,4,3,9,0400,0,3,5,,2,020,"E RIO BONITO ROAD","STATE HIGHWAY 99",545.00,E,N,A,-,N,,,,,,,,,,Y,3,0,1,1,A,-,08,22107,,M,E,I,A,A,H,-,D,D,0,,,,,Y,,A,07,0,1,0,0,0,0,0,0,0,"- ","- ",39.425159454345703,-121.6861572265625,BUTTE,UNINCORPORATED,-121.68624114990234,39.425209045410156
91550384,2021,2021-08-20,9241,2021-08-19,1130,018540,,4,1,9,0400,0,2,4,,2,065,"HAMILTON NORD CANA HWY","CANA HWY",0.00,,Y,A,-,N,,,,,,,,,,Y,2,0,1,2,A,-,09,21802,A,N,D,C,A,A,H,-,A,D,0,,,,,Y,,E,22,1,0,0,0,0,0,0,0,0,"- ","- ",39.840549468994141,-121.95697021484375,BUTTE,UNINCORPORATED,-121.95688629150391,39.840309143066406
91552570,2021,2021-08-24,9240,2021-08-21,0815,020587,,6,1,9,0400,0,3,5,,2,030,"14TH STREET","ESTATES DRIVE",60.00,S,N,A,-,N,,,,,,,,,,Y,4,0,1,2,A,-,01,23152,F,N,B,C,A,A,H,-,A,D,0,,,,,Y,,A,07,0,0,1,0,0,0,0,0,0,"- ","- ",39.499431610107422,-121.59600067138672,BUTTE,UNINCORPORATED,-121.59599304199219,39.499500274658203
91552610,2021,2021-08-24,9240,2021-08-23,1525,018967,,1,2,9,0400,0,3,5,,2,010,"MONTE VISTA AVENUE","AUTREY LANE",150.00,W,N,A,-,N,,,,,,,,,,N,3,0,1,2,A,-,11,21954,A,N,G,B,D,A,H,-,A,D,0,Y,,,,Y,,N,60,0,1,0,0,1,0,0,0,0,"- ","- ",39.476821899414062,-121.53640747070312,BUTTE,UNINCORPORATED,-121.53633880615234,39.476783752441406
91554871,2021,2021-08-26,9240,2021-04-24,0950,015532,,6,1,9,0400,0,3,5,,2,010,"FORBESTOWN RD","POWELL RIDGE RD",2270.00,E,N,B,C,N,,,,,,,,,,Y,1,1,0,1,A,-,03,22350,,N,E,I,A,B,H,-,A,D,0,,,,,Y,,D,22,0,0,0,0,0,0,0,0,0,"- ","- ",39.504409790039062,-121.34249877929688,BUTTE,UNINCORPORATED,-121.34373474121094,39.504966735839844
91554956,2021,2021-08-26,9240,2021-08-20,1640,019710,,5,2,9,0400,0,1,3,,2,022,SR-162,MIDWAY,7392.00,W,N,A,-,Y,,,162,,,,,,,Y,3,0,1,1,A,-,08,22107,,N,F,A,A,A,H,-,A,D,0,,,,,Y,,A,07,0,1,0,0,0,0,0,0,0,"- ","- ",39.464679718017578,-121.77285766601562,BUTTE,UNINCORPORATED,-121.77285766601562,39.464717864990234
91558595,2021,2021-08-30,9241,2021-08-16,1600,018879,,1,2,9,0400,0,3,5,,2,006,"NORTHWOOD DR","IMPERIAL WAY",650.00,S,N,A,-,N,,,,,,,,,,N,2,0,1,1,A,-,03,22350,,N,F,A,A,A,H,-,A,D,0,,Y,,,Y,,L,04,1,0,0,0,0,0,1,0,0,"- ","- ",39.847831726074219,-121.58599853515625,BUTTE,UNINCORPORATED,-121.58597564697266,39.847846984863281
91558730,2021,2021-08-30,9240,2021-08-18,0730,017532,,3,1,9,0400,0,3,5,,2,030,"CHEROKEE RD","VINTON GULCH RD.",2640.00,S,N,A,-,N,,,,,,,,,,Y,2,0,1,2,A,-,05,21460,A,N,A,C,A,A,H,-,A,D,0,,,Y,,Y,,D,22,1,0,0,0,0,0,0,0,1,"- ","- ",39.642971038818359,-121.54509735107422,BUTTE,UNINCORPORATED,-121.54604339599609,39.643699645996094
91559769,2021,2021-08-31,9241,2021-08-26,0226,021256,,4,3,9,0400,0,1,3,,2,100,"SR-99 S/B","EAST AVE",1267.00,N,N,A,-,Y,,,,,,,,,,Y,2,0,1,2,A,-,13,21718,A,N,C,C,A,A,H,-,D,D,0,,,,Y,Y,,D,22,1,0,0,0,0,0,0,0,0,"- ","- ",39.454551696777344,-121.51320648193359,BUTTE,UNINCORPORATED,-121.85881805419922,39.762596130371094
91560398,2021,2021-09-01,9240,2021-08-24,0830,017532,,2,1,9,0400,0,3,5,,2,040,SR-162,"MARINA VISTA DRIVE",1500.00,S,N,A,-,Y,,,,,,,,,,N,4,0,1,2,A,-,03,22350,,N,C,C,A,A,H,-,A,D,0,,,,,Y,,D,22,0,0,1,0,0,0,0,0,0,"- ","- ",39.642971038818359,-121.43309020996094,BUTTE,UNINCORPORATED,,
91560549,2021,2021-09-01,9240,2021-08-25,1350,020318,,3,1,9,0400,0,3,5,,2,020,"TOWNSHIP RD.","W. EVANS REIMER RD.",75.00,S,N,A,-,N,,,,,,,,,,Y,4,0,1,2,A,-,03,22350,,N,C,C,A,A,H,-,A,D,0,,,,Y,Y,,A,01,0,0,1,0,0,0,0,0,0,"- ","- ",39.333869934082031,-121.68766784667969,BUTTE,UNINCORPORATED,-121.68769836425781,39.333885192871094
91562341,2021,2021-09-03,9240,2021-09-02,1125,018841,,4,1,9,0400,0,1,3,,1,021,"RT 99","B ST.",357.00,S,N,A,-,N,,,99,,,,,,,Y,3,0,1,2,A,-,03,22350,,N,C,C,A,A,H,-,A,A,0,,,,,Y,,A,08,0,1,0,0,0,0,0,0,0,"- ","- ",39.413749694824219,-121.68804168701172,BUTTE,UNINCORPORATED,-121.6881103515625,39.413749694824219
91562345,2021,2021-09-03,9241,2021-08-24,1330,015529,,2,1,9,0400,0,3,5,,2,006,"NORD HWY","VICTOR DR",250.00,W,N,A,-,N,,,,,,,,,,N,3,0,1,1,A,-,03,22350,,N,E,I,A,A,H,-,A,D,0,,,,,Y,,A,01,0,1,0,0,0,0,0,0,0,"- ","- ",39.775688171386719,-121.95275115966797,BUTTE,UNINCORPORATED,-121.95189666748047,39.775222778320312
91562470,2021,2021-09-03,9241,2021-09-01,1730,016360,,3,2,9,0400,0,1,3,,2,081,"SR-99 S/B","SOUTHGATE AVE",750.00,N,N,A,-,Y,,,99,,,,,,S,Y,4,0,2,3,A,-,03,22350,,N,C,C,A,A,H,-,A,D,0,,,,,Y,,A,01,0,0,2,0,0,0,0,0,0,"- ","- ",39.702781677246094,-121.78772735595703,BUTTE,UNINCORPORATED,-121.78778076171875,39.702724456787109
91566583,2021,2021-09-09,9241,2021-09-06,1245,014929,,1,1,9,0400,0,3,5,,2,007,"LOVELOCK ROAD",SKYWAY,10560.00,N,N,A,-,N,,,,,,,,,,Y,2,0,5,2,A,-,03,22350,,N,A,C,A,A,H,-,A,D,0,,,Y,,Y,,C,06,1,2,2,0,0,0,0,0,4,"- ","- ",39.917770385742188,-121.58190155029297,BUTTE,UNINCORPORATED,-121.58269500732422,39.917144775390625
91567756,2021,2021-09-10,9240,2021-09-04,2010,020318,,6,2,9,0400,0,1,3,,2,041,SR-162,"OLD OLIVE HWY",330.00,E,N,A,-,Y,,,162,,,,,,,Y,2,0,1,1,A,-,01,23152,A,N,E,I,A,A,H,-,C,D,0,,,,,Y,Y,D,22,1,0,0,0,0,0,0,0,0,"- ","- ",39.503620147705078,-121.45501708984375,BUTTE,UNINCORPORATED,-121.45500946044922,39.503589630126953
91568764,2021,2021-09-13,9240,2021-09-07,1745,018967,,2,2,9,0400,0,3,5,,2,040,"BALD ROCK ROAD","SAND CREEK DRIVE",80.00,N,N,A,-,N,,,,,,,,,,Y,3,0,1,2,A,-,09,21804,A,N,F,A,A,A,H,-,A,D,0,,,Y,,Y,,A,07,0,1,0,0,0,0,0,0,1,"- ","- ",39.6356201171875,-121.392822265625,BUTTE,UNINCORPORATED,-121.39278411865234,39.635601043701172