CASE_ID,ACCIDENT_YEAR,PROC_DATE,JURIS,COLLISION_DATE,COLLISION_TIME,OFFICER_ID,REPORTING_DISTRICT,DAY_OF_WEEK,CHP_SHIFT,POPULATION,CNTY_CITY_LOC,SPECIAL_COND,BEAT_TYPE,CHP_BEAT_TYPE,CITY_DIVISION_LAPD,CHP_BEAT_CLASS,BEAT_NUMBER,PRIMARY_RD,SECONDARY_RD,DISTANCE,DIRECTION,INTERSECTION,WEATHER_1,WEATHER_2,STATE_HWY_IND,CALTRANS_COUNTY,CALTRANS_DISTRICT,STATE_ROUTE,ROUTE_SUFFIX,POSTMILE_PREFIX,POSTMILE,LOCATION_TYPE,RAMP_INTERSECTION,SIDE_OF_HWY,TOW_AWAY,COLLISION_SEVERITY,NUMBER_KILLED,NUMBER_INJURED,PARTY_COUNT,PRIMARY_COLL_FACTOR,PCF_CODE_OF_VIOL,PCF_VIOL_CATEGORY,PCF_VIOLATION,PCF_VIOL_SUBSECTION,HIT_AND_RUN,TYPE_OF_COLLISION,MVIW,PED_ACTION,ROAD_SURFACE,ROAD_COND_1,ROAD_COND_2,LIGHTING,CONTROL_DEVICE,CHP_ROAD_TYPE,PEDESTRIAN_ACCIDENT,BICYCLE_ACCIDENT,MOTORCYCLE_ACCIDENT,TRUCK_ACCIDENT,NOT_PRIVATE_PROPERTY,ALCOHOL_INVOLVED,STWD_VEHTYPE_AT_FAULT,CHP_VEHTYPE_AT_FAULT,COUNT_SEVERE_INJ,COUNT_VISIBLE_INJ,COUNT_COMPLAINT_PAIN,COUNT_PED_KILLED,COUNT_PED_INJURED,COUNT_BICYCLIST_KILLED,COUNT_BICYCLIST_INJURED,COUNT_MC_KILLED,COUNT_MC_INJURED,PRIMARY_RAMP,SECONDARY_RAMP,LATITUDE,LONGITUDE,COUNTY,CITY,POINT_X,POINT_Y
91568883,2021,2021-09-13,9241,2021-09-01,1538,018578,,3,2,9,0400,0,1,3,,1,061,"COLTER WAY","COLTER CT",20.00,E,N,A,-,N,,,,,,,,,,N,2,0,1,2,A,-,11,21954,A,N,G,B,D,A,H,-,A,D,0,Y,,,,Y,,N,60,1,0,0,0,1,0,0,0,0,"- ","- ",39.843700408935547,-121.60568237304688,BUTTE,UNINCORPORATED,-121.60560607910156,39.843601226806641
91570199,2021,2021-09-14,9240,2021-09-07,1230,017532,,2,1,9,0400,0,3,5,,2,010,"FOOTHILL BLVD","DUNSTONE DR.",490.00,E,N,A,-,N,,,,,,,,,,N,3,0,2,1,A,-,08,22107,,N,E,I,A,A,H,-,A,D,0,,,,,Y,,A,01,0,1,1,0,0,0,0,0,0,"- ","- ",39.458969116210938,-121.46573638916016,BUTTE,UNINCORPORATED,-121.4658203125,39.458889007568359
91570291,2021,2021-09-14,9240,2021-08-24,0654,017760,,2,1,9,0400,0,1,3,,1,011,SR-70,"LA FEVER LN",1584.00,S,N,A,-,Y,,,70,,,,,,,Y,3,0,2,2,A,-,08,22107,,N,B,C,A,A,H,-,A,D,0,,,,,Y,,D,22,0,1,1,0,0,0,0,0,0,"- ","- ",39.395050048828125,-121.60481262207031,BUTTE,UNINCORPORATED,-121.60480499267578,39.395050048828125
91570303,2021,2021-09-15,9240,2021-09-09,1520,020318,,4,2,9,0400,0,3,5,,2,010,"LOWER HONCUT RD",SR-70,7392.00,E,N,A,-,N,,,,,,,,,,Y,3,0,1,1,A,-,08,22107,,N,F,A,A,A,H,-,A,D,0,,,,,Y,,D,22,0,1,0,0,0,0,0,0,0,"- ","- ",39.321060180664062,-121.56939697265625,BUTTE,UNINCORPORATED,-121.56998443603516,39.32110595703125
91573553,2021,2021-09-17,9240,2021-04-22,0935,019060,,4,1,9,0400,0,3,5,,2,010,"LOWER WYANDOTTE RD","ORO BANGOR HWY",0.00,,Y,A,-,N,,,,,,,,,,Y,3,0,2,3,A,-,01,23152,F,N,D,C,A,A,H,-,A,A,0,,,,,Y,,A,01,0,1,1,0,0,0,0,0,0,"- ","- ",39.480541229248047,-121.53063201904297,BUTTE,UNINCORPORATED,,
91574895,2021,2021-09-20,9241,2021-08-28,0900,017114,,6,1,9,0400,0,2,4,,2,070,SKYWAY,"WYCLIFF WAY",330.00,S,N,A,-,N,,,,,,,,,,Y,3,0,1,2,A,-,08,22107,,N,E,I,A,A,H,-,A,D,0,,,,,Y,,A,01,0,1,0,0,0,0,0,0,0,"- ","- ",39.8331298828125,-121.59690093994141,BUTTE,UNINCORPORATED,-121.59671783447266,39.833160400390625
91574923,2021,2021-09-20,9241,2021-08-11,0040,020686,,3,3,9,0400,0,3,5,,2,006,"MERIDIAN RD.",SR-32,209.00,S,N,A,-,N,,,,,,,,,,Y,1,1,1,1,A,-,01,23152,G,N,E,I,A,A,H,-,D,A,0,,,,,Y,Y,A,07,1,0,0,0,0,0,0,0,0,"- ","- ",39.752689361572266,-121.91912841796875,BUTTE,UNINCORPORATED,-121.9190673828125,39.752735137939453
91575628,2021,2021-09-21,9240,2021-09-18,1950,021137,,6,2,9,0400,0,3,5,,2,010,"PALERMO HONCUT HWY","FOUR JUNES WAY",0.00,,Y,B,C,N,,,,,,,,,,Y,4,0,1,2,A,-,09,21801,A,N,D,C,A,B,H,-,D,D,0,,,Y,,Y,,A,07,0,0,1,0,0,0,0,0,1,"- ","- ",39.690120697021484,-121.53975677490234,BUTTE,UNINCORPORATED,-121.53974151611328,39.368942260742188
91576428,2021,2021-09-22,9240,2021-09-18,2000,019653,,6,2,9,0400,0,3,5,,2,010,"GRUBBS ROAD","RESERVOIR ROAD",65.00,E,N,B,-,N,,,,,,,,,,Y,3,0,2,1,A,-,01,23152,A,N,E,I,A,B,H,-,D,D,0,,,,,Y,Y,A,01,0,2,0,0,0,0,0,0,0,"- ","- ",39.431880950927734,-121.52005004882812,BUTTE,UNINCORPORATED,-121.52011871337891,39.431922912597656
91576674,2021,2021-09-22,9241,2021-09-20,1815,019006,,1,2,9,0400,0,2,4,,2,084,"CHICO RIVER ROAD","MOREHEAD AVE",140.00,W,N,A,-,N,,,,,,,,,,Y,4,0,1,1,A,-,08,22107,,N,E,I,A,A,H,-,A,D,0,,,,,Y,,A,01,0,0,1,0,0,0,0,0,0,"- ","- ",39.716281890869141,-121.86386108398438,BUTTE,UNINCORPORATED,-121.86376953125,39.71630859375
91576960,2021,2021-09-22,9240,2021-09-19,1725,021137,,7,2,9,0400,0,3,5,,2,010,"LARKIN RD","VANCE AVE",1584.00,S,N,A,-,N,,,,,,,,,,Y,4,0,3,2,A,-,03,22350,,N,C,C,A,A,H,-,A,D,0,,,,,Y,,A,01,0,0,3,0,0,0,0,0,0,"- ","- ",39.434921264648438,-121.65580749511719,BUTTE,UNINCORPORATED,-121.65576934814453,39.435142517089844
91577832,2021,2021-09-23,9240,2021-09-16,0605,017062,,4,1,9,0400,0,3,5,,2,020,"LARKIN RD.","RABE RD.",359.00,S,N,A,-,N,,,,,,,,,,Y,3,0,2,2,A,-,03,22350,,N,C,C,A,A,H,-,D,D,0,,,,,Y,,D,22,0,1,1,0,0,0,0,0,0,"- ","- ",39.471641540527344,-121.62680816650391,BUTTE,UNINCORPORATED,-121.62681579589844,39.471725463867188
91580318,2021,2021-09-27,9241,2021-09-18,1450,018578,,6,2,9,0400,0,1,3,,2,081,"SR-99 S/B","NEAL ROAD",1000.00,N,N,B,-,Y,,,99,,,,,,S,Y,3,0,1,3,A,-,03,22350,,N,C,C,A,A,H,-,A,A,0,,,,,Y,,A,08,0,1,0,0,0,0,0,0,0,"- ","- ",39.668098449707031,-121.74696350097656,BUTTE,UNINCORPORATED,-121.74702453613281,39.668014526367188
91581482,2021,2021-09-28,9240,2021-09-25,1440,018967,,6,2,9,0400,0,3,5,,2,010,"FOOTHILL BLVD","DUNSTONE DR",2112.00,E,N,A,-,N,,,,,,,,,,Y,2,0,1,1,A,-,08,22107,,N,E,I,A,A,H,-,A,D,0,,,Y,,Y,,C,02,1,0,0,0,0,0,0,0,1,"- ","- ",39.461318969726562,-121.46047973632812,BUTTE,UNINCORPORATED,-121.46084594726562,39.461112976074219
91584159,2021,2021-09-30,9241,2021-09-21,0745,014900,,2,1,9,0400,0,2,4,,2,086,"DURHAM-DAYTON HWY","ESQUON RD.",4100.00,E,N,A,-,N,,,,,,,,,,Y,3,0,1,2,A,-,03,22350,,N,C,C,A,A,H,-,A,A,0,,,,,Y,,A,01,0,1,0,0,0,0,0,0,0,"- ","- ",39.646400451660156,-121.75759887695312,BUTTE,UNINCORPORATED,-121.75011444091797,39.646507263183594
91586965,2021,2021-10-04,9240,2021-06-06,2152,019842,,7,2,9,0400,0,3,5,,2,010,"PALERMO RD","LONE TREE RD",0.00,,Y,A,-,N,,,,,,,,,,Y,2,0,3,2,A,-,12,22450,A,N,D,D,A,A,H,-,D,A,0,,,,,Y,,A,01,2,1,0,0,0,0,0,0,0,"- ","- ",39.434219360351562,-121.57678985595703,BUTTE,UNINCORPORATED,-121.57678985595703,39.434200286865234
91587027,2021,2021-11-03,9241,2021-09-21,2155,019006,,2,2,9,0400,0,2,4,,2,071,"WYCLIFF WAY",SKYWAY,0.00,,Y,A,-,N,,,,,,,,,,Y,4,0,1,2,A,-,09,21802,A,N,D,C,A,A,H,-,D,D,0,,,,,Y,,-,"- ",0,0,1,0,0,0,0,0,0,"- ","- ",39.834030151367188,-121.59709930419922,BUTTE,UNINCORPORATED,-121.59703826904297,39.834026336669922
91588326,2021,2021-10-05,9240,2021-09-30,0115,020170,,4,3,9,0400,0,3,5,,2,010,"DUNSTONE DRIVE","AVACADO RD",2640.00,N,N,A,-,N,,,,,,,,,,Y,3,0,3,1,A,-,08,22107,,N,E,I,A,A,H,-,D,D,0,,,,,Y,,D,22,0,1,2,0,0,0,0,0,0,"- ","- ",39.413551330566406,-121.45536804199219,BUTTE,UNINCORPORATED,-121.45435333251953,39.412445068359375
91589913,2021,2021-10-07,9240,2021-10-06,1623,020587,,3,2,9,0400,0,3,5,,2,010,"LINCOLN BLVD",FIRLOOP,275.00,S,N,B,-,N,,,,,,,,,,Y,4,0,1,2,A,-,09,21804,A,N,D,C,A,A,H,-,A,D,0,,,,,Y,,A,01,0,0,1,0,0,0,0,0,0,"- ","- ",39.450309753417969,-121.55162048339844,BUTTE,UNINCORPORATED,-121.551513671875,39.450290679931641
91593340,2021,2021-10-11,9240,2021-10-03,1316,019060,,7,1,9,0400,0,1,3,,1,011,"SR-70 N/B","GEORGIA PACIFIC WAY",0.00,,Y,A,-,Y,,,,,,,,,,N,4,0,1,2,A,-,12,21453,A,N,D,2,A,A,H,-,A,A,0,,,,,Y,,D,22,0,0,1,0,0,0,0,0,0,"- ","- ",39.477409362792969,-121.57554626464844,BUTTE,UNINCORPORATED,-121.5755615234375,39.477394104003906
91593420,2021,2021-10-11,9240,2021-04-29,1158,019060,,4,1,9,0400,0,3,5,,2,010,"LINCOLN BLVD","BAGGETT MARYSVILLE RD",565.00,N,N,A,-,N,,,,,,,,,,Y,1,3,1,1,A,-,01,23152,F,N,E,I,A,A,H,-,A,D,0,,,,,Y,,A,07,1,0,0,0,0,0,0,0,0,"- ","- ",39.489231109619141,-121.55145263671875,BUTTE,UNINCORPORATED,-121.55072784423828,39.490585327148438
91593585,2021,2021-10-11,9240,2021-10-07,1318,019060,,4,1,9,0400,0,3,5,,2,040,"LUMPKIN ROAD","CANFIELD DRIVE",1057.00,S,N,A,-,N,,,,,,,,,,Y,3,0,1,1,A,-,03,22350,,N,F,A,A,A,H,-,A,D,0,,,,Y,Y,,G,27,0,1,0,0,0,0,0,0,0,"- ","- ",39.549999237060547,-121.34353637695312,BUTTE,UNINCORPORATED,-121.35030364990234,39.547573089599609
91594586,2021,2021-10-29,9240,2021-10-04,0715,015532,,1,1,9,0400,0,1,3,,1,021,SR-99,"NELSON AVE.",1060.00,N,N,A,-,Y,,,99,,,,,,,N,3,0,1,2,A,-,05,21650,,N,B,C,A,A,D,-,A,D,0,,,,Y,Y,,F,26,0,1,0,0,0,0,0,0,0,"- ","- ",39.529468536376953,-121.68874359130859,BUTTE,UNINCORPORATED,-121.68876647949219,39.529468536376953
91599089,2021,2021-10-18,9240,2021-10-07,0935,017760,,4,1,9,0400,0,3,5,,2,010,"LINCOLN BLVD","STANLEY DRIVE",700.00,N,N,A,-,N,,,,,,,,,,N,4,0,2,2,A,-,03,22350,,N,B,C,A,A,H,-,A,D,0,,,,,Y,,E,22,0,0,2,0,0,0,0,0,0,"- ","- ",39.44879150390625,-121.55181884765625,BUTTE,UNINCORPORATED,-121.55176544189453,39.449432373046875
91600112,2021,2021-10-19,9240,2021-10-12,2350,019256,,2,3,9,0400,0,3,5,,2,010,"HILDALE AVE","ARBOL AVE.",65.00,E,N,A,-,N,,,,,,,,,,Y,2,0,1,1,A,-,01,23152,A,N,F,A,A,A,H,-,D,D,0,,,Y,,Y,Y,C,02,1,0,0,0,0,0,0,0,1,"- ","- ",39.503860473632812,-121.5186767578125,BUTTE,UNINCORPORATED,-121.5185546875,39.503688812255859
91600340,2021,2021-10-19,9241,2021-10-17,1940,016360,,7,2,9,0400,0,1,3,,2,080,SR-32,"HAMILTON NORD CANA HWY",217.00,W,N,A,-,Y,,,32,,,,,,,Y,2,0,3,2,A,-,01,23152,A,F,E,I,A,A,H,-,A,A,0,,,,,Y,Y,A,01,1,0,2,0,0,0,0,0,0,"- ","- ",39.753299713134766,-121.95761108398438,BUTTE,UNINCORPORATED,-121.95761108398438,39.753311157226562
91604109,2021,2021-10-22,9240,2021-10-12,1225,017062,,2,1,9,0400,0,3,5,,2,040,"ORO QUINCY HWY","DEER PARK RD.",4171.00,E,N,A,-,N,,,,,,,,,,Y,1,1,0,1,A,-,03,22350,,N,F,A,A,A,H,-,A,D,0,,,,Y,Y,,G,27,0,0,0,0,0,0,0,0,0,"- ","- ",39.755199432373047,-121.29750061035156,BUTTE,UNINCORPORATED,-121.28925323486328,39.750438690185547
91605064,2021,2021-10-25,9240,2021-10-19,1518,019055,,2,2,9,0400,0,3,5,,2,030,"GRAND AVE","12TH STREET",0.00,,Y,B,-,N,,,,,,,,,,Y,3,0,1,2,A,-,09,21802,A,N,D,C,A,A,H,-,A,A,0,,,,,Y,,A,01,0,1,0,0,0,0,0,0,0,"- ","- ",39.512031555175781,-121.59161376953125,BUTTE,UNINCORPORATED,-121.59156799316406,39.512016296386719
91606578,2021,2021-10-26,9240,2021-10-22,2143,020376,,5,2,9,0400,0,1,3,,1,011,"SR70 N/B","OPHIR ROAD",0.00,,Y,B,-,Y,,,,,,,,,,Y,2,0,4,2,A,-,01,23152,A,N,D,C,A,A,H,-,C,A,0,,,,,Y,Y,A,08,1,3,0,0,0,0,0,0,0,"- ","- ",39.464008331298828,-121.57894897460938,BUTTE,UNINCORPORATED,-121.57888793945312,39.464000701904297
91609129,2021,2021-10-28,9241,2021-10-27,0655,016831,,3,1,9,0400,0,1,3,,2,080,"MERIDIAN ROAD AT SR-32","MERIDIAN RD",0.00,,Y,A,-,Y,,,,,,,,,,N,3,0,1,2,A,-,09,21802,A,N,D,C,A,A,H,-,B,D,0,,,,,Y,,A,07,0,1,0,0,0,0,0,0,0,"- ","- ",39.753108978271484,-121.91899871826172,BUTTE,UNINCORPORATED,,
91611982,2021,2021-11-01,9241,2021-10-20,1100,014900,,3,1,9,0400,0,3,5,,2,008,"NELSON RD.","MILL ST.",268.00,S,N,B,C,N,,,,,,,,,,Y,4,0,1,1,A,-,01,23152,A,N,F,A,A,B,H,-,A,D,0,,,,,Y,Y,A,07,0,0,1,0,0,0,0,0,0,"- ","- ",39.552871704101562,-121.76416778564453,BUTTE,UNINCORPORATED,-121.76419067382812,39.553016662597656
91612370,2021,2021-11-01,9241,2021-10-28,1735,018540,,4,2,2,0403,0,1,S,,2,702,"SR-99 S/B",SR-32,950.00,S,N,A,-,Y,,,,,,,,,,N,4,0,2,3,A,-,03,22350,,N,C,D,A,A,A,H,A,D,0,,,,,Y,,A,01,0,0,2,0,0,0,0,0,0,"- ","- ",39.734241485595703,-121.81684112548828,BUTTE,GRIDLEY,,
91612682,2021,2021-11-01,9241,2021-10-30,1505,018540,,6,2,9,0400,0,2,4,,2,090,"SKYWAY W/B","ROCKY BLUFF DR.",0.00,,Y,B,-,N,,,,,,,,,,Y,2,0,1,1,A,-,03,22350,,N,E,I,A,A,H,-,A,D,0,,,,,Y,,A,01,1,0,0,0,0,0,0,0,0,"- ","- ",38.705818176269531,-121.73274230957031,BUTTE,UNINCORPORATED,-121.73287963867188,39.705696105957031
91613482,2021,2021-11-02,9240,2021-04-15,0822,019060,,4,1,9,0400,0,3,5,,2,010,"LINCOLN BLVD","VIRGINIA AVE",577.00,N,N,A,-,N,,,,,,,,,,Y,1,1,1,1,A,-,01,23152,F,N,E,I,A,A,H,-,A,D,0,,,,,Y,,A,07,1,0,0,0,0,0,0,0,0,"- ","- ",39.4835205078125,-121.55130767822266,BUTTE,UNINCORPORATED,-121.55110168457031,39.483421325683594
91615060,2021,2021-11-03,9240,2021-10-30,1645,019256,,6,2,9,0400,0,3,5,,2,010,"DUNSTONE DR.","GRUBBS RD",1940.00,N,N,A,-,N,,,,,,,,,,Y,2,0,1,1,A,-,01,23152,A,N,F,A,A,A,H,-,A,D,0,,,Y,,Y,Y,C,02,1,0,0,0,0,0,0,0,1,"- ","- ",39.437179565429688,-121.46756744384766,BUTTE,UNINCORPORATED,-121.467529296875,39.437175750732422
91616035,2021,2021-11-04,9241,2021-10-30,1425,017170,,6,2,9,0400,0,1,3,,2,081,SR-99,"BUTTE CREEK",200.00,N,N,A,-,Y,,,99,,,,,,,Y,4,0,2,2,A,-,03,22350,,N,C,C,A,A,H,-,A,D,0,,,,,Y,,D,22,0,0,2,0,0,0,0,0,0,"- ","- ",39.695499420166016,-121.77964782714844,BUTTE,UNINCORPORATED,-121.77965545654297,39.69549560546875
91616182,2021,2021-11-04,9241,2021-10-31,1259,019006,,7,1,9,0400,0,3,5,,2,009,"NEAL RD",SR99,24816.00,E,N,A,-,N,,,,,,,,,,N,3,0,1,2,A,-,08,22107,,N,B,A,A,A,H,-,A,D,0,,,,,Y,,D,22,0,1,0,0,0,0,0,0,0,"- ","- ",39.706321716308594,-121.67843627929688,BUTTE,UNINCORPORATED,-121.67929077148438,39.706642150878906
91616191,2021,2021-11-04,9241,2021-11-02,1605,018540,,2,2,9,0400,0,3,5,,2,008,"MERIDIAN RD","OAK WAY",398.00,S,N,A,-,N,,,,,,,,,,Y,3,0,3,1,A,-,08,22107,,N,E,I,A,A,H,-,A,D,0,,,,,Y,,A,07,0,2,1,0,0,0,0,0,0,"- ","- ",39.729850769042969,-121.91902923583984,BUTTE,UNINCORPORATED,-121.91915130615234,39.734428405761719
91620812,2021,2021-11-09,9240,2021-10-28,0910,015532,,4,1,9,0400,0,3,5,,2,030,"CONCOW RD","NELSON BAR RD",666.00,S,N,A,-,N,,,,,,,,,,Y,2,0,1,1,A,-,03,22350,,N,E,J,A,A,H,-,A,A,0,,,,,Y,,A,01,1,0,0,0,0,0,0,0,0,"- ","- ",39.728939056396484,-121.525390625,BUTTE,UNINCORPORATED,-121.52533721923828,39.728641510009766
91621012,2021,2021-11-10,9240,2021-11-06,1225,018841,,6,1,9,0400,0,3,5,,2,010,"UPPER PALERMO RD","CARMEL AVE.",168.00,S,N,C,-,N,,,,,,,,,,Y,4,0,1,1,A,-,05,21650,,N,E,I,A,B,H,-,A,D,0,,,,,Y,,A,07,0,0,1,0,0,0,0,0,0,"- ","- ",39.452621459960938,-121.53804016113281,BUTTE,UNINCORPORATED,-121.53794097900391,39.452571868896484
91621016,2021,2021-11-10,9240,2021-11-08,0955,017062,,1,1,9,0400,0,1,3,,2,031,"SR-70 N/B","MONTGOMERY ST.",2640.00,N,N,A,-,Y,,,,,,,,,,Y,2,0,2,2,A,-,07,21658,A,N,C,C,A,A,H,-,A,D,0,,,,Y,Y,,A,01,1,1,0,0,0,0,0,0,0,"- ","- ",39.510761260986328,-121.57259368896484,BUTTE,UNINCORPORATED,-121.57276916503906,39.510139465332031
91621507,2021,2021-11-10,9241,2021-11-03,0705,014900,,3,1,9,0400,0,3,5,,2,009,"NEAL RD.","MCCANN RD.",936.00,W,N,A,-,N,,,,,,,,,,Y,3,0,1,1,A,-,03,22350,,N,E,I,A,A,H,-,D,D,0,,,,,Y,,D,22,0,1,0,0,0,0,0,0,0,"- ","- ",39.703960418701172,-121.7867431640625,BUTTE,UNINCORPORATED,-121.66786193847656,39.710723876953125
91621584,2021,2021-11-10,9241,2021-11-09,1955,018540,,2,2,9,0400,0,1,3,,2,093,SR-191,"CIRCLE J RD",970.00,N,N,B,-,Y,,,191,,,,,,,Y,3,0,1,1,A,-,08,22107,,N,E,I,A,B,A,H,D,D,0,,,,,Y,,A,01,0,1,0,0,0,0,0,0,0,"- ","- ",39.6904296875,-121.62000274658203,BUTTE,UNINCORPORATED,-121.61997222900391,39.690387725830078
91623446,2021,2021-11-12,9241,2021-11-09,2140,018540,,2,2,5,0402,0,1,3,,2,100,"SR-99 N/B","E. 20TH ST.",2000.00,N,N,B,-,Y,,,99,,,,,,N,Y,2,0,1,1,A,-,08,22107,,N,E,I,A,A,H,-,D,D,0,,,,,Y,,A,01,1,0,0,0,0,0,0,0,0,"- ","- ",39.730918884277344,-121.81275177001953,BUTTE,CHICO,-121.81277465820312,39.730899810791016
91624132,2021,2021-11-15,9240,2021-11-03,1828,019060,,3,2,9,0400,0,3,5,,2,010,"UPPER PALERMO RD","PINECREST RD",920.00,S,N,A,-,N,,,,,,,,,,Y,4,0,2,1,A,-,01,23152,A,N,E,I,A,A,H,-,D,D,0,,,,,Y,Y,A,01,0,0,2,0,0,0,0,0,0,"- ","- ",39.455249786376953,-121.53265380859375,BUTTE,UNINCORPORATED,-121.53241729736328,39.456645965576172
91624323,2021,2021-11-15,9241,2021-11-07,1946,019972,,7,2,9,0400,0,1,3,,2,080,SR-99,"ESTATES DR.",40.00,N,N,A,-,Y,,,99,,,,,,,Y,2,0,2,4,A,-,01,23152,A,N,C,C,A,A,H,-,C,A,0,,,,,Y,Y,A,01,2,0,0,0,0,0,0,0,0,"- ","- ",39.690231323242188,-121.77374267578125,BUTTE,UNINCORPORATED,-121.77375030517578,39.690223693847656
91624511,2021,2021-11-15,9241,2021-11-10,1720,019006,,3,2,5,0402,0,1,3,,2,100,"SR99 NB","E. 1ST AVENUE",2112.00,S,N,A,-,Y,,,99,,,,,,N,Y,4,0,1,4,A,-,03,22350,,N,C,C,A,A,H,-,A,D,0,,,,,Y,,-,"- ",0,0,1,0,0,0,0,0,0,"- ","- ",39.741039276123047,-121.82553863525391,BUTTE,CHICO,-121.82554626464844,39.741031646728516
91624712,2021,2021-11-15,9241,2021-11-11,2208,015529,,4,3,5,0402,0,2,4,,2,090,"SR 99 N/B FROM SKYWAY W/B",SKYWAY,156.00,N,N,A,-,Y,,,99,,,,R,,N,N,3,0,1,1,A,-,03,22350,,N,F,A,A,A,H,-,D,D,0,,,Y,,Y,Y,C,02,0,1,0,0,0,0,0,0,1,"- ","- ",39.715358734130859,-121.80004119873047,BUTTE,CHICO,-121.80004119873047,39.715358734130859
91625900,2021,2021-11-16,9241,2021-11-14,2020,019972,,7,2,9,0400,0,2,4,,2,090,SKYWAY,"HONEY RUN RD.",2815.00,E,N,E,-,N,,,,,,,,,,Y,3,0,1,1,A,-,08,22107,,N,E,I,A,B,H,-,D,A,0,,,,,Y,,A,01,0,1,0,0,0,0,0,0,0,"- ","- ",39.704219818115234,-121.77110290527344,BUTTE,UNINCORPORATED,-121.6226806640625,39.7615966796875
91627074,2021,2021-11-17,9241,2021-11-16,1540,018540,,2,2,9,0400,0,1,3,,2,081,"SR-99 S/B","NEAL ROAD",1200.00,N,N,A,-,Y,,,99,,,,,,S,N,4,0,1,2,A,-,03,22350,,N,C,C,A,A,H,-,A,D,0,,,,,Y,,D,22,0,0,1,0,0,0,0,0,0,"- ","- ",39.668041229248047,-121.74703216552734,BUTTE,UNINCORPORATED,-121.74703979492188,39.66802978515625
91627621,2021,2021-11-17,9240,2021-11-08,1742,019060,,1,2,9,0400,0,3,5,,2,020,"LARKIN ROAD","PRATHER RD",430.00,N,N,B,-,N,,,,,,,,,,Y,4,0,1,2,A,-,03,22350,,N,C,J,A,A,H,-,D,D,0,,,,,Y,,A,01,0,0,1,0,0,0,0,0,0,"- ","- ",39.374080657958984,-121.65998840332031,BUTTE,UNINCORPORATED,-121.66000366210938,39.373970031738281
91627654,2021,2021-11-17,9240,2021-11-14,1315,017532,,7,1,9,0400,0,1,3,,2,031,SR-70,"SR-162 UNDERCROSSING",100.00,S,N,A,-,Y,,,,,,,,,,Y,4,0,1,2,A,-,21,22106,,M,E,I,A,A,H,-,A,D,0,,,,,Y,,D,22,0,0,1,0,0,0,0,0,0,"- ","- ",39.49761962890625,-121.57537841796875,BUTTE,UNINCORPORATED,,
91628785,2021,2021-11-18,9241,2021-11-17,1708,019972,,3,2,9,0400,0,1,3,,2,100,"SR-99 N/B","MUD CREEK",425.00,S,N,A,-,Y,,,99,,,,,,N,Y,4,0,1,4,A,-,03,22350,,N,C,C,A,A,H,-,D,D,0,,,,,Y,,A,07,0,0,1,0,0,0,0,0,0,"- ","- ",39.783031463623047,-121.88381958007812,BUTTE,UNINCORPORATED,-121.88379669189453,39.783061981201172
91630386,2021,2022-05-16,9240,2021-11-08,2247,019256,,1,3,9,0400,0,1,3,,1,021,SR-99,"WRIGHT AVE.",137.00,N,N,B,C,Y,,,99,,,,,,,Y,1,1,0,2,A,-,08,22107,,N,D,C,A,B,H,-,D,D,0,,,,Y,Y,,A,01,0,0,0,0,0,0,0,0,0,"- ","- ",39.338188171386719,-121.68431854248047,BUTTE,UNINCORPORATED,-121.68435668945312,39.338176727294922
91630569,2021,2021-11-19,9240,2021-11-11,0943,017062,,4,1,9,0400,0,3,5,,2,010,"LARKIN RD.","CENTER AVE.",34.00,N,N,A,-,N,,,,,,,,,,Y,3,0,2,2,A,-,03,22350,,N,C,C,A,A,H,-,A,D,0,,,,,Y,,A,07,0,1,1,0,0,0,0,0,0,"- ","- ",39.338180541992188,-121.66000366210938,BUTTE,UNINCORPORATED,-121.65998077392578,39.338172912597656
91631801,2021,2021-11-22,9241,2021-11-17,2130,019972,,3,2,9,0400,0,1,3,,1,060,SR-32,"HUMBOLDT RD.",1960.00,W,N,A,-,Y,,,32,,,,,,,Y,4,0,1,1,A,-,08,22107,,N,E,J,A,A,H,-,D,A,0,,,,,Y,,D,22,0,0,1,0,0,0,0,0,0,"- ","- ",39.757030487060547,-121.73706817626953,BUTTE,UNINCORPORATED,-121.73713684082031,39.757053375244141