CASE_ID,ACCIDENT_YEAR,PROC_DATE,JURIS,COLLISION_DATE,COLLISION_TIME,OFFICER_ID,REPORTING_DISTRICT,DAY_OF_WEEK,CHP_SHIFT,POPULATION,CNTY_CITY_LOC,SPECIAL_COND,BEAT_TYPE,CHP_BEAT_TYPE,CITY_DIVISION_LAPD,CHP_BEAT_CLASS,BEAT_NUMBER,PRIMARY_RD,SECONDARY_RD,DISTANCE,DIRECTION,INTERSECTION,WEATHER_1,WEATHER_2,STATE_HWY_IND,CALTRANS_COUNTY,CALTRANS_DISTRICT,STATE_ROUTE,ROUTE_SUFFIX,POSTMILE_PREFIX,POSTMILE,LOCATION_TYPE,RAMP_INTERSECTION,SIDE_OF_HWY,TOW_AWAY,COLLISION_SEVERITY,NUMBER_KILLED,NUMBER_INJURED,PARTY_COUNT,PRIMARY_COLL_FACTOR,PCF_CODE_OF_VIOL,PCF_VIOL_CATEGORY,PCF_VIOLATION,PCF_VIOL_SUBSECTION,HIT_AND_RUN,TYPE_OF_COLLISION,MVIW,PED_ACTION,ROAD_SURFACE,ROAD_COND_1,ROAD_COND_2,LIGHTING,CONTROL_DEVICE,CHP_ROAD_TYPE,PEDESTRIAN_ACCIDENT,BICYCLE_ACCIDENT,MOTORCYCLE_ACCIDENT,TRUCK_ACCIDENT,NOT_PRIVATE_PROPERTY,ALCOHOL_INVOLVED,STWD_VEHTYPE_AT_FAULT,CHP_VEHTYPE_AT_FAULT,COUNT_SEVERE_INJ,COUNT_VISIBLE_INJ,COUNT_COMPLAINT_PAIN,COUNT_PED_KILLED,COUNT_PED_INJURED,COUNT_BICYCLIST_KILLED,COUNT_BICYCLIST_INJURED,COUNT_MC_KILLED,COUNT_MC_INJURED,PRIMARY_RAMP,SECONDARY_RAMP,LATITUDE,LONGITUDE,COUNTY,CITY,POINT_X,POINT_Y
91632384,2021,2021-11-22,9240,2021-11-05,2108,020376,,5,2,9,0400,0,1,3,,1,011,"SR-70 S/B","LOWER HONCUT ROAD",1637.00,S,N,A,-,Y,,,,,,,,,,Y,2,0,2,3,A,-,03,22350,,F,C,C,A,A,D,-,D,A,0,,,,,Y,,A,07,2,0,0,0,0,0,0,0,0,"- ","- ",39.316268920898438,-121.59581756591797,BUTTE,UNINCORPORATED,-121.59585571289062,39.316429138183594
91632605,2021,2021-11-23,9240,2021-11-19,1735,021137,,5,2,9,0400,0,3,5,,2,010,"HURLETON SWEDES FLAT","GRAND OAK DR",823.00,S,N,B,-,N,,,,,,,,,,Y,4,0,1,1,A,-,08,22107,,N,F,I,A,A,H,-,D,D,0,,,,,Y,,D,22,0,0,1,0,0,0,0,0,0,"- ","- ",39.484439849853516,-121.38551330566406,BUTTE,UNINCORPORATED,-121.38552093505859,39.484466552734375
91634172,2021,2021-11-24,9241,2021-11-22,1830,016360,,1,2,5,0402,0,1,3,,2,100,"SR-99 N/B","E. 1ST AVE",140.00,S,N,A,-,Y,,,99,,,,,,N,N,4,0,1,2,A,-,03,22350,,M,C,C,A,A,H,-,C,D,0,,,,,Y,Y,-,99,0,0,1,0,0,0,0,0,0,"- ","- ",39.745128631591797,-121.83091735839844,BUTTE,CHICO,-121.83099365234375,39.745040893554688
91634596,2021,2023-01-30,9241,2021-09-21,0755,017114,,2,1,5,0402,0,1,3,,2,100,"SR-99 N/B","E. 5TH AVE. UNDERCROSSING",701.00,N,N,A,-,Y,,,99,,,,,,N,Y,1,1,0,2,A,-,07,21658,A,F,E,I,A,A,H,-,A,D,0,,,,,Y,,-,99,0,0,0,0,0,0,0,0,0,"- ","- ",39.749931335449219,-121.83751678466797,BUTTE,CHICO,-121.83753204345703,39.749908447265625
91637304,2021,2021-11-29,9241,2021-11-27,0810,017170,,6,1,9,0400,0,1,3,,2,100,SR-99,"GARNER LANE",20.00,N,N,A,-,Y,,,99,,,,,,,N,3,0,1,2,A,-,03,22350,,N,C,C,A,A,H,-,A,A,0,,,,,Y,,A,01,0,1,0,0,0,0,0,0,0,"- ","- ",39.790378570556641,-121.89154815673828,BUTTE,UNINCORPORATED,-121.89151000976562,39.790416717529297
91637547,2021,2021-11-30,9240,2021-11-17,1445,019055,,3,2,9,0400,0,3,5,,2,010,"LONE TREE RD","CIRCLE G RANCH ROAD",2112.00,N,N,A,-,N,,,,,,,,,,Y,4,0,1,1,A,-,08,22107,,N,E,I,A,A,H,-,A,D,0,,,,,Y,,A,07,0,0,1,0,0,0,0,0,0,"- ","- ",39.406379699707031,-121.57669830322266,BUTTE,UNINCORPORATED,-121.57661437988281,39.406867980957031
91638341,2021,2021-11-30,9240,2021-11-27,1435,019653,,6,2,9,0400,0,1,3,,2,041,SR-162,"LOST HORIZON DR",600.00,E,N,A,-,Y,,,162,,,,,,,Y,2,0,1,1,C,-,18,,,N,H,H,A,A,H,-,A,D,0,,,Y,,Y,,-,"- ",1,0,0,0,0,0,0,0,1,"- ","- ",39.509490966796875,-121.44972229003906,BUTTE,UNINCORPORATED,-121.44976043701172,39.509498596191406
91641097,2021,2021-12-02,9241,2021-12-01,0615,017114,,3,1,5,0402,0,1,3,,2,100,"SR-99 S/B","EATON RD.",1584.00,S,N,A,-,Y,,,99,,,,,,S,Y,3,0,1,2,A,-,07,21658,A,N,E,I,A,A,H,-,D,D,0,,,,,Y,,D,22,0,1,0,0,0,0,0,0,0,"- ","- ",39.771209716796875,-121.86949157714844,BUTTE,CHICO,-121.86949157714844,39.771205902099609
91642215,2021,2021-12-03,9240,2021-11-26,0242,020170,,5,3,9,0400,0,1,3,,2,034,SR-149,"SR-149 NB TO SR-99 SB OVER CROSS",152.00,S,N,A,-,Y,,,149,,,,,,,N,3,0,1,1,A,-,08,22107,,M,F,A,A,A,H,-,D,D,0,,,,,Y,,A,08,0,1,0,0,0,0,0,0,0,"- ","- ",39.620620727539062,-121.69106292724609,BUTTE,UNINCORPORATED,-121.6910400390625,39.620651245117188
91642242,2021,2021-12-03,9240,2021-11-29,2055,018967,,1,2,9,0400,0,3,5,,2,010,"FOOTHILL BLVD","LOWER WYANDOTTE RD",1200.00,S,N,A,-,N,,,,,,,,,,Y,2,0,1,1,A,-,01,23152,A,N,E,I,A,A,H,-,D,D,0,,,Y,,Y,Y,C,02,1,0,0,0,0,0,0,0,1,"- ","- ",39.460651397705078,-121.47796630859375,BUTTE,UNINCORPORATED,-121.47798919677734,39.460720062255859
91642342,2021,2021-12-03,9240,2021-11-29,2115,019842,,1,2,9,0400,0,3,5,,2,010,"OPHIR ROAD","LINCOLN BLVD",0.00,,Y,A,-,N,,,,,,,,,,Y,3,0,2,2,A,-,01,23153,F,F,D,C,A,A,H,-,C,A,0,,,,,Y,,A,07,0,1,1,0,0,0,0,0,0,"- ","- ",39.46575927734375,-121.54942321777344,BUTTE,UNINCORPORATED,-121.54935455322266,39.465801239013672
91643409,2021,2021-12-06,9240,2021-11-25,1915,019060,,4,2,9,0400,0,1,3,,1,021,SR-99,"PERRY AVE",0.00,,Y,A,-,Y,,,99,,,,,,,Y,4,0,1,2,A,-,09,21802,A,N,D,C,A,A,H,-,D,A,0,,,Y,,Y,,A,01,0,0,1,0,0,0,0,0,1,"- ","- ",39.403339385986328,-121.68800354003906,BUTTE,UNINCORPORATED,-121.68801879882812,39.403339385986328
91643681,2021,2021-12-06,9241,2021-11-30,1925,018879,,2,2,9,0400,0,1,3,,2,080,"SR-32 W/B","MERIDIAN RD",66.00,W,N,A,-,Y,,,32,,,,,,W,Y,3,0,5,2,A,-,01,23152,A,N,C,C,A,B,H,-,D,D,0,,,,,Y,Y,A,01,0,3,2,0,0,0,0,0,0,"- ","- ",39.753341674804688,-121.91954803466797,BUTTE,UNINCORPORATED,-121.91954803466797,39.753345489501953
91643752,2021,2021-12-06,9241,2021-12-04,1710,015529,,6,2,9,0400,0,2,4,,2,070,SKYWAY,"WYCLIFF WAY",32.00,S,N,A,-,N,,,,,,,,,,N,2,0,1,2,A,-,11,21954,A,N,G,B,D,A,H,-,C,D,0,Y,,,,Y,,N,60,1,0,0,0,1,0,0,0,0,"- ","- ",39.833740234375,-121.59686279296875,BUTTE,UNINCORPORATED,-121.59700775146484,39.833946228027344
91647882,2021,2021-12-09,9241,2021-12-07,2243,019093,,2,3,9,0400,0,2,4,,2,064,"DAYTON RD","RODGERS AVENUE",1014.00,S,N,A,-,N,,,,,,,,,,Y,3,0,3,2,A,-,01,23152,A,F,C,C,A,A,H,-,D,D,0,,,,,Y,,A,01,0,2,1,0,0,0,0,0,0,"- ","- ",36.692981719970703,-121.85247802734375,BUTTE,UNINCORPORATED,-121.85205841064453,39.693809509277344
91650870,2021,2021-12-13,9241,2021-12-12,1530,015529,,7,2,9,0400,0,2,4,,2,070,SKYWAY,"DAM SPILLWAY",147.00,N,N,B,C,N,,,,,,,,,,Y,4,0,1,2,A,-,03,22350,,N,B,C,A,B,H,-,A,D,0,,,,,Y,,A,07,0,0,1,0,0,0,0,0,0,"- ","- ",39.815299987792969,-121.58267211914062,BUTTE,UNINCORPORATED,,
91650883,2021,2021-12-13,9241,2021-12-07,0745,018796,,2,1,9,0400,0,2,4,,2,090,SKYWAY,"1829 SKYWAY",223.00,W,N,B,-,N,,,,,,,,,,Y,3,0,1,1,A,-,08,22107,,N,F,I,A,B,H,-,A,D,0,,,Y,,Y,,C,02,0,1,0,0,0,0,0,0,1,"- ","- ",39.703250885009766,-121.77068328857422,BUTTE,UNINCORPORATED,,
91650903,2021,2021-12-13,9240,2021-12-01,1258,017760,,3,1,9,0400,0,1,3,,1,011,"SR-70 E/B","JEM ROAD",195.00,N,N,A,-,Y,,,70,,,,,,E,Y,3,0,1,2,A,-,01,23152,A,N,E,J,A,A,D,-,A,D,0,,,,,Y,Y,A,01,0,1,0,0,0,0,0,0,0,"- ","- ",39.331928253173828,-121.59770202636719,BUTTE,UNINCORPORATED,-121.59763336181641,39.331939697265625
91654188,2021,2021-12-16,9241,2021-12-14,0555,014900,,2,3,9,0400,0,1,3,,2,091,"SR-99 N/B","COTTONWOOD RD.",669.00,N,N,B,C,Y,,,99,,,,,,N,Y,3,0,1,1,A,-,01,23152,A,N,E,I,A,B,H,-,D,D,0,,,,,Y,Y,A,01,0,1,0,0,0,0,0,0,0,"- ","- ",39.555389404296875,-121.68869781494141,BUTTE,UNINCORPORATED,-121.68873596191406,39.555389404296875
91655006,2021,2021-12-17,9241,2021-12-15,0105,018796,,3,3,5,0402,0,1,3,,2,080,"SR-99 S/B",SR-32,2000.00,N,N,C,-,Y,,,99,,,,,,S,Y,4,0,1,2,A,-,07,21658,A,N,D,C,A,B,H,-,A,D,0,,,,,Y,,A,01,0,0,1,0,0,0,0,0,0,"- ","- ",39.740528106689453,-121.82501983642578,BUTTE,CHICO,-121.82511901855469,39.740398406982422
91655433,2021,2021-12-17,9240,2021-12-12,1824,019060,,7,2,9,0400,0,1,3,,1,021,SR-99,"WRIGHT AVE",0.00,,Y,B,C,Y,,,99,,,,,,,Y,2,0,1,2,A,-,01,23152,A,N,D,C,A,B,H,-,D,D,0,,,,,Y,Y,A,01,1,0,0,0,0,0,0,0,0,"- ","- ",39.337779998779297,-121.68418884277344,BUTTE,UNINCORPORATED,-121.6842041015625,39.337772369384766
91656237,2021,2021-12-20,9241,2021-12-12,1055,017170,,7,1,9,0400,0,1,3,,1,060,SR-32,"SANTOS RANCH RD.",1056.00,W,N,C,-,Y,,,32,,,,,,,Y,4,0,1,1,A,-,08,22107,,N,E,I,A,B,H,-,A,D,0,,,,,Y,,A,01,0,0,1,0,0,0,0,0,0,"- ","- ",39.786800384521484,-121.72441864013672,BUTTE,UNINCORPORATED,-121.72445678710938,39.786838531494141
91656608,2021,2021-12-20,9241,2021-12-17,1000,017170,,5,1,9,0400,0,1,3,,2,091,SR-99,"NELSON SHIPPEE RD.",1584.00,N,N,E,-,Y,,,99,,,,,,,Y,3,0,1,2,A,-,03,22350,,N,C,C,A,A,H,-,A,D,0,,,,,Y,,A,01,0,1,0,0,0,0,0,0,0,"- ","- ",39.543510437011719,-121.68881225585938,BUTTE,UNINCORPORATED,-121.688720703125,39.543510437011719
91656763,2021,2021-12-20,9240,2021-12-16,2001,019653,,4,2,9,0400,0,3,5,,2,010,"ORO BANGOR HWY","LA PORTE RD",761.00,N,N,B,-,N,,,,,,,,,,Y,2,0,1,1,A,-,01,23152,A,N,E,I,A,B,H,-,C,D,0,,,,,Y,Y,A,01,1,0,0,0,0,0,0,0,0,"- ","- ",39.389621734619141,-121.40709686279297,BUTTE,UNINCORPORATED,,
91658108,2021,2021-12-21,9241,2021-12-13,1205,014900,,1,1,9,0400,0,3,5,,2,008,"HEGAN LN.","OTTERSON DR.",0.00,,Y,B,C,N,,,,,,,,,,Y,3,0,1,3,A,-,06,21755,A,N,B,C,A,A,H,-,A,D,0,,,,Y,Y,,A,07,0,1,0,0,0,0,0,0,0,"- ","- ",39.704738616943359,-121.81607818603516,BUTTE,UNINCORPORATED,-121.81591796875,39.704643249511719
91659838,2021,2021-12-23,9240,2021-02-12,2030,019710,,5,2,9,0400,0,1,3,,2,022,"STATE ROUTE 162",MIDWAY,0.00,,Y,B,-,Y,,,162,,,,,,,Y,1,1,6,2,A,-,12,22450,A,N,D,C,A,B,H,-,D,A,0,,,,,Y,,A,01,4,2,0,0,0,0,0,0,0,"- ","- ",39.464740753173828,-121.74588775634766,BUTTE,UNINCORPORATED,-121.74588775634766,39.464752197265625
91661090,2021,2021-12-24,9240,2021-12-18,0153,020376,,6,3,9,0400,0,1,3,,2,034,"SR-149 S/B","SHIPPEE ROAD",3696.00,S,N,E,-,Y,,,149,,,,,,S,Y,3,0,3,2,A,-,01,23152,A,N,C,C,A,B,H,-,D,D,0,,,,,Y,Y,A,01,0,2,1,0,0,0,0,0,0,"- ","- ",39.596538543701172,-121.65202331542969,BUTTE,UNINCORPORATED,-121.65202331542969,39.596527099609375
91662198,2021,2021-12-27,9241,2021-12-22,1755,021256,,3,2,9,0400,0,2,4,,2,086,"ORD FERRY RD","BURNHAM CAMP RD",1109.00,W,N,B,-,N,,,,,,,,,,Y,4,0,1,1,A,-,08,22107,,N,E,I,A,B,H,-,D,D,0,,,,,Y,,A,01,0,0,1,0,0,0,0,0,0,"- ","- ",39.37506103515625,-121.55561065673828,BUTTE,UNINCORPORATED,-121.93219757080078,39.6307373046875
91665823,2021,2021-12-29,9241,2021-12-28,1500,015529,,2,2,9,0400,0,2,4,,2,070,"DOGTOWN RD",SKYWA,30.00,N,N,B,C,N,,,,,,,,,,N,4,0,1,2,A,-,08,22107,,N,C,C,A,B,H,-,A,D,0,,,Y,,Y,,A,07,0,0,1,0,0,0,0,0,1,"- ","- ",39.814521789550781,-121.58473968505859,BUTTE,UNINCORPORATED,-121.59611511230469,39.830844879150391
91672918,2021,2022-01-06,9240,2021-12-27,1135,015532,,1,1,9,0400,0,3,5,,2,010,"SWEDES FLAT RD","ROBINSON MILL RD",2856.00,W,N,B,-,N,,,,,,,,,,Y,4,0,2,2,A,-,05,21650,,M,A,C,A,A,H,-,A,D,0,,,,,Y,,-,99,0,0,2,0,0,0,0,0,0,"- ","- ",39.442920684814453,-121.35900115966797,BUTTE,UNINCORPORATED,-121.35970306396484,39.443214416503906
9216284,2021,2021-03-04,0402,2021-01-18,0700,66/3272,,1,5,5,0402,0,0,0,,0,004,"NOTRE DAME BL","E 20TH ST",29.00,S,N,A,-,N,,,,,,,,,,Y,4,0,1,2,A,-,03,22350,,M,D,D,A,A,H,-,A,A,0,,,,,Y,,D,22,0,0,1,0,0,0,0,0,0,"- ","- ",,,BUTTE,CHICO,-121.79629516601562,39.727218627929688
9217699,2021,2021-03-15,0402,2021-01-17,1308,35-00363,0402,7,5,5,0402,0,0,0,,0,002,"BROADWAY ST","1ST ST",0.00,,Y,A,-,N,,,,,,,,,,Y,4,0,1,2,A,-,03,22350,,N,C,C,A,A,H,-,A,A,0,,,,,Y,,A,07,0,0,1,0,0,0,0,0,0,"- ","- ",39.73052978515625,-121.842041015625,BUTTE,CHICO,-121.84207153320312,39.730464935302734
9217700,2021,2021-03-15,0402,2021-01-02,0341,2452,0402,6,5,5,0402,0,0,0,,0,005,"EAST LASSEN AVE","RAFAEL ST",0.00,,Y,A,-,N,,,,,,,,,,N,4,0,1,3,A,-,01,23152,G,N,B,E,A,A,H,-,C,D,0,,,,,Y,Y,A,01,0,0,1,0,0,0,0,0,0,"- ","- ",,,BUTTE,CHICO,-121.86360931396484,39.762271881103516
9217701,2021,2021-03-23,0402,2021-01-16,1916,P02023,,6,5,5,0402,0,0,0,,0,003,MIDWAY,"MIDWAY 11254",0.00,,N,A,-,N,,,,,,,,,,Y,3,0,1,1,A,-,03,22350,,N,E,I,A,A,H,-,C,D,0,,,,,Y,,-,,0,1,0,0,0,0,0,0,0,"- ","- ",39.711761474609375,-121.81185150146484,BUTTE,CHICO,-116.78150177001953,32.835952758789062
9221754,2021,2021-02-23,0402,2021-01-31,0721,P00837,35,7,5,5,0402,0,0,0,,0,005,"COHASSET RD","E BOEING AV",830.00,S,N,A,-,N,,,,,,,,,,Y,3,0,1,1,A,-,08,22107,,N,E,I,A,A,H,-,A,D,0,,,,,Y,,A,07,0,1,0,0,0,0,0,0,0,"- ","- ",,,BUTTE,CHICO,-121.84426879882812,39.795581817626953
9222075,2021,2021-03-19,0403,2021-02-24,1937,P204,,3,5,2,0403,0,0,0,,0,,"RT 99","MAGNOLIA ST",0.00,,Y,A,-,Y,BUT,3,99,-,-,4.121,I,5,S,N,3,0,2,2,A,-,12,21453,A,N,D,C,A,A,H,-,C,A,0,,,,,Y,,A,01,0,1,1,0,0,0,0,0,0,"- ","- ",39.363548278808594,-121.68831634521484,BUTTE,GRIDLEY,-121.68791198730469,39.363212585449219
9225161,2021,2021-03-18,0402,2021-01-13,0441,3827,0402,3,5,5,0402,0,0,0,,0,002,"WALNUT ST","W 5TH ST",0.00,,Y,A,-,N,,,32,,,,,,,Y,4,0,1,2,A,-,01,23152,A,N,C,C,A,A,H,-,C,A,0,,,,,Y,Y,-,,0,0,1,0,0,0,0,0,0,"- ","- ",39.721958160400391,-121.84718322753906,BUTTE,CHICO,-121.84719848632812,39.721942901611328
9225595,2021,2021-03-23,0402,2021-01-31,0858,P02539,15,7,5,5,0402,0,0,0,,0,006,"W EAST AV","W EAST AV 211",0.00,,Y,C,-,N,,,,,,,,,,Y,3,0,1,2,A,-,01,23152,B,N,D,C,A,B,H,-,A,A,0,,,,,Y,Y,D,22,0,1,0,0,0,0,0,0,0,"- ","- ",,,BUTTE,CHICO,-121.86139678955078,39.756717681884766
9229366,2021,2021-03-23,0402,2021-01-25,1758,953942,0402,1,5,5,0402,0,0,0,,0,516,ESPLANADE,"GARNER LN",0.00,,N,A,-,N,,,,,,,,,,N,4,0,1,2,A,-,17,24250,,N,A,C,A,A,-,-,D,D,0,,,,,Y,,-,,0,0,1,0,0,0,0,0,0,"- ","- ",,,BUTTE,CHICO,-121.89094543457031,39.785518646240234
9231009,2021,2021-03-19,0405,2021-01-27,1642,NIC02,6N,3,5,4,0405,0,0,0,,0,00N,"SKYWAY DR","CENTER ST",65.00,S,N,C,-,N,,,,,,,,,,Y,3,0,2,2,A,-,09,21804,A,N,D,C,A,B,G,-,A,D,0,,,,,Y,,A,01,0,1,1,0,0,0,0,0,0,"- ","- ",37.763580322265625,-121.62117004394531,BUTTE,PARADISE,-121.62088775634766,39.763408660888672
9234115,2021,2021-04-05,0402,2021-01-19,0806,P03283,,2,5,5,0402,0,0,0,,0,,"SPRINGFIELD DR","CHRISTOPHER ALAN LN",340.00,W,N,A,-,N,,,,,,,,,,Y,3,0,1,1,A,-,08,22107,,N,E,I,A,A,H,-,A,D,0,,,,Y,Y,,F,26,0,1,0,0,0,0,0,0,0,"- ","- ",,,BUTTE,CHICO,-121.80892181396484,39.732486724853516
9234116,2021,2021-03-23,0402,2021-02-07,0116,P00503,78,7,5,5,0402,0,0,0,,0,004,"E 20TH ST","FOREST AV",26.00,S,N,A,-,N,,,,,,,,,,Y,3,0,2,2,D,-,00,,,N,D,C,A,A,H,-,C,A,0,,,,,Y,Y,-,"- ",0,2,0,0,0,0,0,0,0,"- ","- ",,,BUTTE,CHICO,-121.80149078369141,39.727279663085938
9234758,2021,2021-04-07,0402,2021-02-09,1450,P03283,,2,5,5,0402,0,0,0,,0,,ESPLANADE,"COHASSET RD",115.00,S,N,A,-,N,,,,,,,,,,Y,3,0,1,2,A,-,21,22106,,N,F,C,A,A,H,-,A,D,0,,,,,Y,,A,07,0,1,0,0,0,0,0,0,0,"- ","- ",,,BUTTE,CHICO,-121.85513305664062,39.750362396240234
9234880,2021,2021-04-08,0402,2021-03-06,1031,P00837,47,6,5,5,0402,0,0,0,,0,006,"ESPLANADE AV","EATON RD",180.00,N,N,A,-,N,,,,,,,,,,N,4,0,1,2,A,-,01,23152,A,N,D,C,A,A,H,-,A,D,0,,,,,Y,Y,A,01,0,0,1,0,0,0,0,0,0,"- ","- ",,,BUTTE,CHICO,-121.8773193359375,39.772663116455078
9235674,2021,2021-03-12,0402,2021-01-20,0937,P03283,,3,5,5,0402,0,0,0,,0,,"W 2ND ST","CHESTNUT ST",0.00,,Y,A,-,N,,,,,,,,,,Y,3,0,1,2,A,-,03,22350,,N,C,C,A,A,H,-,A,A,0,,,,,Y,,A,01,0,1,0,0,0,0,0,0,0,"- ","- ",,,BUTTE,CHICO,-121.84401702880859,39.727825164794922
9235897,2021,2021-03-20,0402,2021-02-11,0007,58,61,4,5,5,0402,0,0,0,,0,002,"IVY ST","IVY ST 1026",0.00,,-,B,-,N,,,,,,,,,,Y,3,0,1,1,A,-,03,22350,,N,A,I,A,A,-,-,C,D,0,,,,,Y,,-,,0,1,0,0,0,0,0,0,0,"- ","- ",39.720359802246094,-121.83904266357422,BUTTE,CHICO,-116.98252868652344,32.729389190673828
9236046,2021,2021-03-29,0402,2021-02-11,2113,1973,,4,5,5,0402,0,0,0,,0,006,"MANGROVE AV","VALLOMBROSA AV",241.00,N,N,B,-,N,,,,,,,,,,N,2,0,1,2,A,-,11,21954,A,N,G,B,D,A,H,-,C,D,0,Y,,,,Y,,N,60,1,0,0,0,1,0,0,0,0,"- ","- ",,,BUTTE,CHICO,-121.83563995361328,39.734649658203125
9236047,2021,2021-03-29,0402,2021-02-24,1858,1973,,3,5,5,0402,0,0,0,,0,005,"FLORAL AV","EAST AV",0.00,,Y,A,-,N,,,,,,,,,,Y,4,0,1,2,A,-,09,21801,A,N,A,C,A,A,H,-,C,A,0,,,,,Y,,A,01,0,0,1,0,0,0,0,0,0,"- ","- ",,,BUTTE,CHICO,-121.82930755615234,39.761020660400391
9236048,2021,2021-03-29,0402,2021-02-07,2308,P03272,18,7,5,5,0402,0,0,0,,0,001,"NORD AV","WEST 8TH AV",1605.00,S,N,A,-,N,,,,,,,,,,Y,3,0,1,1,A,-,01,23152,A,N,E,I,A,A,H,-,C,D,0,,,,,Y,Y,A,07,0,1,0,0,0,0,0,0,0,"- ","- ",,,BUTTE,CHICO,-121.86446380615234,39.733577728271484
9236337,2021,2021-03-27,0402,2021-02-04,2054,4137,,4,5,5,0402,0,0,0,,0,003,"E 20TH ST","PARK AV",0.00,,Y,A,-,N,,,,,,,,,,Y,4,0,1,2,A,-,12,21453,A,N,A,C,A,A,H,-,C,A,0,,,,,Y,,A,01,0,0,1,0,0,0,0,0,0,"- ","- ",,,BUTTE,CHICO,-121.8233642578125,39.719356536865234
9236898,2021,2021-04-01,0402,2021-02-16,1259,20,,2,5,5,0402,0,0,0,,0,003,"PARK AV","E 20TH ST",0.00,,Y,A,-,N,,,,,,,,,,N,4,0,1,3,A,-,03,22350,,N,C,C,A,A,H,-,A,A,0,,,,,Y,,D,22,0,0,1,0,0,0,0,0,0,"- ","- ",,,BUTTE,CHICO,-121.8233642578125,39.719356536865234
9238102,2021,2021-03-26,0402,2021-02-28,2358,P00503,,7,5,5,0402,0,0,0,,0,,"W 3RD ST","CEDAR ST",71.00,W,N,A,-,N,,,,,,,,,,Y,2,0,1,2,A,-,07,21658,A,N,C,E,A,A,H,-,C,D,0,,,,,Y,Y,A,01,1,0,0,0,0,0,0,0,0,"- ","- ",,,BUTTE,CHICO,-121.84809112548828,39.723880767822266
9238104,2021,2021-04-01,0402,2021-02-25,1705,P01958,,4,5,5,0402,0,0,0,,0,,"COHASSET RD","RT 99",0.00,,Y,A,-,Y,BUT,3,99,-,R,34.098,R,4,N,N,3,0,1,2,A,-,04,21703,,N,C,C,A,A,H,-,A,A,0,,,,,Y,,A,01,0,1,0,0,0,0,0,0,0,"- ",NF,,,BUTTE,CHICO,-121.84281921386719,39.753005981445312
9239106,2021,2021-04-26,0402,2021-03-18,1415,P03283,,4,5,5,0402,0,0,0,,0,,"FOREST AV","SPRINGFIELD DR",0.00,,Y,C,-,N,,,,,,,,,,Y,3,0,1,2,A,-,09,21801,A,N,D,C,A,B,H,-,A,A,0,,,,,Y,,A,07,0,1,0,0,0,0,0,0,0,"- ","- ",,,BUTTE,CHICO,-121.80207061767578,39.734809875488281
9239110,2021,2021-05-04,0402,2021-03-17,1712,3815/65,,3,5,5,0402,0,0,0,,0,006,ESPLANADE,"MENLO WY",0.00,,Y,B,-,N,,,,,,,,,,Y,3,0,1,2,A,-,09,21800,A,N,-,C,A,A,H,-,A,A,0,,,,,Y,,-,,0,1,0,0,0,0,0,0,0,"- ","- ",,,BUTTE,CHICO,-121.85691833496094,39.752197265625
9239400,2021,2021-04-22,0402,2021-03-20,2008,0643,0402,6,5,5,0402,0,0,0,,0,004,SKYWAY,"NOTRE DAME BL",0.00,,Y,A,-,N,,,,,,,,,,N,4,0,1,2,A,-,12,21453,A,N,D,G,A,A,H,-,C,A,0,,Y,,,Y,,L,04,0,0,1,0,0,0,1,0,0,"- ","- ",,,BUTTE,CHICO,-121.79529571533203,39.714912414550781
9240521,2021,2021-04-23,0403,2021-02-25,2500,P74,G,4,5,2,0403,0,0,0,,0,,"RT 99","CHERRY ST",0.00,,Y,A,-,Y,BUT,3,99,-,R,3.950,H,-,N,N,3,0,1,2,A,-,09,21804,,N,D,G,A,A,H,-,A,D,0,,Y,,,Y,,A,01,0,1,0,0,0,0,1,0,0,"- ","- ",39.361061096191406,-121.68742370605469,BUTTE,GRIDLEY,-121.68789672851562,39.360679626464844
9241622,2021,2021-04-07,0402,2021-03-12,1755,0493,0402,5,5,5,0402,0,0,0,,0,006,"MANGROVE AV","E 3RD AV",336.00,S,N,A,-,N,,,,,,,,,,N,4,0,1,2,A,-,09,21804,A,M,H,G,A,-,H,-,A,D,0,,Y,,,Y,,A,01,0,0,1,0,0,0,1,0,0,"- ","- ",,,BUTTE,CHICO,-121.83875274658203,39.742527008056641
9242970,2021,2021-04-15,0404,2021-03-12,0651,694,E,5,5,3,0404,0,0,0,,0,00E,"BOYNTON AV","GAWTHORNE AV",275.00,S,N,A,-,N,,,,,,,,,,Y,4,0,1,2,A,-,08,22107,,N,B,C,A,A,H,-,A,D,0,,,,,Y,,A,01,0,0,1,0,0,0,0,0,0,"- ","- ",39.512729644775391,-121.54100799560547,BUTTE,OROVILLE,-121.54062652587891,39.512855529785156
9242971,2021,2021-04-15,0404,2021-03-08,1153,686,W,1,5,3,0404,0,0,0,,0,00W,"WASHINGTON AV","MITCHELL AV",0.00,,Y,A,-,N,,,,,,,,,,Y,3,0,2,2,A,-,00,21451,,N,D,C,A,A,H,-,A,A,0,,,,,Y,,A,01,0,2,0,0,0,0,0,0,0,"- ","- ",39.508419036865234,-121.54712677001953,BUTTE,OROVILLE,-121.54714965820312,39.508407592773438