CASE_ID,ACCIDENT_YEAR,PROC_DATE,JURIS,COLLISION_DATE,COLLISION_TIME,OFFICER_ID,REPORTING_DISTRICT,DAY_OF_WEEK,CHP_SHIFT,POPULATION,CNTY_CITY_LOC,SPECIAL_COND,BEAT_TYPE,CHP_BEAT_TYPE,CITY_DIVISION_LAPD,CHP_BEAT_CLASS,BEAT_NUMBER,PRIMARY_RD,SECONDARY_RD,DISTANCE,DIRECTION,INTERSECTION,WEATHER_1,WEATHER_2,STATE_HWY_IND,CALTRANS_COUNTY,CALTRANS_DISTRICT,STATE_ROUTE,ROUTE_SUFFIX,POSTMILE_PREFIX,POSTMILE,LOCATION_TYPE,RAMP_INTERSECTION,SIDE_OF_HWY,TOW_AWAY,COLLISION_SEVERITY,NUMBER_KILLED,NUMBER_INJURED,PARTY_COUNT,PRIMARY_COLL_FACTOR,PCF_CODE_OF_VIOL,PCF_VIOL_CATEGORY,PCF_VIOLATION,PCF_VIOL_SUBSECTION,HIT_AND_RUN,TYPE_OF_COLLISION,MVIW,PED_ACTION,ROAD_SURFACE,ROAD_COND_1,ROAD_COND_2,LIGHTING,CONTROL_DEVICE,CHP_ROAD_TYPE,PEDESTRIAN_ACCIDENT,BICYCLE_ACCIDENT,MOTORCYCLE_ACCIDENT,TRUCK_ACCIDENT,NOT_PRIVATE_PROPERTY,ALCOHOL_INVOLVED,STWD_VEHTYPE_AT_FAULT,CHP_VEHTYPE_AT_FAULT,COUNT_SEVERE_INJ,COUNT_VISIBLE_INJ,COUNT_COMPLAINT_PAIN,COUNT_PED_KILLED,COUNT_PED_INJURED,COUNT_BICYCLIST_KILLED,COUNT_BICYCLIST_INJURED,COUNT_MC_KILLED,COUNT_MC_INJURED,PRIMARY_RAMP,SECONDARY_RAMP,LATITUDE,LONGITUDE,COUNTY,CITY,POINT_X,POINT_Y
9244590,2021,2021-04-19,0402,2021-03-01,1622,59,0402,1,5,5,0402,0,0,0,,0,006,"EAST AV","EAST AVE 211",0.00,,-,A,-,N,,,,,,,,,,N,4,0,1,2,A,-,00,20001,A,F,-,C,A,A,H,-,A,A,0,,,,,Y,,-,"- ",0,0,1,0,0,0,0,0,0,"- ","- ",,,BUTTE,CHICO,-121.86139678955078,39.756717681884766
9244821,2021,2021-04-05,0402,2021-01-26,1922,2897,CPD,2,5,5,0402,0,0,0,,0,005,"COHASSET RD","PILLSBURY RD",67.00,N,N,C,-,N,,,,,,,,,,N,4,0,1,2,A,-,00,21703,A,F,C,C,A,B,H,-,C,A,0,,,,,Y,,-,,0,0,1,0,0,0,0,0,0,"- ","- ",,,BUTTE,CHICO,-121.84380340576172,39.758007049560547
9247162,2021,2021-04-21,0402,2021-03-27,1054,P00837,39,6,5,5,0402,0,0,0,,0,005,"FLORAL AV","EAST AV",0.00,,Y,A,-,N,,,,,,,,,,Y,3,0,3,2,A,-,09,21801,A,N,A,C,A,A,H,-,A,A,0,,,,,Y,,A,01,0,2,1,0,0,0,0,0,0,"- ","- ",,,BUTTE,CHICO,-121.82930755615234,39.761020660400391
9250230,2021,2021-04-23,0404,2021-04-01,1220,650,W,4,5,3,0404,0,0,0,,0,00W,"LINCOLN BL","ORO DAM BL",140.00,S,N,A,-,N,,,,,,,,,,N,3,0,1,3,A,-,08,22107,,N,B,C,A,A,H,-,A,A,0,,,,,Y,,A,01,0,1,0,0,0,0,0,0,0,"- ","- ",39.503749847412109,-121.55330657958984,BUTTE,OROVILLE,-121.55213165283203,39.503498077392578
9250232,2021,2021-04-23,0404,2021-04-04,0339,699,W,7,5,3,0404,0,0,0,,0,00W,"MONTGOMERY ST","OAK ST",0.00,,Y,A,-,N,,,,,,,,,,N,2,0,1,2,D,-,00,,,N,G,B,E,A,H,-,C,D,0,Y,,,,Y,,-,"- ",1,0,0,0,1,0,0,0,0,"- ","- ",39.512950897216797,-121.55877685546875,BUTTE,OROVILLE,-121.55876159667969,39.512969970703125
9251763,2021,2021-04-29,0405,2021-03-12,1446,ARC01,7S,5,5,4,0405,0,0,0,,0,00S,"CLARK RD","NUNNELEY RD",204.00,S,N,A,-,N,,,,,,,,,,Y,3,0,3,2,A,-,09,21804,,N,D,C,A,A,H,-,A,D,0,,,,,Y,,D,82,0,2,1,0,0,0,0,0,0,"- ","- ",39.755390167236328,-121.60803985595703,BUTTE,PARADISE,-121.60755157470703,39.755340576171875
9251767,2021,2021-04-22,0405,2021-03-05,1332,ARC01,6N,5,5,4,0405,0,0,0,,0,00N,SKYWAY,"LUCKY JOHN RD",204.00,N,N,A,-,N,,,,,,,,,,Y,3,0,2,2,A,-,01,23152,A,M,D,C,A,A,H,-,A,D,0,,,,,Y,Y,D,22,0,1,1,0,0,0,0,0,0,"- ","- ",39.765369415283203,-121.61679077148438,BUTTE,PARADISE,-121.61649322509766,39.765880584716797
9253341,2021,2021-04-20,0402,2021-03-11,1220,P03283,,4,5,5,0402,0,0,0,,0,,"EAST AV","PILLSBURY RD",499.00,W,N,A,-,N,,,,,,,,,,Y,2,0,2,2,A,-,01,23152,A,N,D,C,A,A,H,-,A,D,0,,,,,Y,Y,A,01,1,0,1,0,0,0,0,0,0,"- ","- ",,,BUTTE,CHICO,-121.85084533691406,39.761310577392578
9255252,2021,2021-05-10,0402,2021-04-16,1302,00837,55,5,5,5,0402,0,0,0,,0,006,ESPLANADE,"EAST AV",865.00,N,N,A,-,N,,,,,,,,,,N,3,0,1,2,A,-,09,21804,A,N,H,A,A,A,H,-,A,D,0,,,Y,,Y,,A,01,0,1,0,0,0,0,0,0,1,"- ","- ",,,BUTTE,CHICO,-121.86325836181641,39.758609771728516
9255258,2021,2021-05-10,0402,2021-04-08,1910,81/3893,,4,5,5,0402,0,0,0,,0,001,ESPLANADE,"W 6TH AV",0.00,,Y,A,-,N,,,,,,,,,,Y,4,0,2,2,A,-,09,21802,A,N,D,C,A,A,H,-,A,A,0,,,,,Y,,A,01,0,0,2,0,0,0,0,0,0,"- ","- ",,,BUTTE,CHICO,-121.84957122802734,39.743072509765625
9255259,2021,2021-05-19,0404,2021-04-10,1021,699,E,6,5,3,0404,0,0,0,,0,00E,"ORANGE AV","ACACIA AV",0.00,,Y,A,-,N,,,,,,,,,,N,3,0,1,2,A,-,12,22450,,N,H,G,A,A,H,-,A,A,0,,Y,,,Y,,L,04,0,1,0,0,0,0,1,0,0,"- ","- ",39.514778137207031,-121.55816650390625,BUTTE,OROVILLE,-121.53440093994141,39.517910003662109
9255287,2021,2021-05-21,0404,2021-04-10,0023,700,W,6,5,3,0404,0,0,0,,0,00W,"OROVILLE DAM BL E","SPENCER AV",0.00,,Y,A,-,N,,,,,,,,,,Y,4,0,1,4,A,-,09,21804,A,M,D,C,A,A,H,-,C,D,0,,,,,Y,,-,,0,0,1,0,0,0,0,0,0,"- ","- ",39.505378723144531,-121.54781341552734,BUTTE,OROVILLE,-121.54778289794922,39.505390167236328
9255681,2021,2021-05-11,0402,2021-04-14,0312,70,0402,3,5,5,0402,0,0,0,,0,003,"CYPRESS ST","HUMBOLDT AV",160.00,N,N,A,-,N,,,,,,,,,,Y,3,0,2,1,A,-,03,22350,,N,H,I,A,A,H,-,C,D,0,,,,,Y,,-,,0,2,0,0,0,0,0,0,0,"- ","- ",,,BUTTE,CHICO,-121.82808685302734,39.728130340576172
9256283,2021,2023-06-20,0404,2021-05-24,0810,686,W,1,5,3,0404,0,0,0,,0,00W,"OPHIR RD","BAGGETT PALERMO RD",0.00,,Y,A,-,N,,,,,,,,,,Y,1,1,0,1,A,-,08,22107,,N,F,A,A,A,H,-,A,A,0,,,,,Y,Y,A,01,0,0,0,0,0,0,0,0,0,"- ","- ",39.465129852294922,-121.56131744384766,BUTTE,OROVILLE,-121.56127166748047,39.465145111083984
9256318,2021,2023-06-20,0404,2021-01-25,2221,699,W,1,5,3,0404,0,0,0,,0,00W,"OROVILLE DAM BL EAST","5TH AV",0.00,,Y,A,-,N,,,162,,,,,,,Y,1,1,0,2,A,-,11,21954,A,N,G,B,D,A,H,-,C,D,0,Y,,,,Y,Y,N,60,0,0,0,1,0,0,0,0,0,"- ","- ",39.500339508056641,-121.56369781494141,BUTTE,OROVILLE,-121.56367492675781,39.500274658203125
9256436,2021,2023-06-20,0404,2021-07-11,2205,555,SS,7,5,3,0404,0,0,0,,0,0SS,"LINCOLN BL","FT WAYNE",0.00,,Y,A,-,N,,,,,,,,,,N,1,1,0,2,A,-,11,21954,A,F,G,B,D,A,H,-,C,D,0,Y,,,,Y,,N,60,0,0,0,1,0,0,0,0,0,"- ","- ",39.495491027832031,-121.55069732666016,BUTTE,OROVILLE,-121.55075836181641,39.4954833984375
9256742,2021,2021-06-21,0403,2021-05-18,2212,P209,G,2,5,2,0403,0,0,0,,0,,"RT 99","EVELYN DR",0.00,,Y,A,-,Y,BUT,3,99,-,R,3.630,H,-,N,Y,2,0,1,2,A,-,08,22107,,N,D,C,A,A,H,-,C,D,0,,,,,Y,,A,71,1,0,0,0,0,0,0,0,0,"- ","- ",39.3560791015625,-121.68797302246094,BUTTE,GRIDLEY,-121.68792724609375,39.356086730957031
9256754,2021,2021-06-21,0404,2021-05-24,1521,651,,1,5,3,0404,0,0,0,,0,003,"OROVILLE DAM BL W","14TH ST",0.00,,Y,A,-,Y,BUT,3,162,-,-,14.720,I,5,W,Y,3,0,2,3,A,-,09,21801,A,N,A,C,A,A,H,-,A,A,0,,,,,Y,,A,08,0,1,1,0,0,0,0,0,0,"- ","- ",,,BUTTE,OROVILLE,-121.59610748291016,39.498046875
9257029,2021,2021-05-19,0404,2021-05-01,0356,703,E,6,5,3,0404,0,0,0,,0,00E,"OLIVE HWY","LOWER WYANDOTTE RD",0.00,,Y,A,-,Y,BUT,3,162,-,-,18.006,I,6,E,Y,4,0,1,1,A,-,07,21658,A,M,H,J,A,A,H,-,C,A,0,,,,,Y,,-,,0,0,1,0,0,0,0,0,0,"- ","- ",39.502620697021484,-121.53900146484375,BUTTE,OROVILLE,-121.53891754150391,39.502574920654297
9257593,2021,2021-05-03,0403,2021-04-18,1729,P204,,7,5,2,0403,0,0,0,,0,,"OREGON ST","LOCUST ST",0.00,,Y,A,-,N,,,,,,,,,,Y,3,0,4,3,A,-,12,22450,A,N,D,D,A,A,H,-,A,A,0,,,,,Y,,A,01,0,2,2,0,0,0,0,0,0,"- ","- ",39.358699798583984,-121.70372009277344,BUTTE,GRIDLEY,-121.70378875732422,39.358684539794922
9258181,2021,2021-05-03,0404,2021-04-16,0000,622,W,5,5,3,0404,0,0,0,,0,00W,"FEATHER RIVER BL","OROVILLE DAM BL",0.00,,Y,A,-,N,,,162,,,,,,,N,3,0,3,2,A,-,03,22350,,N,C,C,A,A,H,-,A,D,0,,,,,Y,,-,,0,3,0,0,0,0,0,0,0,"- ","- ",39.497989654541016,-121.57193756103516,BUTTE,OROVILLE,-121.57193756103516,39.498043060302734
9259118,2021,2021-06-04,0404,2021-04-19,1841,686,E,1,5,3,0404,0,0,0,,0,00E,"OROVILLE DAM BL EAST","ORO QUINCY HWY",0.00,,Y,A,-,N,,,,,,,,,,Y,3,0,1,2,A,-,12,21453,A,N,D,C,A,A,H,-,A,A,0,,,,,Y,,A,01,0,1,0,0,0,0,0,0,0,"- ","- ",39.510520935058594,-121.54216766357422,BUTTE,OROVILLE,,
9259922,2021,2021-05-19,0402,2021-04-27,0018,58,CHICO,2,5,5,0402,0,0,0,,0,001,ESPLANADE,"5TH AV",0.00,,Y,A,-,N,,,,,,,,,,Y,4,0,2,2,A,-,12,21453,A,N,D,C,A,A,H,-,C,A,0,,,,,Y,,A,01,0,0,2,0,0,0,0,0,0,"- ","- ",39.741901397705078,-121.84880065917969,BUTTE,CHICO,-121.84880828857422,39.742000579833984
9259924,2021,2021-05-19,0402,2021-04-25,1858,79/1767,0402,7,5,5,0402,0,0,0,,0,006,"COHASSET RD","RIO LINDO AV",781.00,,N,B,-,N,,,,,,,,,,Y,3,0,1,1,A,-,03,22350,,N,E,I,A,B,H,-,A,D,0,,,,,Y,Y,A,01,0,1,0,0,0,0,0,0,0,"- ","- ",,,BUTTE,CHICO,-121.84693908691406,39.752162933349609
9261351,2021,2021-06-02,0402,2021-04-15,0015,53,,4,5,5,0402,0,0,0,,0,003,"E 9TH ST","FLUME ST",0.00,,Y,A,-,Y,BUT,3,32,-,-,9.160,H,-,E,N,3,0,1,2,A,-,01,23152,A,N,C,E,A,A,H,-,C,D,0,,,,,Y,Y,-,,0,1,0,0,0,0,0,0,0,"- ","- ",39.726310729980469,-121.83380126953125,BUTTE,CHICO,-121.83377075195312,39.726287841796875
9263155,2021,2021-05-24,0404,2021-04-05,2201,555,E,1,5,3,0404,0,0,0,,0,00E,"OROVILLE DAM BL E","OROVILLE DAM BL E 1911",0.00,,N,A,-,Y,BUT,3,162,-,-,17.220,H,-,E,N,3,0,1,2,A,-,00,21954,,N,G,B,D,A,H,-,C,D,0,Y,,,,Y,,N,60,0,1,0,0,1,0,0,0,0,"- ","- ",39.504520416259766,-121.55082702636719,BUTTE,OROVILLE,-121.55095672607422,39.504310607910156
9264098,2021,2021-06-11,0402,2021-05-03,1833,79,0402,1,5,5,0402,0,0,0,,0,003,"RT 32","PINE ST",0.00,,Y,A,-,Y,BUT,3,32,-,R,9.405,I,5,E,Y,3,0,1,2,A,-,12,21453,,F,D,C,A,A,H,-,A,A,0,,,,,Y,,-,,0,1,0,0,0,0,0,0,0,"- ","- ",,,BUTTE,CHICO,-121.83695983886719,39.724224090576172
9264413,2021,2021-05-24,0402,2021-04-18,1538,1973,,7,5,5,0402,0,0,0,,0,003,"CHESTNUST ST","W 13TH ST",0.00,,Y,A,-,N,,,,,,,,,,N,4,0,1,2,A,-,09,21801,A,F,D,B,A,A,H,-,A,D,0,,Y,,,Y,,D,22,0,0,1,0,0,0,1,0,0,"- ","- ",,,BUTTE,CHICO,-121.83415222167969,39.719375610351562
9265599,2021,2021-05-24,0404,2021-04-29,2057,700,TH,4,5,3,0404,0,0,0,,0,0TH,"TABLE MOUNTAIN BL","GRAND AV",0.00,,Y,A,-,N,,,,,,,,,,N,2,0,3,3,A,-,11,21954,A,N,G,B,D,A,H,-,C,D,0,Y,,,,Y,Y,N,60,1,0,2,0,1,0,0,0,0,"- ","- ",39.521991729736328,-121.55486297607422,BUTTE,OROVILLE,-121.55538940429688,39.521961212158203
9267888,2021,2021-06-01,0402,2021-04-29,2126,2875,0402,4,5,5,0402,0,0,0,,0,006,"NORD HWY",ESPLANADE,694.00,W,N,A,-,N,,,,,,,,,,N,3,0,1,3,A,-,03,22350,,N,C,E,A,A,H,-,C,A,0,,,Y,,Y,,C,02,0,1,0,0,0,0,0,0,1,"- ","- ",,,BUTTE,CHICO,-121.88677215576172,39.778926849365234
9268499,2021,2021-07-07,0402,2021-05-20,0807,P03283,,4,5,5,0402,0,0,0,,0,004,"FOREST AV","HUMBOLDT RD",103.00,S,N,A,-,N,,,,,,,,,,Y,2,0,2,2,A,-,05,21650,,N,A,C,A,A,H,-,A,D,0,,,,,Y,,A,07,1,1,0,0,0,0,0,0,0,"- ","- ",,,BUTTE,CHICO,-121.80455017089844,39.737751007080078
9269388,2021,2021-05-28,0402,2021-05-02,1833,19,,7,5,5,0402,0,0,0,,0,,"EAST LASSEN AV","RAFAEL ST",20.00,E,N,A,-,N,,,,,,,,,,N,3,0,1,2,A,-,05,21650,,N,B,J,A,A,-,-,A,-,0,,,,,Y,,-,,0,1,0,0,0,0,0,0,0,"- ","- ",,,BUTTE,CHICO,-121.86355590820312,39.762302398681641
9269390,2021,2021-05-28,0402,2021-05-07,1355,1973,,5,5,5,0402,0,0,0,,0,005,"EAST AV","FLORAL AV",223.00,E,N,A,-,N,,,,,,,,,,Y,4,0,1,2,A,-,09,21801,A,N,D,C,A,A,H,-,A,D,0,,,,,Y,,A,01,0,0,1,0,0,0,0,0,0,"- ","- ",,,BUTTE,CHICO,-121.82851409912109,39.761020660400391
9270347,2021,2021-06-08,0402,2021-05-15,1839,P03027,CPD,6,5,5,0402,0,0,0,,0,006,"E 20TH ST","FOREST AV",1032.00,W,N,A,-,N,,,,,,,,,,Y,4,0,1,2,A,-,12,21453,A,N,D,G,A,A,H,-,A,A,0,,Y,,,Y,Y,L,04,0,0,1,0,0,0,1,0,0,"- ","- ",,,BUTTE,CHICO,-121.80516052246094,39.727279663085938
9271341,2021,2021-06-02,0402,2021-05-06,1359,1240,,4,5,5,0402,0,0,0,,0,006,ESPLANADE,"EATON RD",0.00,S,N,A,-,N,,,,,,,,,,Y,4,0,1,3,A,-,01,23153,A,N,C,C,A,A,H,-,A,A,0,,,,,Y,Y,-,,0,0,1,0,0,0,0,0,0,"- ","- ",,,BUTTE,CHICO,-121.87693023681641,39.772270202636719
9271501,2021,2021-06-18,0402,2021-05-12,0805,84,CPD,3,5,5,0402,0,0,0,,0,,"EAST PARK AV","RT 99",0.00,,Y,A,-,Y,BUT,3,99,-,-,30.878,R,1,S,N,3,0,1,2,A,-,10,21950,A,N,G,B,B,A,H,-,A,A,0,Y,,,,Y,,-,"- ",0,1,0,0,1,0,0,0,0,"- ",SF,,,BUTTE,CHICO,-121.80325317382812,39.717952728271484
9272251,2021,2021-06-10,0404,2021-05-05,2500,694,W,3,5,3,0404,0,0,0,,0,00W,"BIRD ST","6TH AV",0.00,,Y,A,-,N,,,,,,,,,,Y,3,0,1,2,A,-,12,22450,,N,D,C,A,A,H,-,A,D,0,,,,,Y,,-,,0,1,0,0,0,0,0,0,0,"- ","- ",39.508750915527344,-121.56746673583984,BUTTE,OROVILLE,-121.56749725341797,39.509044647216797
9272292,2021,2021-06-14,0402,2021-05-04,1418,P03283,,2,5,5,0402,0,0,0,,0,,"EAST AV","COHASSET RD",0.00,,Y,A,-,N,,,,,,,,,,N,3,0,1,2,A,-,12,21453,A,N,D,G,A,A,H,-,A,A,0,,Y,,,Y,,L,04,0,1,0,0,0,0,1,0,0,"- ","- ",,,BUTTE,CHICO,-121.84346771240234,39.760894775390625
9273316,2021,2021-07-07,0402,2021-05-26,1534,1240,,3,5,5,0402,0,0,0,,0,006,"W EATON RD",ESPLANADE,17.00,W,N,A,-,N,,,,,,,,,,N,2,0,1,2,A,-,08,22107,,N,D,G,A,A,H,-,A,A,0,,Y,,,Y,,-,,1,0,0,0,0,0,1,0,0,"- ","- ",,,BUTTE,CHICO,-121.87697601318359,39.772239685058594
9273319,2021,2021-07-08,0402,2021-05-28,1641,P03880,CPD,5,5,5,0402,0,0,0,,0,006,ESPLANADE,"W SHASTA AV",175.00,N,N,A,-,N,,,,,,,,,,Y,4,0,3,2,A,-,09,21804,A,N,D,C,A,A,H,-,A,D,0,,,,,Y,,A,01,0,0,3,0,0,0,0,0,0,"- ","- ",,,BUTTE,CHICO,-121.86891174316406,39.764270782470703
9273642,2021,2021-06-21,0402,2021-05-19,1031,84/0707,,3,5,5,0402,0,0,0,,0,006,ESPANADE,"E 8TH AV",0.00,,Y,A,-,N,,,,,,,,,,Y,4,0,1,2,A,-,09,21802,A,N,D,D,A,A,H,-,A,A,0,,,,,Y,Y,-,"- ",0,0,1,0,0,0,0,0,0,"- ","- ",,,BUTTE,CHICO,-121.85083770751953,39.745277404785156
9273645,2021,2021-06-21,0402,2021-05-18,1715,31,,2,5,5,0402,0,0,0,,0,005,"VALLOMBROSA AV","JUNIPER ST",2.00,W,N,A,-,N,,,,,,,,,,N,3,0,1,2,A,-,09,21804,A,N,D,G,A,A,H,-,A,D,0,,Y,,,Y,,L,04,0,1,0,0,0,0,1,0,0,"- ","- ",,,BUTTE,CHICO,-121.80097961425781,39.753715515136719
9273646,2021,2021-06-21,0402,2021-05-21,1222,P02539,,5,5,5,0402,0,0,0,,0,,"E 20TH ST","HUNTINGTON DR",0.00,,Y,A,-,N,,,,,,,,,,Y,3,0,2,2,A,-,09,21800,A,N,D,C,A,A,H,-,A,A,0,,,,,Y,,A,01,0,1,1,0,0,0,0,0,0,"- ","- ",,,BUTTE,CHICO,-121.79814147949219,39.727294921875
9274202,2021,2021-06-23,0405,2021-05-19,2109,MAY01,10S,3,5,4,0405,0,0,0,,0,00S,SKYWAY,"PEARSON RD",0.00,,Y,A,-,N,,,,,,,,,,N,4,0,2,2,A,-,03,22350,,N,C,C,A,A,H,-,C,A,0,,,,,Y,,A,01,0,0,2,0,0,0,0,0,0,"- ","- ",39.753849029541016,-121.62864685058594,BUTTE,PARADISE,-121.62870788574219,39.753818511962891
9274203,2021,2021-06-23,0405,2021-05-12,0724,ARC01,10S,3,5,4,0405,0,0,0,,0,00S,SKYWAY,"JEWELL RD",334.00,S,N,A,-,N,,,,,,,,,,N,4,0,1,1,A,-,03,22350,,N,E,I,A,A,H,-,A,D,0,,,,,Y,,A,01,0,0,1,0,0,0,0,0,0,"- ","- ",39.749488830566406,-121.63407897949219,BUTTE,PARADISE,-121.63346862792969,39.749057769775391
9275523,2021,2021-08-05,0402,2021-06-11,1548,P03283,,5,5,5,0402,0,0,0,,0,,"BRUCE RD","SIERRA SUNRISE TER",0.00,,Y,A,-,N,,,,,,,,,,Y,3,0,2,2,A,-,09,21802,A,N,D,C,A,A,H,-,A,A,0,,,,,Y,,A,08,0,2,0,0,0,0,0,0,0,"- ","- ",,,BUTTE,CHICO,-121.79245758056641,39.743629455566406
9275527,2021,2021-08-05,0402,2021-06-07,1214,P03286,,1,5,5,0402,0,0,0,,0,,"CHERRY ST","WEST 4TH AV",375.00,N,N,A,-,N,,,,,,,,,,Y,3,0,1,3,A,-,08,22107,,N,B,B,E,A,H,-,A,D,0,Y,,,,Y,,A,01,0,1,0,0,1,0,0,0,0,"- ","- ",39.737949371337891,-121.85762023925781,BUTTE,CHICO,-121.85762023925781,39.738010406494141
9276187,2021,2021-09-01,0402,2021-08-09,1912,1286,,1,5,5,0402,0,0,0,,0,002,"WALNUT ST","W 3RD ST",0.00,,Y,A,-,Y,BUT,3,32,-,R,8.496,I,5,E,Y,3,0,1,2,D,-,00,,,N,B,C,A,A,H,-,B,A,0,,,,,Y,,-,"- ",0,1,0,0,0,0,0,0,0,"- ","- ",,,BUTTE,CHICO,-121.84886932373047,39.723396301269531
9276199,2021,2021-09-01,0404,2021-08-01,1448,645,,7,5,3,0404,0,0,0,,0,0CO,"OROVILLE DAM BL W","14TH ST",0.00,,Y,A,-,Y,BUT,3,162,-,-,14.720,I,5,W,N,3,0,1,2,A,-,09,21801,,N,H,G,A,A,H,-,A,D,0,,,,,Y,,A,01,0,1,0,0,0,0,0,0,0,"- ","- ",39.498050689697266,-121.59600830078125,BUTTE,OROVILLE,-121.59610748291016,39.498046875
9278385,2021,2021-07-01,0402,2021-05-24,2042,35-00363,0402,1,5,5,0402,0,0,0,,0,004,"HUMBOLDT RD","HUMBOLDT RD 1850",0.00,,N,A,-,N,,,,,,,,,,Y,4,0,1,4,A,-,03,22350,,N,C,E,A,A,H,-,D,D,0,,,,,Y,,A,07,0,0,1,0,0,0,0,0,0,"- ","- ",,,BUTTE,CHICO,-117.72206115722656,34.033184051513672
9278819,2021,2021-06-23,0404,2021-05-17,1735,686,TH,1,5,3,0404,0,0,0,,0,0TH,"3RD ST","GRAND AV",0.00,,Y,A,-,N,,,,,,,,,,N,3,0,1,2,A,-,09,21800,A,M,B,C,A,A,H,-,A,A,0,,,,,Y,,-,,0,1,0,0,0,0,0,0,0,"- ","- ",39.519859313964844,-121.57190704345703,BUTTE,OROVILLE,-121.57192230224609,39.519863128662109
9279008,2021,2021-07-09,0402,2021-06-04,1601,P03880,CHICO,5,5,5,0402,0,0,0,,0,006,"MACY AV","PALMETTO AV",0.00,,Y,A,-,N,,,,,,,,,,N,3,0,1,2,A,-,05,21650,1,N,D,G,A,A,H,-,A,A,0,,Y,,,Y,,L,04,0,1,0,0,0,0,1,0,0,"- ","- ",,,BUTTE,CHICO,-121.83097839355469,39.741607666015625
9279009,2021,2021-07-09,0402,2021-06-06,1950,23,0402,7,5,5,0402,0,0,0,,0,002,"8TH ST","MAIN ST",0.00,,Y,A,-,N,,,,,,,,,,N,3,0,1,2,A,-,05,21650,1,N,D,G,A,A,H,-,A,A,0,,Y,,,Y,,L,04,0,1,0,0,0,0,1,0,0,"- ","- ",,,BUTTE,CHICO,-121.83567047119141,39.7261962890625
9280254,2021,2021-06-28,0404,2021-05-28,1112,651,W,5,5,3,0404,0,0,0,,0,00W,"S 7TH AV","RT 162",0.00,,Y,A,-,Y,BUT,3,162,-,-,16.204,I,5,E,N,4,0,1,2,A,-,09,21802,,N,D,C,A,A,H,-,A,A,0,,,,,Y,,A,07,0,0,1,0,0,0,0,0,0,"- ","- ",39.506809234619141,-121.54596710205078,BUTTE,OROVILLE,-121.56856536865234,39.498638153076172
9280352,2021,2021-06-28,0402,2021-06-03,1849,69,,4,5,5,0402,0,0,0,,0,004,"RT 32","FIR ST",1255.00,E,N,A,-,Y,BUT,3,32,-,-,10.520,H,-,E,Y,4,0,1,1,A,-,01,23152,F,N,A,I,A,A,H,-,A,D,0,,,,,Y,,-,"- ",0,0,1,0,0,0,0,0,0,"- ","- ",,,BUTTE,CHICO,-121.81304931640625,39.737728118896484
9280910,2021,2021-07-21,0402,2021-06-26,0944,P03540,,6,5,5,0402,0,0,0,,0,002,"EAST SIDE DR","EAST 1ST AV",0.00,,Y,A,-,N,,,,,,,,,,N,3,0,1,2,A,-,17,21657,,N,D,G,A,A,H,-,A,A,0,,Y,,,Y,,L,04,0,1,0,0,0,0,1,0,0,"- ","- ",,,BUTTE,CHICO,-114.63323974609375,32.738670349121094
9281089,2021,2021-07-29,0402,2021-06-24,1245,P03283,,4,5,5,0402,0,0,0,,0,,"E 9TH ST","PINE ST",0.00,,Y,A,-,N,,,,,,,,,,Y,3,0,1,2,A,-,12,21453,A,N,D,C,A,A,H,-,A,A,0,,,,,Y,Y,A,01,0,1,0,0,0,0,0,0,0,"- ","- ",,,BUTTE,CHICO,-121.83023834228516,39.728626251220703
9281522,2021,2021-08-26,0402,2021-07-02,2008,3815,,5,5,5,0402,0,0,0,,0,006,ESPLANADE,"GARNER LN",0.00,,Y,A,-,N,,,,,,,,,,N,4,0,2,2,A,-,08,22103,,N,D,C,A,A,H,-,A,D,0,,,,,Y,,A,01,0,0,2,0,0,0,0,0,0,"- ","- ",,,BUTTE,CHICO,-121.89094543457031,39.785518646240234
9282722,2021,2021-07-28,0404,2021-06-18,2235,700,W,5,5,3,0404,0,0,0,,0,00W,"MYERS ST","ROBINSON ST",0.00,,Y,A,-,N,,,,,,,,,,Y,4,0,2,2,A,-,03,22350,,N,C,C,A,A,H,-,C,D,0,,,,,Y,Y,A,01,0,0,2,0,0,0,0,0,0,"- ","- ",39.512340545654297,-121.55460357666016,BUTTE,OROVILLE,-121.55455780029297,39.5123291015625
9283706,2021,2021-07-29,0402,2021-06-18,1732,3815,,5,5,5,0402,0,0,0,,0,006,ESPLANADE,"E 9TH AV",0.00,,Y,A,-,N,,,,,,,,,,Y,2,0,1,2,A,-,12,21453,A,N,D,C,A,A,H,-,A,A,0,,,,,Y,,A,01,1,0,0,0,0,0,0,0,0,"- ","- ",,,BUTTE,CHICO,-121.85173797607422,39.74627685546875
9286187,2021,2021-07-12,0403,2021-06-10,1247,P74,,4,5,2,0403,0,0,0,,0,,"RT 99","CHERRY ST",0.00,,Y,A,-,Y,BUT,3,99,-,R,3.968,I,5,S,Y,4,0,1,2,A,-,09,21802,A,N,D,C,A,A,H,-,A,D,0,,,,,Y,,A,01,0,0,1,0,0,0,0,0,0,"- ","- ",39.36083984375,-121.68784332275391,BUTTE,GRIDLEY,-121.68789672851562,39.360939025878906
9286474,2021,2021-07-15,0402,2021-06-22,1253,P03283,,2,5,5,0402,0,0,0,,0,,"E 8TH ST","ALDER ST",0.00,,Y,A,-,Y,BUT,3,32,-,-,9.559,I,5,E,Y,4,0,1,2,A,-,08,22107,,N,D,C,A,A,H,-,A,D,0,,,,,Y,,A,01,0,0,1,0,0,0,0,0,0,"- ","- ",,,BUTTE,CHICO,-121.82813262939453,39.730060577392578