CASE_ID,ACCIDENT_YEAR,PROC_DATE,JURIS,COLLISION_DATE,COLLISION_TIME,OFFICER_ID,REPORTING_DISTRICT,DAY_OF_WEEK,CHP_SHIFT,POPULATION,CNTY_CITY_LOC,SPECIAL_COND,BEAT_TYPE,CHP_BEAT_TYPE,CITY_DIVISION_LAPD,CHP_BEAT_CLASS,BEAT_NUMBER,PRIMARY_RD,SECONDARY_RD,DISTANCE,DIRECTION,INTERSECTION,WEATHER_1,WEATHER_2,STATE_HWY_IND,CALTRANS_COUNTY,CALTRANS_DISTRICT,STATE_ROUTE,ROUTE_SUFFIX,POSTMILE_PREFIX,POSTMILE,LOCATION_TYPE,RAMP_INTERSECTION,SIDE_OF_HWY,TOW_AWAY,COLLISION_SEVERITY,NUMBER_KILLED,NUMBER_INJURED,PARTY_COUNT,PRIMARY_COLL_FACTOR,PCF_CODE_OF_VIOL,PCF_VIOL_CATEGORY,PCF_VIOLATION,PCF_VIOL_SUBSECTION,HIT_AND_RUN,TYPE_OF_COLLISION,MVIW,PED_ACTION,ROAD_SURFACE,ROAD_COND_1,ROAD_COND_2,LIGHTING,CONTROL_DEVICE,CHP_ROAD_TYPE,PEDESTRIAN_ACCIDENT,BICYCLE_ACCIDENT,MOTORCYCLE_ACCIDENT,TRUCK_ACCIDENT,NOT_PRIVATE_PROPERTY,ALCOHOL_INVOLVED,STWD_VEHTYPE_AT_FAULT,CHP_VEHTYPE_AT_FAULT,COUNT_SEVERE_INJ,COUNT_VISIBLE_INJ,COUNT_COMPLAINT_PAIN,COUNT_PED_KILLED,COUNT_PED_INJURED,COUNT_BICYCLIST_KILLED,COUNT_BICYCLIST_INJURED,COUNT_MC_KILLED,COUNT_MC_INJURED,PRIMARY_RAMP,SECONDARY_RAMP,LATITUDE,LONGITUDE,COUNTY,CITY,POINT_X,POINT_Y
9286478,2021,2021-07-15,0402,2021-06-24,1431,P03283,,4,5,5,0402,0,0,0,,0,,"NORD AV","WEST 8TH AV",0.00,,Y,A,-,Y,BUT,3,32,-,-,7.092,I,5,W,N,3,0,1,2,A,-,12,21453,A,N,D,C,A,A,H,-,A,A,0,,,,,Y,Y,A,01,0,1,0,0,0,0,0,0,0,"- ","- ",,,BUTTE,CHICO,-121.86943054199219,39.736148834228516
9286965,2021,2021-08-05,0404,2021-06-25,1116,606,SS,5,5,3,0404,0,0,0,,0,0SS,"BURLINGTON AV","A ST",61.00,S,N,A,-,N,,,,,,,,,,N,3,0,1,2,A,-,05,21650,,N,G,B,E,A,H,-,A,D,0,Y,,,,Y,,A,07,0,1,0,0,1,0,0,0,0,"- ","- ",39.499259948730469,-121.54190826416016,BUTTE,OROVILLE,-121.54159545898438,39.499492645263672
9287397,2021,2021-07-22,0402,2021-06-09,1320,1240,,3,5,5,0402,0,0,0,,0,002,"RT 32","IVY ST",6.00,E,N,A,-,Y,BUT,3,32,-,R,9.133,I,5,E,N,2,0,1,2,A,-,10,21950,A,N,G,B,B,A,H,-,A,A,0,Y,,,,Y,,-,"- ",1,0,0,0,1,0,0,0,0,"- ","- ",,,BUTTE,CHICO,-121.84053039550781,39.721847534179688
9287976,2021,2021-08-09,0405,2021-06-07,1037,MAY01,3N,1,5,4,0405,0,0,0,,0,00N,SKYWAY,"PENTZ RD",0.00,,Y,A,-,N,,,,,,,,,,N,4,0,2,2,A,-,09,21802,A,N,B,C,A,A,H,-,A,D,0,,,,,Y,,A,01,0,0,2,0,0,0,0,0,0,"- ","- ",39.800449371337891,-121.58087921142578,BUTTE,PARADISE,-121.58087921142578,39.800437927246094
9290441,2021,2021-07-28,0404,2021-06-28,1713,686,"E ",1,5,3,0404,0,0,0,,0,00E,"OROVILLE DAM BL EAST","OROVILLE DAM BL EAST 1751",0.00,,-,A,-,N,,,,,,,,,,Y,3,0,3,3,A,-,04,21703,,N,C,C,A,A,H,-,A,A,0,,,,,Y,,A,01,0,1,2,0,0,0,0,0,0,"- ","- ",39.501789093017578,-121.54972076416016,BUTTE,OROVILLE,-121.54955291748047,39.504779815673828
9290442,2021,2021-07-28,0404,2021-06-27,1441,651,W,7,5,3,0404,0,0,0,,0,00W,"MITCHELL AV","WASHINGTON AV",0.00,,Y,A,-,N,,,,,,,,,,N,3,0,1,2,A,-,12,21453,,N,D,C,A,A,H,-,A,A,0,,,,,Y,,A,01,0,1,0,0,0,0,0,0,0,"- ","- ",39.508419036865234,-121.54712677001953,BUTTE,OROVILLE,-121.54714965820312,39.508407592773438
9290443,2021,2021-07-28,0404,2021-06-25,1712,651,W,5,5,3,0404,0,0,0,,0,00W,"FEATHER RIVER BL","MONTGOMERY ST",0.00,,Y,A,-,N,,,,,,,,,,Y,4,0,1,3,A,-,03,22350,,N,C,C,A,A,H,-,A,A,0,,,,,Y,,-,,0,0,1,0,0,0,0,0,0,"- ","- ",39.509220123291016,-121.56981658935547,BUTTE,OROVILLE,-121.56986999511719,39.509208679199219
9290444,2021,2021-07-28,0404,2021-06-25,1039,651,E,5,5,3,0404,0,0,0,,0,00E,"FOOTHILL BL","GLEN AV",0.00,,Y,A,-,N,,,,,,,,,,N,3,0,1,1,A,-,08,22107,,N,E,I,A,A,H,-,A,D,0,,,,,Y,,A,01,0,1,0,0,0,0,0,0,0,"- ","- ",39.497989654541016,-121.52806091308594,BUTTE,OROVILLE,-121.52892303466797,39.498184204101562
9290445,2021,2021-07-28,0404,2021-06-21,0954,651,W,1,5,3,0404,0,0,0,,0,00W,"FEATHER RIVER BL","HIGH ST",0.00,,Y,A,-,N,,,,,,,,,,N,3,0,2,4,A,-,08,22107,,N,C,E,A,A,H,-,A,D,0,,,,,Y,,A,08,0,2,0,0,0,0,0,0,0,"- ","- ",39.506149291992188,-121.57015991210938,BUTTE,OROVILLE,-121.57009887695312,39.50616455078125
9291186,2021,2021-07-30,0402,2021-06-21,2335,58,101,1,5,5,0402,0,0,0,,0,002,"W 8TH ST","SALEM ST",0.00,,Y,A,-,N,,,,,,,,,,Y,2,0,2,2,A,-,01,23152,A,N,D,C,A,A,H,-,C,A,0,,,,,Y,Y,A,01,1,1,0,0,0,0,0,0,0,"- ","- ",,,BUTTE,CHICO,-121.83753967285156,39.724918365478516
9291501,2021,2021-07-21,0402,2021-06-28,1728,P00503,,1,5,5,0402,0,0,0,,0,,"E 19TH ST","MULBERRY ST",0.00,,Y,A,-,N,,,,,,,,,,Y,3,0,1,2,A,-,05,21202,A,N,A,G,A,A,H,-,A,D,0,,Y,,,Y,,L,04,0,1,0,0,0,0,1,0,0,"- ","- ",,,BUTTE,CHICO,-121.82216644287109,39.722248077392578
9292072,2021,2021-08-02,0402,2021-06-25,0720,1973,,5,5,5,0402,0,0,0,,0,005,"EAST AV","WHITE AV",144.00,E,N,A,-,N,,,,,,,,,,N,4,0,1,2,A,-,12,21453,A,N,H,G,A,A,H,-,A,A,0,,Y,,,Y,,D,22,0,0,1,0,0,0,1,0,0,"- ","- ",,,BUTTE,CHICO,-121.84989929199219,39.761096954345703
9293883,2021,2021-08-17,0404,2021-07-11,1033,700,W,7,5,3,0404,0,0,0,,0,00W,"OROVILLE DAM BL","7TH AV",0.00,,Y,A,-,N,,,162,,,,,,,Y,4,0,1,3,A,-,03,22350,,N,C,C,A,A,H,-,A,D,0,,,,,Y,,M,47,0,0,1,0,0,0,0,0,0,"- ","- ",39.498748779296875,-121.56918334960938,BUTTE,OROVILLE,-121.56908416748047,39.498462677001953
9293909,2021,2021-08-28,0402,2021-07-22,1115,P03283,,4,5,5,0402,0,0,0,,0,,"MANZANITA AV","MYRTOLE AV",165.00,N,N,A,-,N,,,,,,,,,,Y,4,0,1,4,A,-,05,21651,B,N,D,C,A,A,H,-,A,D,0,,,,,Y,,A,01,0,0,1,0,0,0,0,0,0,"- ","- ",,,BUTTE,CHICO,-121.84336853027344,39.756793975830078
9294984,2021,2021-08-12,0405,2021-07-01,0720,STR01,10S,4,5,4,0405,0,0,0,,0,00S,SKYWAY,CROSSROADS,0.00,,Y,A,-,N,,,,,,,,,,N,3,0,2,2,A,-,04,21703,,N,C,C,A,A,H,-,A,A,0,,,,,Y,,A,07,0,1,1,0,0,0,0,0,0,"- ","- ",39.7440185546875,-121.6551513671875,BUTTE,PARADISE,,
9295189,2021,2021-09-13,0402,2021-07-19,1929,31,,1,5,5,0402,0,0,0,,0,005,"EAST 1ST AV","RT 99",30.00,E,N,A,-,Y,BUT,3,99,-,R,33.163,R,4,N,Y,4,0,1,2,A,-,12,21453,A,N,D,A,A,A,H,-,A,A,0,,,,,Y,,A,01,0,0,1,0,0,0,0,0,0,"- ",WF,39.745670318603516,-121.83100891113281,BUTTE,CHICO,-121.82966613769531,39.744052886962891
9297039,2021,2021-09-07,0402,2021-07-09,1414,21/1499,,5,5,5,0402,0,0,0,,0,003,"PARK AV","E 20TH ST",0.00,,Y,A,-,N,,,,,,,,,,Y,3,0,1,3,A,-,03,22350,,N,D,C,A,A,H,-,A,A,0,,,,,Y,,A,01,0,1,0,0,0,0,0,0,0,"- ","- ",,,BUTTE,CHICO,-121.8233642578125,39.719356536865234
9298098,2021,2021-09-07,0404,2021-07-21,0822,690,,3,5,3,0404,0,0,0,,0,003,"TABLE MOUNTAIN BL","RIVER VIEW TER",0.00,,Y,A,-,N,,,,,,,,,,Y,2,0,1,2,A,-,03,22350,,N,B,C,A,A,H,-,A,D,0,,,Y,,Y,,C,02,1,0,0,0,0,0,0,0,1,"- ","- ",,,BUTTE,OROVILLE,-121.55367279052734,39.520637512207031
9298110,2021,2021-09-16,0404,2021-07-05,0501,557,BUTTE,1,5,3,0404,0,0,0,,0,0CO,"LOWER WYANDOTTE RD","V7 RD",341.00,S,N,A,-,N,,,,,,,,,,N,3,0,1,1,A,-,07,21658,,N,H,J,A,A,H,-,A,D,0,,,,,Y,,D,22,0,1,0,0,0,0,0,0,0,"- ","- ",39.491428375244141,-121.53050231933594,BUTTE,OROVILLE,-121.53050231933594,39.490455627441406
9298386,2021,2021-10-09,0402,2021-08-05,1854,69,,4,5,5,0402,0,0,0,,0,004,"NOTRE DAME BL","FOREST AV",364.00,S,N,A,-,N,,,,,,,,,,Y,4,0,1,2,A,-,09,21804,A,N,D,C,A,A,H,-,A,D,0,,,,,Y,,-,,0,0,1,0,0,0,0,0,0,"- ","- ",,,BUTTE,CHICO,-121.79531860351562,39.717079162597656
9298707,2021,2021-08-13,0403,2021-07-17,0813,P211,G,6,5,2,0403,0,0,0,,0,,"RT 99","GRIDLEY RD",439.00,S,N,A,-,N,,,,,,,,,,Y,3,0,1,1,A,-,00,23103,B,N,E,I,A,A,H,-,A,D,0,,,,,Y,,A,07,0,1,0,0,0,0,0,0,0,"- ","- ",39.36199951171875,-121.68654632568359,BUTTE,GRIDLEY,-121.68791198730469,39.362003326416016
9298812,2021,2021-08-12,0405,2021-06-11,0828,WOO01,3N,5,5,4,0405,0,0,0,,0,00N,SKYWAY,"PENTZ RD",0.00,,Y,A,-,N,,,,,,,,,,Y,3,0,2,2,A,-,07,21658,A,N,B,C,A,A,H,-,A,D,0,,,,,Y,,-,,0,2,0,0,0,0,0,0,0,"- ","- ",39.800449371337891,-121.58087921142578,BUTTE,PARADISE,-121.58087921142578,39.800437927246094
9299790,2021,2021-10-16,0402,2021-08-04,0819,43,0402,3,5,5,0402,0,0,0,,0,003,"FAIR ST","E 21ST ST",0.00,,Y,A,-,N,,,,,,,,,,N,3,0,1,2,A,-,10,21950,,N,G,B,D,A,H,-,A,D,0,Y,,,,Y,,-,,0,1,0,0,1,0,0,0,0,"- ","- ",,,BUTTE,CHICO,-121.81966400146484,39.720348358154297
9300144,2021,2021-08-06,0402,2021-06-20,1837,3815,,7,5,5,0402,0,0,0,,0,005,"PILLSBURY RD","COHASSETT RD",0.00,,Y,A,-,N,,,,,,,,,,N,4,0,2,3,A,-,05,21650,,N,G,B,F,A,H,-,A,A,0,Y,,,,Y,,A,01,0,0,2,0,2,0,0,0,0,"- ","- ",,,BUTTE,CHICO,-121.84385681152344,39.757831573486328
9300889,2021,2021-08-23,0402,2021-07-24,0245,66/3272,,6,5,5,0402,0,0,0,,0,002,"W 5TH ST","MILLER AV",87.00,E,N,A,-,N,,,,,,,,,,Y,4,0,1,1,A,-,01,23152,E,N,E,I,A,A,H,-,C,D,0,,,,,Y,Y,A,01,0,0,1,0,0,0,0,0,0,"- ","- ",,,BUTTE,CHICO,-121.85195159912109,39.7188720703125
9301221,2021,2021-08-30,0405,2021-05-26,1129,GAT01,5S,3,5,4,0405,0,0,0,,0,00S,SKYWAY,"FIR ST",0.00,,Y,A,-,N,,,,,,,,,,Y,2,0,1,1,A,-,05,21650,,N,E,I,A,A,H,-,A,D,0,,,,,Y,,A,01,1,0,0,0,0,0,0,0,0,"- ","- ",39.756179809570312,-121.62610626220703,BUTTE,PARADISE,-121.62608337402344,39.756301879882812
9301552,2021,2021-10-18,0402,2021-08-13,2349,37,0402,5,5,5,0402,0,0,0,,0,004,"HUMBOLDT RD","BRUCE RD",0.00,E,N,A,-,N,,,,,,,,,,N,3,0,1,2,A,-,00,20001,A,F,G,B,E,A,H,-,D,D,0,Y,,,,Y,,N,60,0,1,0,0,1,0,0,0,0,"- ","- ",,,BUTTE,CHICO,-121.78767395019531,39.738727569580078
9301686,2021,2023-06-20,0404,2021-06-21,0239,646,W,1,5,3,0404,0,0,0,,0,00W,"BAGGETT MARYSVILLE RD","GEORGIA PACIFIC WY",679.00,S,N,A,-,N,,,,,,,,,,Y,1,1,1,1,A,-,08,22107,,N,E,I,A,A,H,-,D,D,0,,,,,Y,Y,D,22,1,0,0,0,0,0,0,0,0,"- ","- ",39.473098754882812,-121.55802154541016,BUTTE,OROVILLE,-121.55811309814453,39.473114013671875
9301742,2021,2023-06-20,0404,2021-09-05,2040,723,W,7,5,3,0404,0,0,0,,0,00W,"OROVILLE DAM BL EAST","LINCOLN BL",0.00,,Y,A,-,N,,,162,,,,,,,N,1,1,2,2,A,-,03,22350,,N,D,C,A,A,H,-,C,A,0,,,Y,,Y,,C,02,1,0,1,0,0,0,0,1,0,"- ","- ",39.504600524902344,-121.55113983154297,BUTTE,OROVILLE,-121.55103302001953,39.504287719726562
9301744,2021,2023-06-17,0402,2021-09-26,1543,P03283,,7,5,5,0402,0,0,0,,0,,"RT 32","MAIN ST",0.00,,Y,A,-,Y,BUT,3,32,-,-,9.925,I,5,W,Y,1,1,1,2,A,-,12,21453,A,N,D,C,A,A,H,-,A,A,0,,,Y,,Y,,A,07,0,0,1,0,0,0,0,1,0,"- ","- ",,,BUTTE,CHICO,-121.82341766357422,39.734458923339844
9301787,2021,2023-06-17,0402,2021-08-08,2240,6613272,,7,5,5,0402,0,0,0,,0,004,"NOTRE DAME BL","CARSON ST",135.00,S,N,A,-,N,,,,,,,,,,Y,1,1,0,2,A,-,03,22350,,N,D,E,A,A,H,-,C,D,0,,,Y,,Y,,C,02,0,0,0,0,0,0,0,1,0,"- ","- ",,,BUTTE,CHICO,-121.79562377929688,39.724773406982422
9307391,2021,2021-10-23,0402,2021-08-09,0949,560083,0402,1,5,5,0402,0,0,0,,0,001,"W LINDO AV","GUYNN AV",135.00,E,N,A,-,N,,,,,,,,,,Y,4,0,3,2,A,-,05,21650,,N,A,C,A,A,H,-,A,D,0,,,,,Y,,-,,0,0,3,0,0,0,0,0,0,"- ","- ",39.74346923828125,-121.87541961669922,BUTTE,CHICO,-121.87538909912109,39.743461608886719
9314653,2021,2021-10-08,0402,2021-08-08,1548,P00677,,7,5,5,0402,0,0,0,,0,,ESPLANADE,"MEMORIAL WY",0.00,,Y,A,-,N,,,,,,,,,,N,3,0,1,2,A,-,12,21453,A,N,D,G,A,A,H,-,A,A,0,,Y,,,Y,Y,L,04,0,1,0,0,0,0,1,0,0,"- ","- ",,,BUTTE,CHICO,-121.84249114990234,39.733253479003906
9314801,2021,2021-11-01,0404,2021-08-08,1922,714,E,7,5,3,0404,0,0,0,,0,00E,"ORO DAM BL","LINCOLN ST",0.00,,Y,A,-,N,,,162,,,,,,,Y,3,0,1,6,A,-,12,21453,A,N,A,C,A,A,H,-,A,A,0,,,,,Y,,-,,0,1,0,0,0,0,0,0,0,"- ","- ",39.503868103027344,-121.55225372314453,BUTTE,OROVILLE,-121.55225372314453,39.503871917724609
9314802,2021,2021-10-07,0404,2021-08-16,2228,693,SS,1,5,3,0404,0,0,0,,0,0SS,"LOWER WYANDOTTE RD","CLAREMONT DR",0.00,,Y,A,-,N,,,,,,,,,,N,3,0,2,2,A,-,03,22350,,N,E,J,A,A,H,-,D,D,0,,,,,Y,,A,01,0,2,0,0,0,0,0,0,0,"- ","- ",39.495079040527344,-121.53054046630859,BUTTE,OROVILLE,-121.53061676025391,39.495510101318359
9315921,2021,2021-10-07,0403,2021-08-05,1948,P214,,4,5,2,0403,0,0,0,,0,,"KENTUCKY ST","KENTUCKY ST 140",0.00,,Y,A,-,N,,,,,,,,,,N,4,0,1,1,A,-,08,22107,,M,E,I,A,A,H,-,A,D,0,,,,,Y,,D,22,0,0,1,0,0,0,0,0,0,"- ","- ",39.359691619873047,-121.69416046142578,BUTTE,GRIDLEY,,
9315933,2021,2021-09-16,0403,2021-08-24,1702,P73,,2,5,2,0403,0,0,0,,0,,"RT 99","HAZEL ST",0.00,,Y,A,-,Y,BUT,3,32,-,R,9.236,I,5,W,N,3,0,1,2,A,-,12,21453,A,N,D,C,A,A,H,-,A,A,0,,,,,Y,,D,22,0,1,0,0,0,0,0,0,0,"- ","- ",39.365970611572266,-121.68792724609375,BUTTE,GRIDLEY,-121.84037017822266,39.723094940185547
9316413,2021,2021-10-05,0402,2021-08-29,1137,83,0402,7,5,5,0402,0,0,0,,0,004,"FOREST AV","FOREST AV 2292",0.00,,N,A,-,N,,,,,,,,,,Y,3,0,1,2,A,-,08,22107,,N,E,I,A,A,H,-,A,D,0,,,,,Y,,A,01,0,1,0,0,0,0,0,0,0,"- ","- ",,,BUTTE,CHICO,,
9318305,2021,2021-11-03,0405,2021-09-01,2134,ARC01,7S,3,5,4,0405,0,0,0,,0,00S,"NUNNELEY RD","CLARK RD",0.00,,Y,A,-,N,,,,,,,,,,Y,3,0,1,1,A,-,05,21650,,N,E,I,A,A,H,-,C,A,0,,,Y,,Y,,C,02,0,1,0,0,0,0,0,0,1,"- ","- ",39.755390167236328,-121.60803985595703,BUTTE,PARADISE,-121.607421875,39.755889892578125
9320021,2021,2021-11-01,0402,2021-10-07,1409,46,CPD,4,5,5,0402,0,0,0,,0,004,SKYWAY,"RT 99",0.00,,Y,A,-,Y,BUT,3,99,-,R,30.358,R,4,N,Y,1,1,1,3,A,-,12,21453,A,F,D,C,A,A,H,-,A,A,0,,,,,Y,,A,01,0,0,1,0,0,0,0,0,0,"- ",NF,,,BUTTE,CHICO,-121.79776000976562,39.711978912353516
9321766,2021,2021-10-28,0402,2021-09-07,0754,P03283,,2,5,5,0402,0,0,0,,0,001,"W SACRAMENTO AV","NORD AV",0.00,,Y,A,-,N,,,,,,,,,,N,2,0,1,2,A,-,08,21717,,N,D,G,A,A,H,-,A,A,0,,Y,,Y,Y,,F,27,1,0,0,0,0,0,1,0,0,"- ","- ",,,BUTTE,CHICO,-121.86019134521484,39.731365203857422
9321833,2021,2021-10-18,0402,2021-08-26,1610,P0190394,CPD,4,5,5,0402,0,0,0,,0,002,"W 9TH ST","WALNUT ST",0.00,,N,A,-,Y,BUT,3,32,-,R,8.869,I,5,W,Y,3,0,2,2,A,-,12,22450,A,N,A,C,A,A,H,-,A,D,0,,,,,Y,,D,22,0,2,0,0,0,0,0,0,0,"- ","- ",39.430950164794922,-121.50392150878906,BUTTE,CHICO,-121.84440612792969,39.719436645507812
9322177,2021,2021-09-16,0403,2021-08-14,2224,P209,G,6,5,2,0403,0,0,0,,0,,"RT 99","CHERRY ST",307.00,S,N,A,-,Y,BUT,3,99,-,R,3.910,H,-,S,Y,2,0,3,2,A,-,01,23153,,N,D,C,A,A,H,-,C,D,0,,,,,Y,Y,A,01,1,2,0,0,0,0,0,0,0,"- ","- ",39.359600067138672,-121.68858337402344,BUTTE,GRIDLEY,-121.68789672851562,39.360107421875
9322342,2021,2021-09-24,0402,2021-08-07,1249,46,,6,5,5,0402,0,0,0,,0,,"RT 32","FIR ST",0.00,,-,F,-,Y,BUT,3,32,-,-,10.640,H,-,W,Y,3,0,1,2,A,-,01,23152,A,N,C,C,A,A,H,-,A,D,0,,,Y,,Y,Y,C,02,0,1,0,0,0,0,0,0,1,"- ","- ",39.738151550292969,-121.81150054931641,BUTTE,CHICO,-121.81141662597656,39.738117218017578
9322346,2021,2021-09-21,0402,2021-08-24,1710,28972,CPD,2,5,5,0402,0,0,0,,0,00I,"NORD AV","W 2ND ST",2008.00,N,N,A,-,Y,BUT,3,32,-,-,8.050,H,-,E,,4,0,1,3,A,-,03,22350,,N,C,C,A,A,H,-,A,A,0,,,,,Y,,-,,0,0,1,0,0,0,0,0,0,"- ","- ",,,BUTTE,CHICO,-121.85454559326172,39.728290557861328
9322666,2021,2021-10-04,0403,2021-09-02,1723,P73,O,4,5,2,0403,0,0,0,,0,,"RT 99","SHELDON AV",135.00,N,N,A,-,Y,BUT,3,99,-,R,3.270,H,-,N,N,4,0,1,2,A,-,09,21801,A,N,D,C,A,A,H,-,A,D,0,,,,,Y,,A,01,0,0,1,0,0,0,0,0,0,"- ","- ",39.350479125976562,-121.6878662109375,BUTTE,GRIDLEY,-121.68787384033203,39.350837707519531
9322930,2021,2021-10-18,0402,2021-08-18,2034,1286,0402,3,5,5,0402,0,0,0,,0,004,SKYWAY,"BRUCE RD",1400.00,E,N,A,-,N,,,,,,,,,,Y,4,0,1,2,A,-,05,21650,,N,E,I,A,A,H,-,B,D,0,,,,,Y,,A,07,0,0,1,0,0,0,0,0,0,"- ","- ",,,BUTTE,CHICO,-121.78326416015625,39.713130950927734
9324073,2021,2021-09-27,0402,2021-08-24,1328,84/0707,0402,2,5,5,0402,0,0,0,,0,004,2,"FOREST AV",0.00,,Y,A,-,N,,,,,,,,,,Y,4,0,1,2,A,-,05,21651,B,N,A,C,A,A,H,-,A,A,0,,,,,Y,,-,"- ",0,0,1,0,0,0,0,0,0,"- ","- ",,,BUTTE,CHICO,,
9325915,2021,2021-11-09,0402,2021-09-08,0813,1240,,3,5,5,0402,0,0,0,,0,005,"COHASSET RD","TWO OAKS DR",945.00,N,N,A,-,N,,,,,,,,,,Y,4,0,2,2,A,-,05,21460,A,N,A,C,A,A,H,-,A,D,0,,,,,Y,,-,,0,0,2,0,0,0,0,0,0,"- ","- ",,,BUTTE,CHICO,-121.84413146972656,39.794673919677734
9326761,2021,2021-11-01,0404,2021-09-05,2005,723,,7,5,3,0404,0,0,0,,0,,"OROVILLE DAM BL W","10TH ST",0.00,,Y,A,-,N,,,,,,,,,,N,3,0,1,3,A,-,00,21954,,N,H,G,A,A,H,-,D,A,0,,Y,,,Y,,L,04,0,1,0,0,0,0,1,0,0,"- ","- ",39.498039245605469,-121.58316040039062,BUTTE,OROVILLE,-121.58688354492188,39.498046875
9336912,2021,2021-09-28,0402,2021-08-19,1303,P03283,,4,5,5,0402,0,0,0,,0,,"FILBERT AV","CRISTER AV",410.00,S,N,A,-,N,,,,,,,,,,Y,3,0,1,2,A,-,01,23152,A,N,C,E,A,A,H,-,A,D,0,,,,,Y,Y,A,01,0,1,0,0,0,0,0,0,0,"- ","- ",,,BUTTE,CHICO,-121.81765747070312,39.748165130615234
9341320,2021,2021-11-04,0402,2021-09-25,1844,P01576,,6,5,5,0402,0,0,0,,0,003,"E 9TH ST","RT 99 ACCESS RD",0.00,,Y,A,-,Y,,,,,,,,,,N,3,0,1,2,A,-,12,21453,A,N,D,C,A,A,H,-,B,A,0,,,,,Y,,A,01,0,1,0,0,0,0,0,0,0,"- ","- ",,,BUTTE,CHICO,-121.83488464355469,39.725540161132812
9341361,2021,2021-11-02,0402,2021-09-30,1414,1240,,4,5,5,0402,0,0,0,,0,003,"HUMBOLDT AV","CYPRESS AV",203.00,E,N,A,-,N,,,,,,,,,,Y,3,0,1,2,A,-,08,22107,,N,D,C,A,A,H,-,A,D,0,,,,,Y,,-,,0,1,0,0,0,0,0,0,0,"- ","- ",,,BUTTE,CHICO,-121.82707977294922,39.728034973144531
9341362,2021,2021-11-02,0402,2021-09-24,1227,0501,,5,5,5,0402,0,0,0,,0,003,"16TH ST","PARK AV",0.00,,Y,A,-,N,,,,,,,,,,Y,2,0,1,2,A,-,09,21801,,N,A,C,A,A,H,-,A,A,0,,,Y,,Y,,A,01,1,0,0,0,0,0,0,0,1,"- ","- ",,,BUTTE,CHICO,-121.82717895507812,39.721473693847656
9341607,2021,2021-10-15,0402,2021-08-26,2011,95/3942,,4,5,5,0402,0,0,0,,0,005,"EAST AV","MARIPOSA AV",0.00,,Y,A,-,N,,,,,,,,,,Y,4,0,2,2,A,-,12,21453,A,N,B,C,A,A,H,-,C,A,0,,,,,Y,,A,07,0,0,2,0,0,0,0,0,0,"- ","- ",39.761100769042969,-121.82460021972656,BUTTE,CHICO,-121.82460021972656,39.761081695556641
9344696,2021,2021-10-27,0402,2021-09-15,1453,1286,0402,3,5,5,0402,0,0,0,,0,004,"EL MONTE AV","EL MONTE AV 1101",0.00,,Y,A,-,N,,,,,,,,,,N,3,0,1,3,A,-,08,22107,,N,D,G,A,A,H,-,A,D,0,,Y,,,Y,,A,01,0,1,0,0,0,0,1,0,0,"- ","- ",,,BUTTE,CHICO,,
9346202,2021,2021-10-30,0404,2021-09-10,1426,714,TH,5,5,3,0404,0,0,0,,0,0TH,"NELSON AV","3RD ST",0.00,,Y,A,-,N,,,,,,,,,,Y,4,0,1,4,A,-,09,21804,A,N,A,C,A,A,H,-,A,D,0,,,,,Y,,A,,0,0,1,0,0,0,0,0,0,"- ","- ",39.524089813232422,-121.57263946533203,BUTTE,OROVILLE,-121.57266235351562,39.524101257324219
9346439,2021,2021-10-26,0404,2021-08-23,1530,700,W,1,5,3,0404,0,0,0,,0,00W,"WASHINGTON AV","YARD ST",0.00,,Y,A,-,N,,,,,,,,,,Y,2,0,1,4,A,-,03,22350,,N,C,C," ",A,H,-,A,A,0,Y,,Y,,Y,Y,C,02,1,0,0,0,0,0,0,0,1,"- ","- ",39.512271881103516,-121.54718017578125,BUTTE,OROVILLE,-121.54720306396484,39.513214111328125
9346451,2021,2021-10-18,0404,2021-08-26,2500,703,E,4,5,3,0404,0,0,0,,0,00E,"MYERS ST","ONTARIO AV",83.00,S,N,A,-,N,,,,,,,,,,N,3,0,1,2,A,-,21,22106,,N,G,B,E,A,H,-,A,D,0,Y,,,,Y,,D,22,0,1,0,0,1,0,0,0,0,"- ","- ",39.501609802246094,-121.54885101318359,BUTTE,OROVILLE,-121.54853057861328,39.501712799072266
9347472,2021,2021-11-22,0402,2021-10-04,2017,P01576,,1,5,5,0402,0,0,0,,0,,"NOTRE DAME BL","W ROADLINE",52.00,W,N,A,-,N,,,,,,,,,,N,3,0,1,2,A,-,00,20001,,F,D,I,A,A,H,-,C,A,0,,,,,Y,,A,01,0,1,0,0,0,0,0,0,0,"- ","- ",,,BUTTE,CHICO,,
9347748,2021,2021-11-17,0405,2021-10-09,1802,TAT01,11S,6,5,4,0405,0,0,0,,0,00S,"CLARK RD","OLD CLARK RD",200.00,S,N,A,-,N,,,191,,,,,,,Y,3,0,1,1,A,-,01,23152,,N,E,I,A,A,H,-,A,D,0,,,,,Y,Y,-,,0,1,0,0,0,0,0,0,0,"- ","- ",39.734798431396484,-121.61270141601562,BUTTE,PARADISE,-121.61273193359375,39.734798431396484
9347819,2021,2021-10-26,0404,2021-09-25,2232,703,,6,5,3,0404,0,0,0,,0,0CO,"OROVILLE DAM BL W","14TH ST",83.00,W,N,A,-,N,,,,,,,,,,Y,2,0,2,2,A,-,09,21801,A,N,A,C,A,A,H,-,C,D,0,,,Y,,Y,,A,01,1,1,0,0,0,0,0,0,2,"- ","- ",39.498050689697266,-121.59600830078125,BUTTE,OROVILLE,-121.59634399414062,39.498058319091797