CASE_ID,ACCIDENT_YEAR,PROC_DATE,JURIS,COLLISION_DATE,COLLISION_TIME,OFFICER_ID,REPORTING_DISTRICT,DAY_OF_WEEK,CHP_SHIFT,POPULATION,CNTY_CITY_LOC,SPECIAL_COND,BEAT_TYPE,CHP_BEAT_TYPE,CITY_DIVISION_LAPD,CHP_BEAT_CLASS,BEAT_NUMBER,PRIMARY_RD,SECONDARY_RD,DISTANCE,DIRECTION,INTERSECTION,WEATHER_1,WEATHER_2,STATE_HWY_IND,CALTRANS_COUNTY,CALTRANS_DISTRICT,STATE_ROUTE,ROUTE_SUFFIX,POSTMILE_PREFIX,POSTMILE,LOCATION_TYPE,RAMP_INTERSECTION,SIDE_OF_HWY,TOW_AWAY,COLLISION_SEVERITY,NUMBER_KILLED,NUMBER_INJURED,PARTY_COUNT,PRIMARY_COLL_FACTOR,PCF_CODE_OF_VIOL,PCF_VIOL_CATEGORY,PCF_VIOLATION,PCF_VIOL_SUBSECTION,HIT_AND_RUN,TYPE_OF_COLLISION,MVIW,PED_ACTION,ROAD_SURFACE,ROAD_COND_1,ROAD_COND_2,LIGHTING,CONTROL_DEVICE,CHP_ROAD_TYPE,PEDESTRIAN_ACCIDENT,BICYCLE_ACCIDENT,MOTORCYCLE_ACCIDENT,TRUCK_ACCIDENT,NOT_PRIVATE_PROPERTY,ALCOHOL_INVOLVED,STWD_VEHTYPE_AT_FAULT,CHP_VEHTYPE_AT_FAULT,COUNT_SEVERE_INJ,COUNT_VISIBLE_INJ,COUNT_COMPLAINT_PAIN,COUNT_PED_KILLED,COUNT_PED_INJURED,COUNT_BICYCLIST_KILLED,COUNT_BICYCLIST_INJURED,COUNT_MC_KILLED,COUNT_MC_INJURED,PRIMARY_RAMP,SECONDARY_RAMP,LATITUDE,LONGITUDE,COUNTY,CITY,POINT_X,POINT_Y
9348039,2021,2021-10-26,0405,2021-09-22,1356,HAT01,11S,3,5,4,0405,0,0,0,,0,00S,"FOSTER RD","BUSCHMANN RD",0.00,,Y,A,-,N,,,,,,,,,,Y,3,0,1,2,A,-,09,21802,,N,B,C,A,A,H,-,A,A,0,,,,,Y,,A,01,0,1,0,0,0,0,0,0,0,"- ","- ",39.748538970947266,-121.62661743164062,BUTTE,PARADISE,-121.62664031982422,39.74853515625
9351131,2021,2021-12-13,0404,2021-10-16,1739,714,W,6,5,3,0404,0,0,0,,0,00W,"MONTGOMERY ST","MYERS ST",9.00,E,N,A,-,N,,,,,,,,,,N,2,0,1,2,A,-,12,22450,A,N,G,B,B,A,H,-,B,D,0,Y,,,,Y,,A,01,1,0,0,0,1,0,0,0,0,"- ","- ",,,BUTTE,OROVILLE,-121.55551910400391,39.514080047607422
9351727,2021,2021-11-15,0402,2021-10-14,0806,P03283,,4,5,5,0402,0,0,0,,0,,"EAST AV","MARIPOSA AV",355.00,E,N,A,-,N,,,,,,,,,,N,3,0,1,2,A,-,10,21950,A,N,G,B,C,A,H,-,A,A,0,Y,,,,Y,,A,07,0,1,0,0,1,0,0,0,0,"- ","- ",,,BUTTE,CHICO,-121.82333374023438,39.761089324951172
9351729,2021,2021-11-15,0402,2021-10-07,0817,806,,4,5,5,0402,0,0,0,,0,003,"W 5TH ST","OAK ST",0.00,,Y,A,-,N,,,,,,,,,,Y,4,0,2,2,A,-,12,22450,A,N,D,C,A,A,H,-,A,A,0,,,,,Y,,A,01,0,0,2,0,0,0,0,0,0,"- ","- ",,,BUTTE,CHICO,-121.84825897216797,39.72137451171875
9352967,2021,2021-11-09,0402,2021-10-15,2235,4137,,5,5,5,0402,0,0,0,,0,003,"E 3RD ST","OLIVE ST",47.00,W,N,A,-,N,,,,,,,,,,N,4,0,1,2,A,-,01,23152,A,N,B,E,A,A,H,-,C,D,0,,,Y,,Y,Y,C,06,0,0,1,0,0,0,0,0,0,"- ","- ",,,BUTTE,CHICO,-121.83596038818359,39.7320556640625
9352968,2021,2021-11-09,0402,2021-10-13,1928,2875,0402,3,5,5,0402,0,0,0,,0,006,"MANGROVE AV","E 5TH AV",0.00,,Y,A,-,N,,,,,,,,,,N,4,0,1,2,A,-,09,21801,A,N,A,C,A,A,H,-,C,A,0,,,,,Y,,A,01,0,0,1,0,0,0,0,0,0,"- ","- ",,,BUTTE,CHICO,-121.84081268310547,39.74542236328125
9355628,2021,2021-11-01,0404,2021-09-24,1358,645,TH,5,5,3,0404,0,0,0,,0,0TH,"4TH ST","NELSON AV",0.00,,Y,A,-,Y,BUT,3,70,-,-,15.893,R,4,W,N,4,0,1,2,A,-,09,21804,,N,D,C,A,A,H,-,A,D,0,,,,,Y,,A,07,0,0,1,0,0,0,0,0,0,"- ","- ",39.524089813232422,-121.57398986816406,BUTTE,OROVILLE,-121.57494354248047,39.526107788085938
9356194,2021,2021-10-29,0402,2021-10-09,2249,66,,6,5,5,0402,0,0,0,,0,006,ESPLANADE,"COMMERCIAL AV",0.00,,Y,A,-,N,,,,,,,,,,Y,4,0,1,2,A,-,00,22100,R,N,B,C,A,A,H,-,C,D,0,,,,,Y,,A,01,0,0,1,0,0,0,0,0,0,"- ","- ",,,BUTTE,CHICO,-121.87179565429688,39.767147064208984
9356196,2021,2021-10-29,0402,2021-10-12,2333,1973,,2,5,5,0402,0,0,0,,0,005,"COHASSET RD","BURNAP AV",57.00,S,N,A,-,N,,,,,,,,,,Y,2,0,1,2,A,-,01,23152,A,F,G,B,-,A,H,-,C,D,0,Y,,,,Y,Y,A,01,1,0,0,0,1,0,0,0,0,"- ","- ",,,BUTTE,CHICO,-121.84357452392578,39.767475128173828
9357122,2021,2021-12-07,0403,2021-10-09,1842,P214,,6,5,2,0403,0,0,0,,0,,"MAGNOLIA ST","VERMONT ST",0.00,,Y,A,-,N,,,,,,,,,,Y,3,0,1,2,A,-,01,23153,B,N,D,C,A,A,H,-,B,A,0,,,,,Y,Y,A,01,0,1,0,0,0,0,0,0,0,"- ","- ",39.362030029296875,-121.69824981689453,BUTTE,GRIDLEY,-121.69832611083984,39.362041473388672
9359078,2021,2021-12-14,0404,2021-10-23,0522,714,E,6,5,3,0404,0,0,0,,0,00E,"OROVILLE DAM BL EAST","ZEPHER WY",24.00,E,N,F,-,N,,,,,,,,,,Y,3,0,1,1,A,-,03,22350,,N,F,A,A,B,H,-,C,D,0,,,,,Y,Y,A,01,0,1,0,0,0,0,0,0,0,"- ","- ",,,BUTTE,OROVILLE,-121.5257568359375,39.517166137695312
9359272,2021,2021-11-30,0402,2021-10-22,0811,806,,5,5,5,0402,0,0,0,,0,005,"W EAST AV",ESPLANADE,0.00,,Y,C,-,N,,,,,,,,,,Y,4,0,1,3,A,-,04,21703,,N,C,C,A,B,H,-,A,D,0,,,,,Y,,A,01,0,0,1,0,0,0,0,0,0,"- ","- ",,,BUTTE,CHICO,-121.86139678955078,39.756717681884766
9359273,2021,2021-11-30,0402,2021-10-24,0453,4137/93,,7,5,5,0402,0,0,0,,0,002,"W 5TH ST","OAK ST",72.00,W,N,C,-,N,,,,,,,,,,N,3,0,1,2,A,-,11,21954,A,N,G,B,D,B,H,-,C,D,0,Y,,,,Y,,N,60,0,1,0,0,1,0,0,0,0,"- ","- ",,,BUTTE,CHICO,-121.84844970703125,39.721237182617188
9359274,2021,2021-11-30,0402,2021-10-02,1847,P00923,87,6,5,5,0402,0,0,0,,0,003,"PARK AV","E 12TH ST",0.00,,Y,A,-,N,,,,,,,,,,N,4,0,1,2,A,-,08,22107,,N,A,C,A,A,H,-,A,A,0,,,,,Y,,A,01,0,0,1,0,0,0,0,0,0,"- ","- ",39.723739624023438,-121.83109283447266,BUTTE,CHICO,-121.83118438720703,39.723686218261719
9359277,2021,2021-11-30,0402,2021-10-25,0907,P03283,,1,5,5,0402,0,0,0,,0,,"W SACRAMENTO AV","VICTORIAN PARK DR",70.00,W,N,B,-,N,,,,,,,,,,Y,3,0,1,2,A,-,09,21804,A,N,D,C,A,B,H,-,A,D,0,,,,,Y,,A,01,0,1,0,0,0,0,0,0,0,"- ","- ",,,BUTTE,CHICO,-121.86569976806641,39.731048583984375
9359462,2021,2021-12-03,0402,2021-10-02,1710,P00923,57,6,5,5,0402,0,0,0,,0,003,"HUMBOLDT AV","PINE ST",0.00,,Y,A,-,N,,,,,,,,,,Y,3,0,1,2,A,-,09,21804,A,N,D,C,A,A,H,-,A,A,0,,,,,Y,,D,22,0,1,0,0,0,0,0,0,0,"- ","- ",39.727401733398438,-121.82890319824219,BUTTE,CHICO,-121.82891082763672,39.727386474609375
9359604,2021,2022-02-09,0402,2021-10-12,0834,P03283,,2,5,5,0402,0,0,0,,0,,"OROVILLE AV","W 9TH ST",128.00,N,N,A,-,Y,BUT,3,32,-,R,9.505,I,6,E,N,1,1,0,2,A,-,11,21954,A,N,G,B,D,A,H,-,A,A,0,Y,,,,Y,,N,60,0,0,0,1,0,0,0,0,0,"- ","- ",,,BUTTE,CHICO,-121.835693359375,39.725093841552734
9361964,2021,2021-12-06,0405,2021-10-26,1523,HAT01,2N,2,5,4,0405,0,0,0,,0,00N,SKYWAY,"BILLIE RD",45.00,S,N,A,-,N,,,,,,,,,,Y,3,0,1,2,A,-,03,22350,,N,C,C,A,A,H,-,A,A,0,,,,,Y,,A,01,0,1,0,0,0,0,0,0,0,"- ","- ",39.770359039306641,-121.61231994628906,BUTTE,PARADISE,-121.61238098144531,39.770229339599609
9362414,2021,2021-12-24,0402,2021-11-13,2147,P01576,,6,5,5,0402,0,0,0,,0,003,"E 20TH ST","C ST",0.00,,Y,E,-,N,,,,,,,,,,N,3,0,1,2,A,-,01,23152,B,N,D,C,A,B,H,-,C,A,0,,,,,Y,Y,D,22,0,1,0,0,0,0,0,0,0,"- ","- ",,,BUTTE,CHICO,-121.81820678710938,39.72393798828125
9362418,2021,2021-12-16,0402,2021-11-07,0804,P03880,CPD,7,5,5,0402,0,0,0,,0,006,ESPLANADE,"E 3RD AV",0.00,,Y,A,-,N,,,,,,,,,,Y,4,0,1,2,A,-,12,21453,A,N,D,C,A,A,H,-,A,A,0,,,,,Y,,A,08,0,0,1,0,0,0,0,0,0,"- ","- ",,,BUTTE,CHICO,-121.84716796875,39.739978790283203
9362521,2021,2021-12-14,0404,2021-10-18,1556,702,W,1,5,3,0404,0,0,0,,0,00W,"OROVILLE DAM BL EAST","5TH AV",0.00,,Y,A,-,N,,,162,,,,,,,N,3,0,1,2,A,-,12,21453,,N,D,C,A,A,A,-,A,A,0,,,,,Y,,A,01,0,1,0,0,0,0,0,0,0,"- ","- ",39.499759674072266,-121.56522369384766,BUTTE,OROVILLE,-121.56521606445312,39.499759674072266
9363361,2021,2021-12-06,0404,2021-10-10,1633,700,TH,7,5,3,0404,0,0,0,,0,0TH,"OROVILLE DAM BL W","LARKIN RD",0.00,,Y,A,-,N,,,,,,,,,,Y,2,0,1,3,A,-,01,23153,A,N,A,C,A,A,H,-,A,D,0,,,,,Y,Y,A,01,1,0,0,0,0,0,0,0,0,"- ","- ",39.498058319091797,-121.60917663574219,BUTTE,OROVILLE,-121.60913848876953,39.498065948486328
9367144,2021,2021-12-03,0403,2021-10-26,1816,P217,G,2,5,2,0403,0,0,0,,0,,"RT 99","CHERRY ST",236.00,S,N,A,-,Y,BUT,3,99,-,R,3.930,H,-,N,N,3,0,1,2,A,-,09,21804,A,N,D,C,A,A,H,-,B,D,0,,,,,Y,,A,01,0,1,0,0,0,0,0,0,0,"- ","- ",39.360660552978516,-121.68837738037109,BUTTE,GRIDLEY,-121.68789672851562,39.360393524169922
9367282,2021,2021-12-06,0404,2021-10-08,1508,690,W,5,5,3,0404,0,0,0,,0,00W,"OROVILLE DAM BL E","7TH AV",0.00,,Y,A,-,Y,BUT,3,162,-,-,16.160,H,-,E,Y,4,0,1,2,A,-,08,22107,,N,B,C,A,A,H,-,A,D,0,,,Y,,Y,,C,02,0,0,1,0,0,0,0,0,1,"- ","- ",39.498210906982422,-121.56757354736328,BUTTE,OROVILLE,-121.56931304931641,39.498386383056641
9367363,2021,2021-12-10,0405,2021-10-28,1527,HAT01,3N,4,5,4,0405,0,0,0,,0,00N,"CLARK RD","WAGSTAFF RD",822.00,S,N,A,-,N,,,,,,,,,,Y,4,0,1,2,A,-,09,21804,,N,D,C,A,A,H,-,A,D,0,,,,,Y,,A,01,0,0,1,0,0,0,0,0,0,"- ","- ",39.775379180908203,-121.59052276611328,BUTTE,PARADISE,-121.59229278564453,39.775897979736328
9367364,2021,2021-12-10,0405,2021-10-27,1440,HAT01,6N,3,5,4,0405,0,0,0,,0,00N,"MAXWELL DR","FAIRVIEW DR",423.00,S,N,A,-,N,,,,,,,,,,Y,3,0,1,2,A,-,09,21801,,N,D,C,A,A,H,-,A,D,0,,,,,Y,,-,,0,1,0,0,0,0,0,0,0,"- ","- ",39.761631011962891,-121.61350250244141,BUTTE,PARADISE,-121.61238861083984,39.762416839599609
9367365,2021,2021-12-27,0405,2021-10-27,1159,HAT01,5S,3,5,4,0405,0,0,0,,0,00S,SKYWAY,"BIRCH ST",81.00,N,N,A,-,N,,,,,,,,,,Y,3,0,2,2,A,-,03,22350,,N,C,C,A,A,H,-,C,A,0,,,,,Y,,A,01,0,2,0,0,0,0,0,0,0,"- ","- ",39.754920959472656,-121.62753295898438,BUTTE,PARADISE,-121.627685546875,39.754840850830078
9367519,2021,2021-12-21,0402,2021-11-13,1843,0493,,6,5,5,0402,0,0,0,,0,003,"E 14TH ST","PARK AV",0.00,,Y,A,-,N,,,,,,,,,,Y,3,0,2,2,A,-,08,22107,,N,D,C,A,A,H,-,C,A,0,,,,,Y,,-,,0,1,1,0,0,0,0,0,0,"- ","- ",,,BUTTE,CHICO,-121.82914733886719,39.722560882568359
9367520,2021,2022-03-18,0402,2021-11-08,0010,68,0402,1,5,5,0402,0,0,0,,0,005,"E EATON RD","COHASSET RD",0.00,W,N,A,-,N,,,,,,,,,,Y,2,0,1,1,A,-,08,22107,,N,F,I,A,-,H,-,D,-,0,,,,,Y,,A,01,1,0,0,0,0,0,0,0,0,"- ","- ",,,BUTTE,CHICO,-121.84375,39.775959014892578
9368143,2021,2021-12-28,0402,2021-11-15,1434,P01763,,1,5,5,0402,0,0,0,,0,001,"WEST 1ST AV","CITRUS AV",0.00,,Y,A,-,N,,,,,,,,,,Y,4,0,7,4,A,-,03,22350,,N,C,C,A,A,H,-,A,D,0,,,,,Y,,A,01,0,0,7,0,0,0,0,0,0,"- ","- ",,,BUTTE,CHICO,-121.85038757324219,39.735790252685547
9368145,2021,2021-12-28,0402,2021-11-11,1555,1286,0402,4,5,5,0402,0,0,0,,0,005,"EAST AV","EAST AV 757 NORTH PKLT ENT",0.00,,-,A,-,N,,,,,,,,,,N,3,0,1,2,A,-,09,21801,A,N,G,G,A,A,H,-,-,D,0,,Y,,,Y,,A,07,0,1,0,0,0,0,1,0,0,"- ","- ",,,BUTTE,CHICO,,
9368831,2021,2021-12-14,0404,2021-10-31,1106,703,SS,7,5,3,0404,0,0,0,,0,0SS,"C ST","MYERS ST",0.00,,Y,A,-,N,,,,,,,,,,Y,2,0,1,2,A,-,09,21801,,N,A,C,A,A,H,-,A,D,0,,,,,Y,,A,01,1,0,0,0,0,0,0,0,0,"- ","- ",39.497940063476562,-121.54882049560547,BUTTE,OROVILLE,-121.54882049560547,39.497947692871094
9370097,2021,2022-01-05,0402,2021-10-15,1512,P01277,35,5,5,5,0402,0,0,0,,0,006,"COHASSET RD",ESPLANADE,780.00,E,N,A,-,N,,,,,,,,,,N,2,0,1,2,A,-,09,21804,A,N,G,G,A,A,H,-,A,A,0,,Y,,,Y,,L,04,1,0,0,0,0,0,1,0,0,"- ","- ",,,BUTTE,CHICO,-121.85311126708984,39.751838684082031
9374077,2021,2021-12-28,0403,2021-11-08,1014,P211,,1,5,2,0403,0,0,0,,0,,"SYCAMORE ST","JACKSON ST",15.00,W,N,A,-,N,,,,,,,,,,Y,3,0,2,2,A,-,09,21804,A,N,D,C,A,A,H,-,A,A,0,,,,,Y,,A,01,0,1,1,0,0,0,0,0,0,"- ","- ",39.3643798828125,-121.69291687011719,BUTTE,GRIDLEY,-121.69297790527344,39.364395141601562
9375899,2021,2022-01-06,0402,2021-11-02,1339,P03283,,2,5,5,0402,0,0,0,,0,,"E 20TH ST","RT 99",0.00,,Y,A,-,Y,BUT,3,99,-,R,31.677,R,4,N,Y,3,0,2,2,A,-,12,21453,A,N,D,C,A,A,H,-,A,A,0,,,,,Y,,D,22,0,1,1,0,0,0,0,0,0,"- ",NO,,,BUTTE,CHICO,-121.81079864501953,39.728328704833984
9377306,2021,2021-12-31,0403,2021-11-13,2015,P74,G,6,5,2,0403,0,0,0,,0,,"RANDOLPH AV","SYCAMORE ST",104.00,S,N,A,-,N,,,,,,,,,,Y,3,0,1,1,A,-,05,21650,,N,E,I,A,A,H,-,C,D,0,,,,Y,Y,Y,F,26,0,1,0,0,0,0,0,0,0,"- ","- ",,,BUTTE,GRIDLEY,-121.71022033691406,39.362743377685547
9377847,2021,2022-01-13,0404,2021-12-17,0832,699,W,5,5,3,0404,0,0,0,,0,00W,"LINCOLN ST",MITCHELL,0.00,,Y,A,-,N,,,,,,,,,,Y,3,0,2,2,A,-,12,21453,,N,D,C,A,A,H,-,A,A,0,,,,,Y,,A,01,0,2,0,0,0,0,0,0,0,"- ","- ",39.506111145019531,-121.55354309082031,BUTTE,OROVILLE,-121.55355072021484,39.506130218505859
9377984,2021,2022-02-03,0404,2021-12-09,0757,732,E,4,5,3,0404,0,0,0,,0,00E,"TABLE MOUNTAIN BL","MONTGOMERY ST",170.00,N,N,B,-,N,,,,,,,,,,Y,4,0,2,3,A,-,03,22350,,N,D,C,A,B,-,-,A,D,0,,,,,Y,,A,07,0,0,2,0,0,0,0,0,0,"- ","- ",39.5166015625,-121.54953002929688,BUTTE,OROVILLE,-121.54956817626953,39.516201019287109
9377985,2021,2022-01-14,0404,2021-12-09,1631,699,E,4,5,3,0404,0,0,0,,0,00E,"OLIVE HWY","FOOTHILL BL",0.00,,Y,A,-,N,,,162,,,,,,,Y,2,0,3,2,A,-,03,22350,,N,C,C,A,A,H,-,B,D,0,,,,,Y,,-,,1,0,2,0,0,0,0,0,0,"- ","- ",39.503368377685547,-121.5284423828125,BUTTE,OROVILLE,-121.52828979492188,39.503078460693359
9380172,2021,2022-01-12,0405,2021-12-22,1719,AK101,10S,3,5,4,0405,0,0,0,,0,00S,SKYWAY,"PRINCETON WY",0.00,,Y,C,E,N,,,,,,,,,,Y,3,0,2,2,A,-,03,22350,,N,C,C,A,B,B,D,D,D,0,,,,,Y,,A,01,0,2,0,0,0,0,0,0,0,"- ","- ",39.746971130371094,-121.64380645751953,BUTTE,PARADISE,-121.64387512207031,39.746402740478516
9382466,2021,2021-12-31,0404,2021-11-12,1838,724,SS,5,5,3,0404,0,0,0,,0,0SS,"OROVILLE BL HWY",ITHACA,288.00,N,N,E,-,N,,,,,,,,,,Y,3,0,1,2,A,-,12,22450,A,N,B,C,A,B,H,-,D,D,0,,,Y,,Y,,C,06,0,1,0,0,0,0,0,0,1,"- ","- ",39.493980407714844,-121.54522705078125,BUTTE,OROVILLE,,
9382481,2021,2021-12-31,0404,2021-11-16,1733,714,E,2,5,3,0404,0,0,0,,0,00E,"OROVILLE DAM BL EAST","LINCOLN ST",0.00,,Y,A,-,N,,,162,,,,,,,N,2,0,1,3,A,-,05,21650,1,N,A,C,A,A,H,-,C,D,0,,Y,,,Y,Y,-,,1,0,0,0,0,0,1,0,0,"- ","- ",39.503200531005859,-121.55381774902344,BUTTE,OROVILLE,-121.55386352539062,39.503334045410156
9382518,2021,2021-12-30,0402,2021-11-16,1449,P03283,,2,5,5,0402,0,0,0,,0,,"NORD AV","WEST 8TH AV",650.00,S,N,A,-,Y,BUT,3,32,-,-,6.990,H,-,E,Y,4,0,1,3,A,-,03,22350,,N,C,C,A,A,-,-,A,A,0,,,,,Y,,D,22,0,0,1,0,0,0,0,0,0,"- ","- ",,,BUTTE,CHICO,-121.87109375,39.736835479736328
9382620,2021,2022-01-05,0402,2021-12-04,1601,P0190394,CPD,6,5,5,0402,0,0,0,,0,001,"W SACRAMENTO AV","MECHOOPDA ST",0.00,,Y,A,-,N,,,,,,,,,,Y,3,0,1,2,A,-,04,21703,,N,C,C,A,A,H,-,A,D,0,,,,,Y,,A,01,0,1,0,0,0,0,0,0,0,"- ","- ",39.455879211425781,-121.51133728027344,BUTTE,CHICO,-121.85275268554688,39.733432769775391
9382627,2021,2022-03-10,0402,2021-10-30,0131,9314137,,6,5,5,0402,0,0,0,,0,002,"W 2ND ST","CHERRY ST",2.00,E,N,-,-,N,,,,,,,,,,N,2,0,1,2,A,-,10,21950,C,F,G,B,B,-,H,-,C,A,0,Y,,,,Y,,-,99,1,0,0,0,1,0,0,0,0,"- ","- ",,,BUTTE,CHICO,-121.84685516357422,39.725994110107422
9382630,2021,2021-12-23,0404,2021-10-21,1340,699,W,4,5,3,0404,0,0,0,,0,00W,"FEATHER RIVER BL","FEATHER RIVER BL 2010",0.00,,N,A,B,N,,,,,,,,,,N,3,0,1,2,A,-,01,23152,,N,C,C,A,A,H,-,A,D,0,,,,,Y,,-,,0,1,0,0,0,0,0,0,0,"- ","- ",39.514778137207031,-121.55816650390625,BUTTE,OROVILLE,,
9382660,2021,2021-12-31,0402,2021-11-14,0946,806,0402,7,5,5,0402,0,0,0,,0,001,"W 5TH ST","HAZEL ST",0.00,,Y,B,-,N,,,,,,,,,,Y,4,0,1,2,A,-,01,23152,,N,D,C,A,A,H,-,A,A,0,,,,,Y,Y,A,01,0,0,1,0,0,0,0,0,0,"- ","- ",,,BUTTE,CHICO,-121.84265899658203,39.725162506103516
9382673,2021,2021-12-24,0402,2021-11-15,1751,1286,0402,1,5,5,0402,0,0,0,,0,004,"FOREST AV","SPRINGFIELD DR",0.00,,Y,A,-,N,,,,,,,,,,Y,4,0,2,2,A,-,09,21801,A,N,D,C,A,A,H,-,C,A,0,,,,,Y,,A,01,0,0,2,0,0,0,0,0,0,"- ","- ",,,BUTTE,CHICO,-121.80207061767578,39.734809875488281
9382675,2021,2021-12-24,0402,2021-11-27,1721,P01903,CPD,6,5,5,0402,0,0,0,,0,005,"NEAL DOW AV","E 1ST ST",0.00,,Y,A,-,N,,,,,,,,,,,3,0,2,2,A,-,17,21451,A,N,A,C,A,A,H,-,C,A,0,,,,,Y,,A,01,0,2,0,0,0,0,0,0,0,"- ","- ",39.444789886474609,-121.49475860595703,BUTTE,CHICO,-121.82985687255859,39.746662139892578
9382676,2021,2022-02-03,0402,2021-11-28,1716,69,,7,5,5,0402,0,0,0,,0,001,"NORD AV","STEWART AV",0.00,,Y,A,-,N,,,,,,,,,,Y,4,0,1,2,A,-,04,21703,,N,C,C,A,A,H,-,C,D,0,,,,,Y,,-,,0,0,1,0,0,0,0,0,0,"- ","- ",,,BUTTE,CHICO,-121.85263824462891,39.726890563964844
9382678,2021,2021-12-24,0402,2021-11-30,0036,1973,,2,5,5,0402,0,0,0,,0,004,"E 8TH ST","FOREST AV",0.00,,Y,A,-,N,,,,,,,,,,N,3,0,1,1,A,-,03,22350,,N,A,I,A,A,H,-,D,A,0,,,,,Y,Y,A,07,0,1,0,0,0,0,0,0,0,"- ","- ",,,BUTTE,CHICO,-121.80593872070312,39.746158599853516
9384705,2021,2022-01-20,0402,2021-12-12,1912,23,0402,7,5,5,0402,0,0,0,,0,006,"EAST LASSEN AV","E LASSEN AV 286",0.00,,Y,C,-,N,,,,,,,,,,N,4,0,1,2,A,-,06,21760,A,F,B,G,A,B,-,-,D,D,0,,Y,,,Y,,D,22,0,0,1,0,0,0,1,0,0,"- ","- ",,,BUTTE,CHICO,-121.86565399169922,39.761009216308594
9385038,2021,2022-01-14,0404,2021-12-12,1238,690,W,7,5,3,0404,0,0,0,,0,00W,"GEORGIA PACIFIC WY",BAGGETT-MARYSVILLE,0.00,,Y,C,-,N,,,,,,,,,,Y,4,0,1,2,A,-,03,22350,,N,A,D,A,B,F,-,A,D,0,,,,,Y,,A,01,0,0,1,0,0,0,0,0,0,"- ","- ",39.474849700927734,-121.55728149414062,BUTTE,OROVILLE,-121.55724334716797,39.474845886230469
9385999,2021,2022-01-19,0402,2021-11-29,1400,0501,0402,1,5,5,0402,0,0,0,,0,004,"HUMBOLDT RD","BRUCE RD",0.00,,Y,A,-,N,,,,,,,,,,Y,4,0,1,2,A,-,09,21453,C,N,A,C,A,A,H,-,A,A,0,,,,,Y,,D,22,0,0,1,0,0,0,0,0,0,"- ","- ",,,BUTTE,CHICO,-121.78767395019531,39.738727569580078
9386000,2021,2022-02-03,0402,2021-12-12,1346,0501,0402,7,5,5,0402,0,0,0,,0,002,"W 3RD ST","WALNUT ST",0.00,,Y,C,-,N,,,,,,,,,,Y,4,0,1,2,A,-,12,21453,A,N,B,C,A,B,H,-,A,A,0,,,,,Y,,-,,0,0,1,0,0,0,0,0,0,"- ","- ",,,BUTTE,CHICO,-121.84886932373047,39.723354339599609
9386811,2021,2022-01-12,0402,2021-12-05,1613,95/3942,0402,7,5,5,0402,0,0,0,,0,1/2,"W 9TH ST",BROADWAY,0.00,,Y,A,-,N,,,32,,,,,,,Y,4,0,1,2,A,-,00,23153,E,N,D,C,A,A,H,-,A,A,0,,,,,Y,,-,,0,0,1,0,0,0,0,0,0,"- ","- ",39.724998474121094,-121.83489990234375,BUTTE,CHICO,-121.83515930175781,39.725440979003906
9389694,2021,2022-01-18,0402,2021-12-20,2003,58,0402,1,5,5,0402,0,0,0,,0,004,"FOREST AV","N 20TH ST",495.00,N,N,A,-,N,,,,,,,,,,N,2,0,1,2,A,-,03,22350,,N,G,B,D,A,H,-,C,D,0,Y,,,,Y,,A,01,1,0,0,0,1,0,0,0,0,"- ","- ",,,BUTTE,CHICO,-121.80149841308594,39.7286376953125
9390219,2021,2022-01-21,0402,2021-12-09,1627,1240,,4,5,5,0402,0,0,0,,0,004,"FOREST AV","SPRINGFIELD DR",0.00,,Y,A,-,N,,,,,,,,,,Y,4,0,1,2,A,-,12,21453,A,N,D,C,A,A,H,-,B,A,0,,,,,Y,,A,01,0,0,1,0,0,0,0,0,0,"- ","- ",,,BUTTE,CHICO,-121.80207061767578,39.734809875488281
9391867,2021,2022-02-11,0403,2021-12-13,1836,P204,G,1,5,2,0403,0,0,0,,0,,"RT 99","OBERMEYER AV",629.00,S,N,C,-,Y,BUT,3,99,-,R,3.380,H,-,N,Y,1,1,0,2,A,-,11,21954,A,N,G,B,D,B,H,-,C,D,0,Y,,,,Y,,N,60,0,0,0,1,0,0,0,0,0,"- ","- ",39.352241516113281,-121.68788146972656,BUTTE,GRIDLEY,-121.68788909912109,39.352455139160156
9396216,2021,2022-02-04,0404,2021-12-29,2110,714,W,3,5,3,0404,0,0,0,,0,00W,"BAGGETT MARYSVILLE RD","OPHIR RD",206.00,N,N,A,-,N,,,,,,,,,,Y,3,0,1,1,A,-,01,23152,A,N,F,A,A,B,H,-,C,D,0,,,,,Y,Y,A,01,0,1,0,0,0,0,0,0,0,"- ","- ",,,BUTTE,OROVILLE,-121.56786346435547,39.466056823730469
9406137,2021,2022-02-16,0402,2021-12-28,1554,P03283,,2,5,5,0402,0,0,0,,0,,"EAST AV","COHASSET RD",225.00,E,N,B,-,N,,,,,,,,,,N,3,0,1,2,A,-,09,21804,A,N,B,C,A,B,H,-,A,D,0,,,Y,,Y,,A,07,0,1,0,0,0,0,0,0,1,"- ","- ",,,BUTTE,CHICO,-121.84266662597656,39.760890960693359
9410175,2021,2022-04-11,0405,2021-12-13,0131,TUC01,6N,1,5,4,0405,0,0,0,,0,00N,"CENTRAL PARK DR","CLARK RD",550.00,W,N,C,G,N,,,,,,,,,,Y,4,0,1,1,A,-,05,21650,,M,E,I,A,B,G,-,D,D,0,,,,,Y,Y,A,08,0,0,1,0,0,0,0,0,0,"- ","- ",39.765609741210938,-121.61712646484375,BUTTE,PARADISE,-121.60415649414062,39.765861511230469
9462895,2021,2022-07-26,0402,2021-12-04,1603,1286,,6,5,5,0402,0,0,0,,0,005,"EAST AV","PILLSBURY RD",0.00,,Y,A,-,N,,,,,,,,,,Y,4,0,1,2,A,-,12,21453,A,N,D,C,A,A,H,-,B,A,0,,,,,Y,,A,01,0,0,1,0,0,0,0,0,0,"- ","- ",,,BUTTE,CHICO,-121.84914398193359,39.760921478271484